ISO-10303-21;
HEADER;
FILE_DESCRIPTION(('FreeCAD Model'),'2;1');
FILE_NAME('Open CASCADE Shape Model','2026-10-08T22:14:54',('Author'),(
    ''),'Open CASCADE STEP processor 7.9','FreeCAD','Unknown');
FILE_SCHEMA(('AUTOMOTIVE_DESIGN { 1 0 10303 214 1 1 1 1 }'));
ENDSEC;
DATA;
#1 = APPLICATION_PROTOCOL_DEFINITION('international standard',
  'automotive_design',2000,#2);
#2 = APPLICATION_CONTEXT(
  'core data for automotive mechanical design processes');
#3 = SHAPE_DEFINITION_REPRESENTATION(#4,#10);
#4 = PRODUCT_DEFINITION_SHAPE('','',#5);
#5 = PRODUCT_DEFINITION('design','',#6,#9);
#6 = PRODUCT_DEFINITION_FORMATION('','',#7);
#7 = PRODUCT('hsi_head_export','hsi_head_export','',(#8));
#8 = PRODUCT_CONTEXT('',#2,'mechanical');
#9 = PRODUCT_DEFINITION_CONTEXT('part definition',#2,'design');
#10 = SHAPE_REPRESENTATION('',(#11,#15,#19,#23,#27,#31,#35,#39,#43,#47,
    #51,#55,#59,#63,#67,#71,#75,#79,#83,#87,#91,#95,#99,#103,#107),#111
  );
#11 = AXIS2_PLACEMENT_3D('',#12,#13,#14);
#12 = CARTESIAN_POINT('',(0.,0.,0.));
#13 = DIRECTION('',(0.,0.,1.));
#14 = DIRECTION('',(1.,0.,-0.));
#15 = AXIS2_PLACEMENT_3D('',#16,#17,#18);
#16 = CARTESIAN_POINT('',(0.,0.,0.));
#17 = DIRECTION('',(0.,0.,1.));
#18 = DIRECTION('',(1.,0.,0.));
#19 = AXIS2_PLACEMENT_3D('',#20,#21,#22);
#20 = CARTESIAN_POINT('',(0.,0.,0.));
#21 = DIRECTION('',(0.,0.,1.));
#22 = DIRECTION('',(1.,0.,0.));
#23 = AXIS2_PLACEMENT_3D('',#24,#25,#26);
#24 = CARTESIAN_POINT('',(0.,0.,0.));
#25 = DIRECTION('',(0.,0.,1.));
#26 = DIRECTION('',(1.,0.,0.));
#27 = AXIS2_PLACEMENT_3D('',#28,#29,#30);
#28 = CARTESIAN_POINT('',(0.,0.,0.));
#29 = DIRECTION('',(0.,0.,1.));
#30 = DIRECTION('',(1.,0.,0.));
#31 = AXIS2_PLACEMENT_3D('',#32,#33,#34);
#32 = CARTESIAN_POINT('',(0.,0.,0.));
#33 = DIRECTION('',(0.,0.,1.));
#34 = DIRECTION('',(1.,0.,0.));
#35 = AXIS2_PLACEMENT_3D('',#36,#37,#38);
#36 = CARTESIAN_POINT('',(0.,0.,0.));
#37 = DIRECTION('',(0.,0.,1.));
#38 = DIRECTION('',(1.,0.,0.));
#39 = AXIS2_PLACEMENT_3D('',#40,#41,#42);
#40 = CARTESIAN_POINT('',(0.,0.,0.));
#41 = DIRECTION('',(0.,0.,1.));
#42 = DIRECTION('',(1.,0.,0.));
#43 = AXIS2_PLACEMENT_3D('',#44,#45,#46);
#44 = CARTESIAN_POINT('',(0.,0.,0.));
#45 = DIRECTION('',(0.,0.,1.));
#46 = DIRECTION('',(1.,0.,0.));
#47 = AXIS2_PLACEMENT_3D('',#48,#49,#50);
#48 = CARTESIAN_POINT('',(0.,0.,0.));
#49 = DIRECTION('',(0.,0.,1.));
#50 = DIRECTION('',(1.,0.,0.));
#51 = AXIS2_PLACEMENT_3D('',#52,#53,#54);
#52 = CARTESIAN_POINT('',(0.,0.,0.));
#53 = DIRECTION('',(0.,0.,1.));
#54 = DIRECTION('',(1.,0.,0.));
#55 = AXIS2_PLACEMENT_3D('',#56,#57,#58);
#56 = CARTESIAN_POINT('',(0.,0.,0.));
#57 = DIRECTION('',(0.,0.,1.));
#58 = DIRECTION('',(1.,0.,0.));
#59 = AXIS2_PLACEMENT_3D('',#60,#61,#62);
#60 = CARTESIAN_POINT('',(0.,0.,0.));
#61 = DIRECTION('',(0.,0.,1.));
#62 = DIRECTION('',(1.,0.,0.));
#63 = AXIS2_PLACEMENT_3D('',#64,#65,#66);
#64 = CARTESIAN_POINT('',(0.,0.,0.));
#65 = DIRECTION('',(0.,0.,1.));
#66 = DIRECTION('',(1.,0.,0.));
#67 = AXIS2_PLACEMENT_3D('',#68,#69,#70);
#68 = CARTESIAN_POINT('',(0.,0.,0.));
#69 = DIRECTION('',(0.,0.,1.));
#70 = DIRECTION('',(1.,0.,0.));
#71 = AXIS2_PLACEMENT_3D('',#72,#73,#74);
#72 = CARTESIAN_POINT('',(0.,0.,0.));
#73 = DIRECTION('',(0.,0.,1.));
#74 = DIRECTION('',(1.,0.,0.));
#75 = AXIS2_PLACEMENT_3D('',#76,#77,#78);
#76 = CARTESIAN_POINT('',(0.,0.,0.));
#77 = DIRECTION('',(0.,0.,1.));
#78 = DIRECTION('',(1.,0.,0.));
#79 = AXIS2_PLACEMENT_3D('',#80,#81,#82);
#80 = CARTESIAN_POINT('',(0.,0.,0.));
#81 = DIRECTION('',(0.,0.,1.));
#82 = DIRECTION('',(1.,0.,0.));
#83 = AXIS2_PLACEMENT_3D('',#84,#85,#86);
#84 = CARTESIAN_POINT('',(0.,0.,0.));
#85 = DIRECTION('',(0.,0.,1.));
#86 = DIRECTION('',(1.,0.,0.));
#87 = AXIS2_PLACEMENT_3D('',#88,#89,#90);
#88 = CARTESIAN_POINT('',(0.,0.,0.));
#89 = DIRECTION('',(0.,0.,1.));
#90 = DIRECTION('',(1.,0.,0.));
#91 = AXIS2_PLACEMENT_3D('',#92,#93,#94);
#92 = CARTESIAN_POINT('',(0.,0.,0.));
#93 = DIRECTION('',(0.,0.,1.));
#94 = DIRECTION('',(1.,0.,0.));
#95 = AXIS2_PLACEMENT_3D('',#96,#97,#98);
#96 = CARTESIAN_POINT('',(0.,0.,0.));
#97 = DIRECTION('',(0.,0.,1.));
#98 = DIRECTION('',(1.,0.,0.));
#99 = AXIS2_PLACEMENT_3D('',#100,#101,#102);
#100 = CARTESIAN_POINT('',(0.,0.,0.));
#101 = DIRECTION('',(0.,0.,1.));
#102 = DIRECTION('',(1.,0.,0.));
#103 = AXIS2_PLACEMENT_3D('',#104,#105,#106);
#104 = CARTESIAN_POINT('',(0.,0.,0.));
#105 = DIRECTION('',(0.,0.,1.));
#106 = DIRECTION('',(1.,0.,0.));
#107 = AXIS2_PLACEMENT_3D('',#108,#109,#110);
#108 = CARTESIAN_POINT('',(0.,0.,0.));
#109 = DIRECTION('',(0.,0.,1.));
#110 = DIRECTION('',(1.,0.,0.));
#111 = ( GEOMETRIC_REPRESENTATION_CONTEXT(3) 
GLOBAL_UNCERTAINTY_ASSIGNED_CONTEXT((#115)) GLOBAL_UNIT_ASSIGNED_CONTEXT
((#112,#113,#114)) REPRESENTATION_CONTEXT('Context #1',
  '3D Context with UNIT and UNCERTAINTY') );
#112 = ( LENGTH_UNIT() NAMED_UNIT(*) SI_UNIT(.MILLI.,.METRE.) );
#113 = ( NAMED_UNIT(*) PLANE_ANGLE_UNIT() SI_UNIT($,.RADIAN.) );
#114 = ( NAMED_UNIT(*) SI_UNIT($,.STERADIAN.) SOLID_ANGLE_UNIT() );
#115 = UNCERTAINTY_MEASURE_WITH_UNIT(LENGTH_MEASURE(5.E-05),#112,
  'distance_accuracy_value','confusion accuracy');
#116 = PRODUCT_RELATED_PRODUCT_CATEGORY('part',$,(#7));
#117 = SHAPE_DEFINITION_REPRESENTATION(#118,#124);
#118 = PRODUCT_DEFINITION_SHAPE('','',#119);
#119 = PRODUCT_DEFINITION('design','',#120,#123);
#120 = PRODUCT_DEFINITION_FORMATION('','',#121);
#121 = PRODUCT('Housing (printed)','Housing (printed)','',(#122));
#122 = PRODUCT_CONTEXT('',#2,'mechanical');
#123 = PRODUCT_DEFINITION_CONTEXT('part definition',#2,'design');
#124 = ADVANCED_BREP_SHAPE_REPRESENTATION('',(#11,#125),#4398);
#125 = MANIFOLD_SOLID_BREP('',#126);
#126 = CLOSED_SHELL('',(#127,#167,#198,#254,#766,#838,#850,#874,#898,
    #915,#939,#1018,#1076,#1100,#1134,#1158,#1175,#1192,#1227,#1251,
    #1330,#1354,#1433,#1457,#1504,#1528,#1575,#1599,#1646,#1670,#1717,
    #1741,#1831,#1910,#1938,#1985,#2009,#2049,#2082,#2223,#2251,#2268,
    #2285,#2302,#2319,#2336,#2353,#2370,#2395,#2420,#2445,#2470,#2487,
    #2504,#2521,#2538,#2550,#2631,#2662,#2694,#2718,#2743,#2755,#2772,
    #2789,#2806,#2823,#2835,#2847,#2859,#2871,#2883,#2895,#2919,#2943,
    #2960,#3068,#3093,#3121,#3132,#3151,#3180,#3201,#3260,#3271,#3296,
    #3321,#3352,#3385,#3409,#3426,#3451,#3476,#3485,#3494,#3532,#3549,
    #3582,#3606,#3630,#3654,#3678,#3695,#3711,#3742,#3766,#3790,#3807,
    #3824,#3849,#3874,#3899,#3924,#3944,#3964,#3984,#4004,#4020,#4032,
    #4052,#4072,#4092,#4112,#4137,#4162,#4187,#4212,#4237,#4262,#4287,
    #4312,#4321,#4330,#4339,#4348,#4357,#4366,#4375,#4384));
#127 = ADVANCED_FACE('',(#128),#162,.F.);
#128 = FACE_BOUND('',#129,.F.);
#129 = EDGE_LOOP('',(#130,#140,#148,#156));
#130 = ORIENTED_EDGE('',*,*,#131,.F.);
#131 = EDGE_CURVE('',#132,#134,#136,.T.);
#132 = VERTEX_POINT('',#133);
#133 = CARTESIAN_POINT('',(13.5,15.720458146424,61.870458146424));
#134 = VERTEX_POINT('',#135);
#135 = CARTESIAN_POINT('',(13.5,15.720458146424,65.370458146424));
#136 = LINE('',#137,#138);
#137 = CARTESIAN_POINT('',(13.5,15.720458146424,12.));
#138 = VECTOR('',#139,1.);
#139 = DIRECTION('',(0.,0.,1.));
#140 = ORIENTED_EDGE('',*,*,#141,.F.);
#141 = EDGE_CURVE('',#142,#132,#144,.T.);
#142 = VERTEX_POINT('',#143);
#143 = CARTESIAN_POINT('',(-13.5,15.720458146424,61.870458146424));
#144 = LINE('',#145,#146);
#145 = CARTESIAN_POINT('',(-14.,15.720458146424,61.870458146424));
#146 = VECTOR('',#147,1.);
#147 = DIRECTION('',(1.,0.,0.));
#148 = ORIENTED_EDGE('',*,*,#149,.F.);
#149 = EDGE_CURVE('',#150,#142,#152,.T.);
#150 = VERTEX_POINT('',#151);
#151 = CARTESIAN_POINT('',(-13.5,15.720458146424,65.370458146424));
#152 = LINE('',#153,#154);
#153 = CARTESIAN_POINT('',(-13.5,15.720458146424,38.720385149226));
#154 = VECTOR('',#155,1.);
#155 = DIRECTION('',(0.,0.,-1.));
#156 = ORIENTED_EDGE('',*,*,#157,.T.);
#157 = EDGE_CURVE('',#150,#134,#158,.T.);
#158 = LINE('',#159,#160);
#159 = CARTESIAN_POINT('',(11.9,15.720458146424,65.370458146424));
#160 = VECTOR('',#161,1.);
#161 = DIRECTION('',(1.,0.,0.));
#162 = PLANE('',#163);
#163 = AXIS2_PLACEMENT_3D('',#164,#165,#166);
#164 = CARTESIAN_POINT('',(-14.5,15.720458146424,12.));
#165 = DIRECTION('',(0.,1.,0.));
#166 = DIRECTION('',(0.,0.,1.));
#167 = ADVANCED_FACE('',(#168),#193,.F.);
#168 = FACE_BOUND('',#169,.F.);
#169 = EDGE_LOOP('',(#170,#180,#186,#187));
#170 = ORIENTED_EDGE('',*,*,#171,.F.);
#171 = EDGE_CURVE('',#172,#174,#176,.T.);
#172 = VERTEX_POINT('',#173);
#173 = CARTESIAN_POINT('',(13.5,-17.97954185357,61.870458146424));
#174 = VERTEX_POINT('',#175);
#175 = CARTESIAN_POINT('',(13.5,-17.97954185357,65.370458146424));
#176 = LINE('',#177,#178);
#177 = CARTESIAN_POINT('',(13.5,-17.97954185357,12.));
#178 = VECTOR('',#179,1.);
#179 = DIRECTION('',(0.,0.,1.));
#180 = ORIENTED_EDGE('',*,*,#181,.T.);
#181 = EDGE_CURVE('',#172,#132,#182,.T.);
#182 = LINE('',#183,#184);
#183 = CARTESIAN_POINT('',(13.5,14.120458146424,61.870458146424));
#184 = VECTOR('',#185,1.);
#185 = DIRECTION('',(0.,1.,0.));
#186 = ORIENTED_EDGE('',*,*,#131,.T.);
#187 = ORIENTED_EDGE('',*,*,#188,.F.);
#188 = EDGE_CURVE('',#174,#134,#189,.T.);
#189 = LINE('',#190,#191);
#190 = CARTESIAN_POINT('',(13.5,-17.98954185357,65.370458146424));
#191 = VECTOR('',#192,1.);
#192 = DIRECTION('',(0.,1.,0.));
#193 = PLANE('',#194);
#194 = AXIS2_PLACEMENT_3D('',#195,#196,#197);
#195 = CARTESIAN_POINT('',(13.5,-0.341334079327,67.740482604936));
#196 = DIRECTION('',(1.,0.,0.));
#197 = DIRECTION('',(0.,0.,1.));
#198 = ADVANCED_FACE('',(#199),#249,.T.);
#199 = FACE_BOUND('',#200,.T.);
#200 = EDGE_LOOP('',(#201,#202,#203,#211,#219,#227,#235,#243));
#201 = ORIENTED_EDGE('',*,*,#157,.T.);
#202 = ORIENTED_EDGE('',*,*,#188,.F.);
#203 = ORIENTED_EDGE('',*,*,#204,.F.);
#204 = EDGE_CURVE('',#205,#174,#207,.T.);
#205 = VERTEX_POINT('',#206);
#206 = CARTESIAN_POINT('',(-13.5,-17.97954185357,65.370458146424));
#207 = LINE('',#208,#209);
#208 = CARTESIAN_POINT('',(-14.,-17.97954185357,65.370458146424));
#209 = VECTOR('',#210,1.);
#210 = DIRECTION('',(1.,0.,0.));
#211 = ORIENTED_EDGE('',*,*,#212,.T.);
#212 = EDGE_CURVE('',#205,#213,#215,.T.);
#213 = VERTEX_POINT('',#214);
#214 = CARTESIAN_POINT('',(-13.5,-16.37954185357,65.370458146424));
#215 = LINE('',#216,#217);
#216 = CARTESIAN_POINT('',(-13.5,-17.98954185357,65.370458146424));
#217 = VECTOR('',#218,1.);
#218 = DIRECTION('',(0.,1.,0.));
#219 = ORIENTED_EDGE('',*,*,#220,.T.);
#220 = EDGE_CURVE('',#213,#221,#223,.T.);
#221 = VERTEX_POINT('',#222);
#222 = CARTESIAN_POINT('',(11.9,-16.37954185357,65.370458146424));
#223 = LINE('',#224,#225);
#224 = CARTESIAN_POINT('',(-13.5,-16.37954185357,65.370458146424));
#225 = VECTOR('',#226,1.);
#226 = DIRECTION('',(1.,0.,0.));
#227 = ORIENTED_EDGE('',*,*,#228,.T.);
#228 = EDGE_CURVE('',#221,#229,#231,.T.);
#229 = VERTEX_POINT('',#230);
#230 = CARTESIAN_POINT('',(11.9,14.120458146424,65.370458146424));
#231 = LINE('',#232,#233);
#232 = CARTESIAN_POINT('',(11.9,-17.97954185357,65.370458146424));
#233 = VECTOR('',#234,1.);
#234 = DIRECTION('',(0.,1.,0.));
#235 = ORIENTED_EDGE('',*,*,#236,.F.);
#236 = EDGE_CURVE('',#237,#229,#239,.T.);
#237 = VERTEX_POINT('',#238);
#238 = CARTESIAN_POINT('',(-13.5,14.120458146424,65.370458146424));
#239 = LINE('',#240,#241);
#240 = CARTESIAN_POINT('',(-13.5,14.120458146424,65.370458146424));
#241 = VECTOR('',#242,1.);
#242 = DIRECTION('',(1.,0.,0.));
#243 = ORIENTED_EDGE('',*,*,#244,.T.);
#244 = EDGE_CURVE('',#237,#150,#245,.T.);
#245 = LINE('',#246,#247);
#246 = CARTESIAN_POINT('',(-13.5,14.120458146424,65.370458146424));
#247 = VECTOR('',#248,1.);
#248 = DIRECTION('',(0.,1.,0.));
#249 = PLANE('',#250);
#250 = AXIS2_PLACEMENT_3D('',#251,#252,#253);
#251 = CARTESIAN_POINT('',(4.262833914053,-1.129541853576,
    65.370458146424));
#252 = DIRECTION('',(-0.,-0.,-1.));
#253 = DIRECTION('',(-1.,0.,0.));
#254 = ADVANCED_FACE('',(#255,#717,#728,#739,#750),#761,.T.);
#255 = FACE_BOUND('',#256,.T.);
#256 = EDGE_LOOP('',(#257,#267,#273,#274,#275,#283,#291,#299,#307,#315,
    #323,#331,#339,#347,#355,#363,#371,#379,#387,#395,#403,#411,#420,
    #429,#437,#445,#453,#461,#469,#477,#485,#494,#503,#511,#519,#527,
    #535,#543,#551,#559,#567,#575,#583,#591,#599,#607,#615,#623,#631,
    #637,#638,#646,#654,#662,#670,#678,#686,#695,#703,#711));
#257 = ORIENTED_EDGE('',*,*,#258,.T.);
#258 = EDGE_CURVE('',#259,#261,#263,.T.);
#259 = VERTEX_POINT('',#260);
#260 = CARTESIAN_POINT('',(-13.5,14.120458146424,60.270458146424));
#261 = VERTEX_POINT('',#262);
#262 = CARTESIAN_POINT('',(-13.5,14.120458146424,61.870458146424));
#263 = LINE('',#264,#265);
#264 = CARTESIAN_POINT('',(-13.5,14.120458146424,60.270458146424));
#265 = VECTOR('',#266,1.);
#266 = DIRECTION('',(0.,0.,1.));
#267 = ORIENTED_EDGE('',*,*,#268,.T.);
#268 = EDGE_CURVE('',#261,#142,#269,.T.);
#269 = LINE('',#270,#271);
#270 = CARTESIAN_POINT('',(-13.5,14.120458146424,61.870458146424));
#271 = VECTOR('',#272,1.);
#272 = DIRECTION('',(0.,1.,0.));
#273 = ORIENTED_EDGE('',*,*,#149,.F.);
#274 = ORIENTED_EDGE('',*,*,#244,.F.);
#275 = ORIENTED_EDGE('',*,*,#276,.T.);
#276 = EDGE_CURVE('',#237,#277,#279,.T.);
#277 = VERTEX_POINT('',#278);
#278 = CARTESIAN_POINT('',(-13.5,14.120458146424,67.780905907619));
#279 = LINE('',#280,#281);
#280 = CARTESIAN_POINT('',(-13.5,14.120458146424,65.370458146424));
#281 = VECTOR('',#282,1.);
#282 = DIRECTION('',(0.,0.,1.));
#283 = ORIENTED_EDGE('',*,*,#284,.T.);
#284 = EDGE_CURVE('',#277,#285,#287,.T.);
#285 = VERTEX_POINT('',#286);
#286 = CARTESIAN_POINT('',(-13.5,15.720458146424,67.780905907619));
#287 = LINE('',#288,#289);
#288 = CARTESIAN_POINT('',(-13.5,14.120458146424,67.780905907619));
#289 = VECTOR('',#290,1.);
#290 = DIRECTION('',(0.,1.,0.));
#291 = ORIENTED_EDGE('',*,*,#292,.F.);
#292 = EDGE_CURVE('',#293,#285,#295,.T.);
#293 = VERTEX_POINT('',#294);
#294 = CARTESIAN_POINT('',(-13.5,15.720458146424,73.280905907619));
#295 = LINE('',#296,#297);
#296 = CARTESIAN_POINT('',(-13.5,15.720458146424,38.720385149226));
#297 = VECTOR('',#298,1.);
#298 = DIRECTION('',(0.,0.,-1.));
#299 = ORIENTED_EDGE('',*,*,#300,.F.);
#300 = EDGE_CURVE('',#301,#293,#303,.T.);
#301 = VERTEX_POINT('',#302);
#302 = CARTESIAN_POINT('',(-13.5,14.120458146424,73.280905907619));
#303 = LINE('',#304,#305);
#304 = CARTESIAN_POINT('',(-13.5,14.120458146424,73.280905907619));
#305 = VECTOR('',#306,1.);
#306 = DIRECTION('',(0.,1.,0.));
#307 = ORIENTED_EDGE('',*,*,#308,.T.);
#308 = EDGE_CURVE('',#301,#309,#311,.T.);
#309 = VERTEX_POINT('',#310);
#310 = CARTESIAN_POINT('',(-13.5,14.120458146424,74.880905907619));
#311 = LINE('',#312,#313);
#312 = CARTESIAN_POINT('',(-13.5,14.120458146424,73.280905907619));
#313 = VECTOR('',#314,1.);
#314 = DIRECTION('',(0.,0.,1.));
#315 = ORIENTED_EDGE('',*,*,#316,.T.);
#316 = EDGE_CURVE('',#309,#317,#319,.T.);
#317 = VERTEX_POINT('',#318);
#318 = CARTESIAN_POINT('',(-13.5,15.720458146424,74.880905907619));
#319 = LINE('',#320,#321);
#320 = CARTESIAN_POINT('',(-13.5,14.120458146424,74.880905907619));
#321 = VECTOR('',#322,1.);
#322 = DIRECTION('',(0.,1.,0.));
#323 = ORIENTED_EDGE('',*,*,#324,.F.);
#324 = EDGE_CURVE('',#325,#317,#327,.T.);
#325 = VERTEX_POINT('',#326);
#326 = CARTESIAN_POINT('',(-13.5,15.720458146424,94.180905907619));
#327 = LINE('',#328,#329);
#328 = CARTESIAN_POINT('',(-13.5,15.720458146424,38.720385149226));
#329 = VECTOR('',#330,1.);
#330 = DIRECTION('',(0.,0.,-1.));
#331 = ORIENTED_EDGE('',*,*,#332,.F.);
#332 = EDGE_CURVE('',#333,#325,#335,.T.);
#333 = VERTEX_POINT('',#334);
#334 = CARTESIAN_POINT('',(-13.5,14.120458146424,94.180905907619));
#335 = LINE('',#336,#337);
#336 = CARTESIAN_POINT('',(-13.5,14.120458146424,94.180905907619));
#337 = VECTOR('',#338,1.);
#338 = DIRECTION('',(0.,1.,0.));
#339 = ORIENTED_EDGE('',*,*,#340,.T.);
#340 = EDGE_CURVE('',#333,#341,#343,.T.);
#341 = VERTEX_POINT('',#342);
#342 = CARTESIAN_POINT('',(-13.5,14.120458146424,95.780905907619));
#343 = LINE('',#344,#345);
#344 = CARTESIAN_POINT('',(-13.5,14.120458146424,94.180905907619));
#345 = VECTOR('',#346,1.);
#346 = DIRECTION('',(0.,0.,1.));
#347 = ORIENTED_EDGE('',*,*,#348,.T.);
#348 = EDGE_CURVE('',#341,#349,#351,.T.);
#349 = VERTEX_POINT('',#350);
#350 = CARTESIAN_POINT('',(-13.5,15.720458146424,95.780905907619));
#351 = LINE('',#352,#353);
#352 = CARTESIAN_POINT('',(-13.5,14.120458146424,95.780905907619));
#353 = VECTOR('',#354,1.);
#354 = DIRECTION('',(0.,1.,0.));
#355 = ORIENTED_EDGE('',*,*,#356,.F.);
#356 = EDGE_CURVE('',#357,#349,#359,.T.);
#357 = VERTEX_POINT('',#358);
#358 = CARTESIAN_POINT('',(-13.5,15.720458146424,99.280905907619));
#359 = LINE('',#360,#361);
#360 = CARTESIAN_POINT('',(-13.5,15.720458146424,38.720385149226));
#361 = VECTOR('',#362,1.);
#362 = DIRECTION('',(0.,0.,-1.));
#363 = ORIENTED_EDGE('',*,*,#364,.F.);
#364 = EDGE_CURVE('',#365,#357,#367,.T.);
#365 = VERTEX_POINT('',#366);
#366 = CARTESIAN_POINT('',(-13.5,14.120458146424,99.280905907619));
#367 = LINE('',#368,#369);
#368 = CARTESIAN_POINT('',(-13.5,14.120458146424,99.280905907619));
#369 = VECTOR('',#370,1.);
#370 = DIRECTION('',(0.,1.,0.));
#371 = ORIENTED_EDGE('',*,*,#372,.T.);
#372 = EDGE_CURVE('',#365,#373,#375,.T.);
#373 = VERTEX_POINT('',#374);
#374 = CARTESIAN_POINT('',(-13.5,14.120458146424,100.88090590761));
#375 = LINE('',#376,#377);
#376 = CARTESIAN_POINT('',(-13.5,14.120458146424,99.280905907619));
#377 = VECTOR('',#378,1.);
#378 = DIRECTION('',(0.,0.,1.));
#379 = ORIENTED_EDGE('',*,*,#380,.T.);
#380 = EDGE_CURVE('',#373,#381,#383,.T.);
#381 = VERTEX_POINT('',#382);
#382 = CARTESIAN_POINT('',(-13.5,15.720458146424,100.88090590761));
#383 = LINE('',#384,#385);
#384 = CARTESIAN_POINT('',(-13.5,14.120458146424,100.88090590761));
#385 = VECTOR('',#386,1.);
#386 = DIRECTION('',(0.,1.,0.));
#387 = ORIENTED_EDGE('',*,*,#388,.F.);
#388 = EDGE_CURVE('',#389,#381,#391,.T.);
#389 = VERTEX_POINT('',#390);
#390 = CARTESIAN_POINT('',(-13.5,15.720458146424,129.13678770638));
#391 = LINE('',#392,#393);
#392 = CARTESIAN_POINT('',(-13.5,15.720458146424,38.720385149226));
#393 = VECTOR('',#394,1.);
#394 = DIRECTION('',(0.,0.,-1.));
#395 = ORIENTED_EDGE('',*,*,#396,.F.);
#396 = EDGE_CURVE('',#397,#389,#399,.T.);
#397 = VERTEX_POINT('',#398);
#398 = CARTESIAN_POINT('',(-13.5,18.220458146424,130.14808750007));
#399 = LINE('',#400,#401);
#400 = CARTESIAN_POINT('',(-13.5,-41.46567306867,106.00385862637));
#401 = VECTOR('',#402,1.);
#402 = DIRECTION('',(0.,-0.927024810887,-0.375));
#403 = ORIENTED_EDGE('',*,*,#404,.F.);
#404 = EDGE_CURVE('',#405,#397,#407,.T.);
#405 = VERTEX_POINT('',#406);
#406 = CARTESIAN_POINT('',(-13.5,18.220458146425,94.385007873868));
#407 = LINE('',#408,#409);
#408 = CARTESIAN_POINT('',(-13.5,18.220458146424,5.2));
#409 = VECTOR('',#410,1.);
#410 = DIRECTION('',(0.,0.,1.));
#411 = ORIENTED_EDGE('',*,*,#412,.F.);
#412 = EDGE_CURVE('',#413,#405,#415,.T.);
#413 = VERTEX_POINT('',#414);
#414 = CARTESIAN_POINT('',(-13.5,19.220458146424,87.530905907619));
#415 = CIRCLE('',#416,3.5);
#416 = AXIS2_PLACEMENT_3D('',#417,#418,#419);
#417 = CARTESIAN_POINT('',(-13.5,19.220458146424,91.030905907619));
#418 = DIRECTION('',(1.,-0.,2.22044604925E-16));
#419 = DIRECTION('',(2.22044604925E-16,0.,-1.));
#420 = ORIENTED_EDGE('',*,*,#421,.F.);
#421 = EDGE_CURVE('',#422,#413,#424,.T.);
#422 = VERTEX_POINT('',#423);
#423 = CARTESIAN_POINT('',(-13.5,18.220458146425,87.676803941369));
#424 = CIRCLE('',#425,3.5);
#425 = AXIS2_PLACEMENT_3D('',#426,#427,#428);
#426 = CARTESIAN_POINT('',(-13.5,19.220458146424,91.030905907619));
#427 = DIRECTION('',(1.,-0.,2.22044604925E-16));
#428 = DIRECTION('',(2.22044604925E-16,0.,-1.));
#429 = ORIENTED_EDGE('',*,*,#430,.F.);
#430 = EDGE_CURVE('',#431,#422,#433,.T.);
#431 = VERTEX_POINT('',#432);
#432 = CARTESIAN_POINT('',(-13.5,18.220458146424,5.2));
#433 = LINE('',#434,#435);
#434 = CARTESIAN_POINT('',(-13.5,18.220458146424,5.2));
#435 = VECTOR('',#436,1.);
#436 = DIRECTION('',(0.,0.,1.));
#437 = ORIENTED_EDGE('',*,*,#438,.F.);
#438 = EDGE_CURVE('',#439,#431,#441,.T.);
#439 = VERTEX_POINT('',#440);
#440 = CARTESIAN_POINT('',(-13.5,8.847913122802,5.2));
#441 = LINE('',#442,#443);
#442 = CARTESIAN_POINT('',(-13.5,-20.47954185357,5.2));
#443 = VECTOR('',#444,1.);
#444 = DIRECTION('',(0.,1.,0.));
#445 = ORIENTED_EDGE('',*,*,#446,.F.);
#446 = EDGE_CURVE('',#447,#439,#449,.T.);
#447 = VERTEX_POINT('',#448);
#448 = CARTESIAN_POINT('',(-13.5,10.731807547159,9.25));
#449 = LINE('',#450,#451);
#450 = CARTESIAN_POINT('',(-13.5,18.557157811955,26.072953644683));
#451 = VECTOR('',#452,1.);
#452 = DIRECTION('',(0.,-0.421762682755,-0.906706258628));
#453 = ORIENTED_EDGE('',*,*,#454,.F.);
#454 = EDGE_CURVE('',#455,#447,#457,.T.);
#455 = VERTEX_POINT('',#456);
#456 = CARTESIAN_POINT('',(-13.5,-10.73180754715,9.25));
#457 = LINE('',#458,#459);
#458 = CARTESIAN_POINT('',(-13.5,-4.524555922928,9.25));
#459 = VECTOR('',#460,1.);
#460 = DIRECTION('',(0.,1.,0.));
#461 = ORIENTED_EDGE('',*,*,#462,.T.);
#462 = EDGE_CURVE('',#455,#463,#465,.T.);
#463 = VERTEX_POINT('',#464);
#464 = CARTESIAN_POINT('',(-13.5,-8.847913122802,5.2));
#465 = LINE('',#466,#467);
#466 = CARTESIAN_POINT('',(-13.5,-18.59377523996,26.151673864624));
#467 = VECTOR('',#468,1.);
#468 = DIRECTION('',(0.,0.421762682755,-0.906706258628));
#469 = ORIENTED_EDGE('',*,*,#470,.F.);
#470 = EDGE_CURVE('',#471,#463,#473,.T.);
#471 = VERTEX_POINT('',#472);
#472 = CARTESIAN_POINT('',(-13.5,-20.47954185357,5.2));
#473 = LINE('',#474,#475);
#474 = CARTESIAN_POINT('',(-13.5,-20.47954185357,5.2));
#475 = VECTOR('',#476,1.);
#476 = DIRECTION('',(0.,1.,0.));
#477 = ORIENTED_EDGE('',*,*,#478,.T.);
#478 = EDGE_CURVE('',#471,#479,#481,.T.);
#479 = VERTEX_POINT('',#480);
#480 = CARTESIAN_POINT('',(-13.5,-20.47954185357,87.676803941369));
#481 = LINE('',#482,#483);
#482 = CARTESIAN_POINT('',(-13.5,-20.47954185357,5.2));
#483 = VECTOR('',#484,1.);
#484 = DIRECTION('',(0.,0.,1.));
#485 = ORIENTED_EDGE('',*,*,#486,.F.);
#486 = EDGE_CURVE('',#487,#479,#489,.T.);
#487 = VERTEX_POINT('',#488);
#488 = CARTESIAN_POINT('',(-13.5,-21.47954185357,87.530905907619));
#489 = CIRCLE('',#490,3.5);
#490 = AXIS2_PLACEMENT_3D('',#491,#492,#493);
#491 = CARTESIAN_POINT('',(-13.5,-21.47954185357,91.030905907619));
#492 = DIRECTION('',(1.,-0.,2.22044604925E-16));
#493 = DIRECTION('',(2.22044604925E-16,0.,-1.));
#494 = ORIENTED_EDGE('',*,*,#495,.F.);
#495 = EDGE_CURVE('',#496,#487,#498,.T.);
#496 = VERTEX_POINT('',#497);
#497 = CARTESIAN_POINT('',(-13.5,-20.47954185357,94.385007873868));
#498 = CIRCLE('',#499,3.5);
#499 = AXIS2_PLACEMENT_3D('',#500,#501,#502);
#500 = CARTESIAN_POINT('',(-13.5,-21.47954185357,91.030905907619));
#501 = DIRECTION('',(1.,-0.,2.22044604925E-16));
#502 = DIRECTION('',(2.22044604925E-16,0.,-1.));
#503 = ORIENTED_EDGE('',*,*,#504,.T.);
#504 = EDGE_CURVE('',#496,#505,#507,.T.);
#505 = VERTEX_POINT('',#506);
#506 = CARTESIAN_POINT('',(-13.5,-20.47954185357,114.49316669368));
#507 = LINE('',#508,#509);
#508 = CARTESIAN_POINT('',(-13.5,-20.47954185357,5.2));
#509 = VECTOR('',#510,1.);
#510 = DIRECTION('',(0.,0.,1.));
#511 = ORIENTED_EDGE('',*,*,#512,.F.);
#512 = EDGE_CURVE('',#513,#505,#515,.T.);
#513 = VERTEX_POINT('',#514);
#514 = CARTESIAN_POINT('',(-13.5,-17.97954185357,115.50446648737));
#515 = LINE('',#516,#517);
#516 = CARTESIAN_POINT('',(-13.5,-41.46567306867,106.00385862637));
#517 = VECTOR('',#518,1.);
#518 = DIRECTION('',(0.,-0.927024810887,-0.375));
#519 = ORIENTED_EDGE('',*,*,#520,.T.);
#520 = EDGE_CURVE('',#513,#521,#523,.T.);
#521 = VERTEX_POINT('',#522);
#522 = CARTESIAN_POINT('',(-13.5,-17.97954185357,100.88090590761));
#523 = LINE('',#524,#525);
#524 = CARTESIAN_POINT('',(-13.5,-17.97954185357,38.720385149226));
#525 = VECTOR('',#526,1.);
#526 = DIRECTION('',(0.,0.,-1.));
#527 = ORIENTED_EDGE('',*,*,#528,.T.);
#528 = EDGE_CURVE('',#521,#529,#531,.T.);
#529 = VERTEX_POINT('',#530);
#530 = CARTESIAN_POINT('',(-13.5,-16.37954185357,100.88090590761));
#531 = LINE('',#532,#533);
#532 = CARTESIAN_POINT('',(-13.5,-17.98954185357,100.88090590761));
#533 = VECTOR('',#534,1.);
#534 = DIRECTION('',(0.,1.,0.));
#535 = ORIENTED_EDGE('',*,*,#536,.F.);
#536 = EDGE_CURVE('',#537,#529,#539,.T.);
#537 = VERTEX_POINT('',#538);
#538 = CARTESIAN_POINT('',(-13.5,-16.37954185357,99.280905907619));
#539 = LINE('',#540,#541);
#540 = CARTESIAN_POINT('',(-13.5,-16.37954185357,99.280905907619));
#541 = VECTOR('',#542,1.);
#542 = DIRECTION('',(0.,0.,1.));
#543 = ORIENTED_EDGE('',*,*,#544,.F.);
#544 = EDGE_CURVE('',#545,#537,#547,.T.);
#545 = VERTEX_POINT('',#546);
#546 = CARTESIAN_POINT('',(-13.5,-17.97954185357,99.280905907619));
#547 = LINE('',#548,#549);
#548 = CARTESIAN_POINT('',(-13.5,-17.98954185357,99.280905907619));
#549 = VECTOR('',#550,1.);
#550 = DIRECTION('',(0.,1.,0.));
#551 = ORIENTED_EDGE('',*,*,#552,.T.);
#552 = EDGE_CURVE('',#545,#553,#555,.T.);
#553 = VERTEX_POINT('',#554);
#554 = CARTESIAN_POINT('',(-13.5,-17.97954185357,95.780905907619));
#555 = LINE('',#556,#557);
#556 = CARTESIAN_POINT('',(-13.5,-17.97954185357,38.720385149226));
#557 = VECTOR('',#558,1.);
#558 = DIRECTION('',(0.,0.,-1.));
#559 = ORIENTED_EDGE('',*,*,#560,.T.);
#560 = EDGE_CURVE('',#553,#561,#563,.T.);
#561 = VERTEX_POINT('',#562);
#562 = CARTESIAN_POINT('',(-13.5,-16.37954185357,95.780905907619));
#563 = LINE('',#564,#565);
#564 = CARTESIAN_POINT('',(-13.5,-17.98954185357,95.780905907619));
#565 = VECTOR('',#566,1.);
#566 = DIRECTION('',(0.,1.,0.));
#567 = ORIENTED_EDGE('',*,*,#568,.F.);
#568 = EDGE_CURVE('',#569,#561,#571,.T.);
#569 = VERTEX_POINT('',#570);
#570 = CARTESIAN_POINT('',(-13.5,-16.37954185357,94.180905907619));
#571 = LINE('',#572,#573);
#572 = CARTESIAN_POINT('',(-13.5,-16.37954185357,94.180905907619));
#573 = VECTOR('',#574,1.);
#574 = DIRECTION('',(0.,0.,1.));
#575 = ORIENTED_EDGE('',*,*,#576,.F.);
#576 = EDGE_CURVE('',#577,#569,#579,.T.);
#577 = VERTEX_POINT('',#578);
#578 = CARTESIAN_POINT('',(-13.5,-17.97954185357,94.180905907619));
#579 = LINE('',#580,#581);
#580 = CARTESIAN_POINT('',(-13.5,-17.98954185357,94.180905907619));
#581 = VECTOR('',#582,1.);
#582 = DIRECTION('',(0.,1.,0.));
#583 = ORIENTED_EDGE('',*,*,#584,.T.);
#584 = EDGE_CURVE('',#577,#585,#587,.T.);
#585 = VERTEX_POINT('',#586);
#586 = CARTESIAN_POINT('',(-13.5,-17.97954185357,74.880905907619));
#587 = LINE('',#588,#589);
#588 = CARTESIAN_POINT('',(-13.5,-17.97954185357,38.720385149226));
#589 = VECTOR('',#590,1.);
#590 = DIRECTION('',(0.,0.,-1.));
#591 = ORIENTED_EDGE('',*,*,#592,.T.);
#592 = EDGE_CURVE('',#585,#593,#595,.T.);
#593 = VERTEX_POINT('',#594);
#594 = CARTESIAN_POINT('',(-13.5,-16.37954185357,74.880905907619));
#595 = LINE('',#596,#597);
#596 = CARTESIAN_POINT('',(-13.5,-17.98954185357,74.880905907619));
#597 = VECTOR('',#598,1.);
#598 = DIRECTION('',(0.,1.,0.));
#599 = ORIENTED_EDGE('',*,*,#600,.F.);
#600 = EDGE_CURVE('',#601,#593,#603,.T.);
#601 = VERTEX_POINT('',#602);
#602 = CARTESIAN_POINT('',(-13.5,-16.37954185357,73.280905907619));
#603 = LINE('',#604,#605);
#604 = CARTESIAN_POINT('',(-13.5,-16.37954185357,73.280905907619));
#605 = VECTOR('',#606,1.);
#606 = DIRECTION('',(0.,0.,1.));
#607 = ORIENTED_EDGE('',*,*,#608,.F.);
#608 = EDGE_CURVE('',#609,#601,#611,.T.);
#609 = VERTEX_POINT('',#610);
#610 = CARTESIAN_POINT('',(-13.5,-17.97954185357,73.280905907619));
#611 = LINE('',#612,#613);
#612 = CARTESIAN_POINT('',(-13.5,-17.98954185357,73.280905907619));
#613 = VECTOR('',#614,1.);
#614 = DIRECTION('',(0.,1.,0.));
#615 = ORIENTED_EDGE('',*,*,#616,.T.);
#616 = EDGE_CURVE('',#609,#617,#619,.T.);
#617 = VERTEX_POINT('',#618);
#618 = CARTESIAN_POINT('',(-13.5,-17.97954185357,67.780905907619));
#619 = LINE('',#620,#621);
#620 = CARTESIAN_POINT('',(-13.5,-17.97954185357,38.720385149226));
#621 = VECTOR('',#622,1.);
#622 = DIRECTION('',(0.,0.,-1.));
#623 = ORIENTED_EDGE('',*,*,#624,.T.);
#624 = EDGE_CURVE('',#617,#625,#627,.T.);
#625 = VERTEX_POINT('',#626);
#626 = CARTESIAN_POINT('',(-13.5,-16.37954185357,67.780905907619));
#627 = LINE('',#628,#629);
#628 = CARTESIAN_POINT('',(-13.5,-17.98954185357,67.780905907619));
#629 = VECTOR('',#630,1.);
#630 = DIRECTION('',(0.,1.,0.));
#631 = ORIENTED_EDGE('',*,*,#632,.F.);
#632 = EDGE_CURVE('',#213,#625,#633,.T.);
#633 = LINE('',#634,#635);
#634 = CARTESIAN_POINT('',(-13.5,-16.37954185357,66.180905907619));
#635 = VECTOR('',#636,1.);
#636 = DIRECTION('',(0.,0.,1.));
#637 = ORIENTED_EDGE('',*,*,#212,.F.);
#638 = ORIENTED_EDGE('',*,*,#639,.T.);
#639 = EDGE_CURVE('',#205,#640,#642,.T.);
#640 = VERTEX_POINT('',#641);
#641 = CARTESIAN_POINT('',(-13.5,-17.97954185357,61.870458146424));
#642 = LINE('',#643,#644);
#643 = CARTESIAN_POINT('',(-13.5,-17.97954185357,38.720385149226));
#644 = VECTOR('',#645,1.);
#645 = DIRECTION('',(0.,0.,-1.));
#646 = ORIENTED_EDGE('',*,*,#647,.T.);
#647 = EDGE_CURVE('',#640,#648,#650,.T.);
#648 = VERTEX_POINT('',#649);
#649 = CARTESIAN_POINT('',(-13.5,-16.37954185357,61.870458146424));
#650 = LINE('',#651,#652);
#651 = CARTESIAN_POINT('',(-13.5,-17.98954185357,61.870458146424));
#652 = VECTOR('',#653,1.);
#653 = DIRECTION('',(0.,1.,0.));
#654 = ORIENTED_EDGE('',*,*,#655,.F.);
#655 = EDGE_CURVE('',#656,#648,#658,.T.);
#656 = VERTEX_POINT('',#657);
#657 = CARTESIAN_POINT('',(-13.5,-16.37954185357,60.270458146424));
#658 = LINE('',#659,#660);
#659 = CARTESIAN_POINT('',(-13.5,-16.37954185357,60.270458146424));
#660 = VECTOR('',#661,1.);
#661 = DIRECTION('',(0.,0.,1.));
#662 = ORIENTED_EDGE('',*,*,#663,.F.);
#663 = EDGE_CURVE('',#664,#656,#666,.T.);
#664 = VERTEX_POINT('',#665);
#665 = CARTESIAN_POINT('',(-13.5,-17.97954185357,60.270458146424));
#666 = LINE('',#667,#668);
#667 = CARTESIAN_POINT('',(-13.5,-17.98954185357,60.270458146424));
#668 = VECTOR('',#669,1.);
#669 = DIRECTION('',(0.,1.,0.));
#670 = ORIENTED_EDGE('',*,*,#671,.T.);
#671 = EDGE_CURVE('',#664,#672,#674,.T.);
#672 = VERTEX_POINT('',#673);
#673 = CARTESIAN_POINT('',(-13.5,-17.97954185357,12.));
#674 = LINE('',#675,#676);
#675 = CARTESIAN_POINT('',(-13.5,-17.97954185357,38.720385149226));
#676 = VECTOR('',#677,1.);
#677 = DIRECTION('',(0.,0.,-1.));
#678 = ORIENTED_EDGE('',*,*,#679,.T.);
#679 = EDGE_CURVE('',#672,#680,#682,.T.);
#680 = VERTEX_POINT('',#681);
#681 = CARTESIAN_POINT('',(-13.5,-7.575414675644,12.));
#682 = LINE('',#683,#684);
#683 = CARTESIAN_POINT('',(-13.5,-9.089979404454,12.));
#684 = VECTOR('',#685,1.);
#685 = DIRECTION('',(0.,1.,0.));
#686 = ORIENTED_EDGE('',*,*,#687,.F.);
#687 = EDGE_CURVE('',#688,#680,#690,.T.);
#688 = VERTEX_POINT('',#689);
#689 = CARTESIAN_POINT('',(-13.5,2.975414675644,12.));
#690 = CIRCLE('',#691,13.2);
#691 = AXIS2_PLACEMENT_3D('',#692,#693,#694);
#692 = CARTESIAN_POINT('',(-13.5,-2.3,24.1));
#693 = DIRECTION('',(-1.,-0.,-2.22044604925E-16));
#694 = DIRECTION('',(2.22044604925E-16,0.,-1.));
#695 = ORIENTED_EDGE('',*,*,#696,.T.);
#696 = EDGE_CURVE('',#688,#697,#699,.T.);
#697 = VERTEX_POINT('',#698);
#698 = CARTESIAN_POINT('',(-13.5,15.720458146424,12.));
#699 = LINE('',#700,#701);
#700 = CARTESIAN_POINT('',(-13.5,-9.089979404454,12.));
#701 = VECTOR('',#702,1.);
#702 = DIRECTION('',(0.,1.,0.));
#703 = ORIENTED_EDGE('',*,*,#704,.F.);
#704 = EDGE_CURVE('',#705,#697,#707,.T.);
#705 = VERTEX_POINT('',#706);
#706 = CARTESIAN_POINT('',(-13.5,15.720458146424,60.270458146424));
#707 = LINE('',#708,#709);
#708 = CARTESIAN_POINT('',(-13.5,15.720458146424,38.720385149226));
#709 = VECTOR('',#710,1.);
#710 = DIRECTION('',(0.,0.,-1.));
#711 = ORIENTED_EDGE('',*,*,#712,.F.);
#712 = EDGE_CURVE('',#259,#705,#713,.T.);
#713 = LINE('',#714,#715);
#714 = CARTESIAN_POINT('',(-13.5,14.120458146424,60.270458146424));
#715 = VECTOR('',#716,1.);
#716 = DIRECTION('',(0.,1.,0.));
#717 = FACE_BOUND('',#718,.T.);
#718 = EDGE_LOOP('',(#719));
#719 = ORIENTED_EDGE('',*,*,#720,.F.);
#720 = EDGE_CURVE('',#721,#721,#723,.T.);
#721 = VERTEX_POINT('',#722);
#722 = CARTESIAN_POINT('',(-13.5,19.220458146424,88.780905907619));
#723 = CIRCLE('',#724,2.25);
#724 = AXIS2_PLACEMENT_3D('',#725,#726,#727);
#725 = CARTESIAN_POINT('',(-13.5,19.220458146424,91.030905907619));
#726 = DIRECTION('',(-1.,-0.,-2.22044604925E-16));
#727 = DIRECTION('',(2.22044604925E-16,0.,-1.));
#728 = FACE_BOUND('',#729,.T.);
#729 = EDGE_LOOP('',(#730));
#730 = ORIENTED_EDGE('',*,*,#731,.F.);
#731 = EDGE_CURVE('',#732,#732,#734,.T.);
#732 = VERTEX_POINT('',#733);
#733 = CARTESIAN_POINT('',(-13.5,13.2,6.95));
#734 = CIRCLE('',#735,1.65);
#735 = AXIS2_PLACEMENT_3D('',#736,#737,#738);
#736 = CARTESIAN_POINT('',(-13.5,13.2,8.6));
#737 = DIRECTION('',(-1.,-0.,-2.22044604925E-16));
#738 = DIRECTION('',(2.22044604925E-16,0.,-1.));
#739 = FACE_BOUND('',#740,.T.);
#740 = EDGE_LOOP('',(#741));
#741 = ORIENTED_EDGE('',*,*,#742,.F.);
#742 = EDGE_CURVE('',#743,#743,#745,.T.);
#743 = VERTEX_POINT('',#744);
#744 = CARTESIAN_POINT('',(-13.5,-21.47954185357,88.780905907619));
#745 = CIRCLE('',#746,2.25);
#746 = AXIS2_PLACEMENT_3D('',#747,#748,#749);
#747 = CARTESIAN_POINT('',(-13.5,-21.47954185357,91.030905907619));
#748 = DIRECTION('',(-1.,-0.,-2.22044604925E-16));
#749 = DIRECTION('',(2.22044604925E-16,0.,-1.));
#750 = FACE_BOUND('',#751,.T.);
#751 = EDGE_LOOP('',(#752));
#752 = ORIENTED_EDGE('',*,*,#753,.F.);
#753 = EDGE_CURVE('',#754,#754,#756,.T.);
#754 = VERTEX_POINT('',#755);
#755 = CARTESIAN_POINT('',(-13.5,-17.8,6.95));
#756 = CIRCLE('',#757,1.65);
#757 = AXIS2_PLACEMENT_3D('',#758,#759,#760);
#758 = CARTESIAN_POINT('',(-13.5,-17.8,8.6));
#759 = DIRECTION('',(-1.,-0.,-2.22044604925E-16));
#760 = DIRECTION('',(2.22044604925E-16,0.,-1.));
#761 = PLANE('',#762);
#762 = AXIS2_PLACEMENT_3D('',#763,#764,#765);
#763 = CARTESIAN_POINT('',(-13.5,-0.205850314226,60.20219900155));
#764 = DIRECTION('',(-1.,-0.,-0.));
#765 = DIRECTION('',(0.,0.,-1.));
#766 = ADVANCED_FACE('',(#767),#833,.T.);
#767 = FACE_BOUND('',#768,.T.);
#768 = EDGE_LOOP('',(#769,#770,#778,#786,#794,#802,#810,#818,#824,#825,
    #831,#832));
#769 = ORIENTED_EDGE('',*,*,#268,.F.);
#770 = ORIENTED_EDGE('',*,*,#771,.T.);
#771 = EDGE_CURVE('',#261,#772,#774,.T.);
#772 = VERTEX_POINT('',#773);
#773 = CARTESIAN_POINT('',(11.9,14.120458146424,61.870458146424));
#774 = LINE('',#775,#776);
#775 = CARTESIAN_POINT('',(-13.5,14.120458146424,61.870458146424));
#776 = VECTOR('',#777,1.);
#777 = DIRECTION('',(1.,0.,0.));
#778 = ORIENTED_EDGE('',*,*,#779,.F.);
#779 = EDGE_CURVE('',#780,#772,#782,.T.);
#780 = VERTEX_POINT('',#781);
#781 = CARTESIAN_POINT('',(11.9,11.720458146424,61.870458146424));
#782 = LINE('',#783,#784);
#783 = CARTESIAN_POINT('',(11.9,-17.97954185357,61.870458146424));
#784 = VECTOR('',#785,1.);
#785 = DIRECTION('',(0.,1.,0.));
#786 = ORIENTED_EDGE('',*,*,#787,.F.);
#787 = EDGE_CURVE('',#788,#780,#790,.T.);
#788 = VERTEX_POINT('',#789);
#789 = CARTESIAN_POINT('',(12.3,11.720458146424,61.870458146424));
#790 = LINE('',#791,#792);
#791 = CARTESIAN_POINT('',(8.076416957027,11.720458146424,
    61.870458146424));
#792 = VECTOR('',#793,1.);
#793 = DIRECTION('',(-1.,0.,0.));
#794 = ORIENTED_EDGE('',*,*,#795,.F.);
#795 = EDGE_CURVE('',#796,#788,#798,.T.);
#796 = VERTEX_POINT('',#797);
#797 = CARTESIAN_POINT('',(12.3,-6.279541853576,61.870458146424));
#798 = LINE('',#799,#800);
#799 = CARTESIAN_POINT('',(12.3,-3.704541853576,61.870458146424));
#800 = VECTOR('',#801,1.);
#801 = DIRECTION('',(0.,1.,0.));
#802 = ORIENTED_EDGE('',*,*,#803,.T.);
#803 = EDGE_CURVE('',#796,#804,#806,.T.);
#804 = VERTEX_POINT('',#805);
#805 = CARTESIAN_POINT('',(11.9,-6.279541853576,61.870458146424));
#806 = LINE('',#807,#808);
#807 = CARTESIAN_POINT('',(8.076416957027,-6.279541853576,
    61.870458146424));
#808 = VECTOR('',#809,1.);
#809 = DIRECTION('',(-1.,0.,0.));
#810 = ORIENTED_EDGE('',*,*,#811,.F.);
#811 = EDGE_CURVE('',#812,#804,#814,.T.);
#812 = VERTEX_POINT('',#813);
#813 = CARTESIAN_POINT('',(11.9,-16.37954185357,61.870458146424));
#814 = LINE('',#815,#816);
#815 = CARTESIAN_POINT('',(11.9,-17.97954185357,61.870458146424));
#816 = VECTOR('',#817,1.);
#817 = DIRECTION('',(0.,1.,0.));
#818 = ORIENTED_EDGE('',*,*,#819,.F.);
#819 = EDGE_CURVE('',#648,#812,#820,.T.);
#820 = LINE('',#821,#822);
#821 = CARTESIAN_POINT('',(-13.5,-16.37954185357,61.870458146424));
#822 = VECTOR('',#823,1.);
#823 = DIRECTION('',(1.,0.,0.));
#824 = ORIENTED_EDGE('',*,*,#647,.F.);
#825 = ORIENTED_EDGE('',*,*,#826,.T.);
#826 = EDGE_CURVE('',#640,#172,#827,.T.);
#827 = LINE('',#828,#829);
#828 = CARTESIAN_POINT('',(11.9,-17.97954185357,61.870458146424));
#829 = VECTOR('',#830,1.);
#830 = DIRECTION('',(1.,0.,0.));
#831 = ORIENTED_EDGE('',*,*,#181,.T.);
#832 = ORIENTED_EDGE('',*,*,#141,.F.);
#833 = PLANE('',#834);
#834 = AXIS2_PLACEMENT_3D('',#835,#836,#837);
#835 = CARTESIAN_POINT('',(4.262833914053,-1.129541853576,
    61.870458146424));
#836 = DIRECTION('',(0.,0.,1.));
#837 = DIRECTION('',(1.,0.,0.));
#838 = ADVANCED_FACE('',(#839),#845,.T.);
#839 = FACE_BOUND('',#840,.T.);
#840 = EDGE_LOOP('',(#841,#842,#843,#844));
#841 = ORIENTED_EDGE('',*,*,#171,.F.);
#842 = ORIENTED_EDGE('',*,*,#826,.F.);
#843 = ORIENTED_EDGE('',*,*,#639,.F.);
#844 = ORIENTED_EDGE('',*,*,#204,.T.);
#845 = PLANE('',#846);
#846 = AXIS2_PLACEMENT_3D('',#847,#848,#849);
#847 = CARTESIAN_POINT('',(-14.5,-17.97954185357,12.));
#848 = DIRECTION('',(0.,1.,0.));
#849 = DIRECTION('',(0.,0.,1.));
#850 = ADVANCED_FACE('',(#851),#869,.T.);
#851 = FACE_BOUND('',#852,.T.);
#852 = EDGE_LOOP('',(#853,#854,#855,#863));
#853 = ORIENTED_EDGE('',*,*,#220,.F.);
#854 = ORIENTED_EDGE('',*,*,#632,.T.);
#855 = ORIENTED_EDGE('',*,*,#856,.T.);
#856 = EDGE_CURVE('',#625,#857,#859,.T.);
#857 = VERTEX_POINT('',#858);
#858 = CARTESIAN_POINT('',(11.9,-16.37954185357,67.780905907619));
#859 = LINE('',#860,#861);
#860 = CARTESIAN_POINT('',(-13.5,-16.37954185357,67.780905907619));
#861 = VECTOR('',#862,1.);
#862 = DIRECTION('',(1.,0.,0.));
#863 = ORIENTED_EDGE('',*,*,#864,.T.);
#864 = EDGE_CURVE('',#857,#221,#865,.T.);
#865 = LINE('',#866,#867);
#866 = CARTESIAN_POINT('',(11.9,-16.37954185357,65.370458146424));
#867 = VECTOR('',#868,1.);
#868 = DIRECTION('',(0.,0.,-1.));
#869 = PLANE('',#870);
#870 = AXIS2_PLACEMENT_3D('',#871,#872,#873);
#871 = CARTESIAN_POINT('',(-0.8,-16.37954185357,66.575682027022));
#872 = DIRECTION('',(0.,1.,0.));
#873 = DIRECTION('',(0.,0.,1.));
#874 = ADVANCED_FACE('',(#875),#893,.T.);
#875 = FACE_BOUND('',#876,.T.);
#876 = EDGE_LOOP('',(#877,#878,#886,#892));
#877 = ORIENTED_EDGE('',*,*,#864,.F.);
#878 = ORIENTED_EDGE('',*,*,#879,.T.);
#879 = EDGE_CURVE('',#857,#880,#882,.T.);
#880 = VERTEX_POINT('',#881);
#881 = CARTESIAN_POINT('',(11.9,14.120458146424,67.780905907619));
#882 = LINE('',#883,#884);
#883 = CARTESIAN_POINT('',(11.9,-17.97954185357,67.780905907619));
#884 = VECTOR('',#885,1.);
#885 = DIRECTION('',(0.,1.,0.));
#886 = ORIENTED_EDGE('',*,*,#887,.T.);
#887 = EDGE_CURVE('',#880,#229,#888,.T.);
#888 = LINE('',#889,#890);
#889 = CARTESIAN_POINT('',(11.9,14.120458146424,65.370458146424));
#890 = VECTOR('',#891,1.);
#891 = DIRECTION('',(0.,0.,-1.));
#892 = ORIENTED_EDGE('',*,*,#228,.F.);
#893 = PLANE('',#894);
#894 = AXIS2_PLACEMENT_3D('',#895,#896,#897);
#895 = CARTESIAN_POINT('',(11.9,-1.129541853576,66.575682027022));
#896 = DIRECTION('',(-1.,-0.,-0.));
#897 = DIRECTION('',(0.,0.,-1.));
#898 = ADVANCED_FACE('',(#899),#910,.T.);
#899 = FACE_BOUND('',#900,.T.);
#900 = EDGE_LOOP('',(#901,#902,#903,#909));
#901 = ORIENTED_EDGE('',*,*,#236,.T.);
#902 = ORIENTED_EDGE('',*,*,#887,.F.);
#903 = ORIENTED_EDGE('',*,*,#904,.F.);
#904 = EDGE_CURVE('',#277,#880,#905,.T.);
#905 = LINE('',#906,#907);
#906 = CARTESIAN_POINT('',(-13.5,14.120458146424,67.780905907619));
#907 = VECTOR('',#908,1.);
#908 = DIRECTION('',(1.,0.,0.));
#909 = ORIENTED_EDGE('',*,*,#276,.F.);
#910 = PLANE('',#911);
#911 = AXIS2_PLACEMENT_3D('',#912,#913,#914);
#912 = CARTESIAN_POINT('',(-0.8,14.120458146424,66.575682027022));
#913 = DIRECTION('',(-0.,-1.,-0.));
#914 = DIRECTION('',(0.,0.,-1.));
#915 = ADVANCED_FACE('',(#916),#934,.F.);
#916 = FACE_BOUND('',#917,.F.);
#917 = EDGE_LOOP('',(#918,#926,#927,#928));
#918 = ORIENTED_EDGE('',*,*,#919,.F.);
#919 = EDGE_CURVE('',#259,#920,#922,.T.);
#920 = VERTEX_POINT('',#921);
#921 = CARTESIAN_POINT('',(11.9,14.120458146424,60.270458146424));
#922 = LINE('',#923,#924);
#923 = CARTESIAN_POINT('',(-13.5,14.120458146424,60.270458146424));
#924 = VECTOR('',#925,1.);
#925 = DIRECTION('',(1.,0.,0.));
#926 = ORIENTED_EDGE('',*,*,#258,.T.);
#927 = ORIENTED_EDGE('',*,*,#771,.T.);
#928 = ORIENTED_EDGE('',*,*,#929,.T.);
#929 = EDGE_CURVE('',#772,#920,#930,.T.);
#930 = LINE('',#931,#932);
#931 = CARTESIAN_POINT('',(11.9,14.120458146424,60.270458146424));
#932 = VECTOR('',#933,1.);
#933 = DIRECTION('',(0.,0.,-1.));
#934 = PLANE('',#935);
#935 = AXIS2_PLACEMENT_3D('',#936,#937,#938);
#936 = CARTESIAN_POINT('',(-13.5,14.120458146424,60.270458146424));
#937 = DIRECTION('',(0.,1.,0.));
#938 = DIRECTION('',(0.,0.,1.));
#939 = ADVANCED_FACE('',(#940),#1013,.T.);
#940 = FACE_BOUND('',#941,.T.);
#941 = EDGE_LOOP('',(#942,#943,#944,#952,#960,#966,#967,#975,#983,#991,
    #999,#1007));
#942 = ORIENTED_EDGE('',*,*,#919,.F.);
#943 = ORIENTED_EDGE('',*,*,#712,.T.);
#944 = ORIENTED_EDGE('',*,*,#945,.T.);
#945 = EDGE_CURVE('',#705,#946,#948,.T.);
#946 = VERTEX_POINT('',#947);
#947 = CARTESIAN_POINT('',(13.5,15.720458146424,60.270458146424));
#948 = LINE('',#949,#950);
#949 = CARTESIAN_POINT('',(11.9,15.720458146424,60.270458146424));
#950 = VECTOR('',#951,1.);
#951 = DIRECTION('',(1.,0.,0.));
#952 = ORIENTED_EDGE('',*,*,#953,.F.);
#953 = EDGE_CURVE('',#954,#946,#956,.T.);
#954 = VERTEX_POINT('',#955);
#955 = CARTESIAN_POINT('',(13.5,-17.97954185357,60.270458146424));
#956 = LINE('',#957,#958);
#957 = CARTESIAN_POINT('',(13.5,-17.98954185357,60.270458146424));
#958 = VECTOR('',#959,1.);
#959 = DIRECTION('',(0.,1.,0.));
#960 = ORIENTED_EDGE('',*,*,#961,.F.);
#961 = EDGE_CURVE('',#664,#954,#962,.T.);
#962 = LINE('',#963,#964);
#963 = CARTESIAN_POINT('',(-14.,-17.97954185357,60.270458146424));
#964 = VECTOR('',#965,1.);
#965 = DIRECTION('',(1.,0.,0.));
#966 = ORIENTED_EDGE('',*,*,#663,.T.);
#967 = ORIENTED_EDGE('',*,*,#968,.T.);
#968 = EDGE_CURVE('',#656,#969,#971,.T.);
#969 = VERTEX_POINT('',#970);
#970 = CARTESIAN_POINT('',(11.9,-16.37954185357,60.270458146424));
#971 = LINE('',#972,#973);
#972 = CARTESIAN_POINT('',(-13.5,-16.37954185357,60.270458146424));
#973 = VECTOR('',#974,1.);
#974 = DIRECTION('',(1.,0.,0.));
#975 = ORIENTED_EDGE('',*,*,#976,.T.);
#976 = EDGE_CURVE('',#969,#977,#979,.T.);
#977 = VERTEX_POINT('',#978);
#978 = CARTESIAN_POINT('',(11.9,-6.279541853576,60.270458146424));
#979 = LINE('',#980,#981);
#980 = CARTESIAN_POINT('',(11.9,-17.97954185357,60.270458146424));
#981 = VECTOR('',#982,1.);
#982 = DIRECTION('',(0.,1.,0.));
#983 = ORIENTED_EDGE('',*,*,#984,.T.);
#984 = EDGE_CURVE('',#977,#985,#987,.T.);
#985 = VERTEX_POINT('',#986);
#986 = CARTESIAN_POINT('',(12.3,-6.279541853576,60.270458146424));
#987 = LINE('',#988,#989);
#988 = CARTESIAN_POINT('',(8.076416957027,-6.279541853576,
    60.270458146424));
#989 = VECTOR('',#990,1.);
#990 = DIRECTION('',(1.,0.,0.));
#991 = ORIENTED_EDGE('',*,*,#992,.F.);
#992 = EDGE_CURVE('',#993,#985,#995,.T.);
#993 = VERTEX_POINT('',#994);
#994 = CARTESIAN_POINT('',(12.3,11.720458146424,60.270458146424));
#995 = LINE('',#996,#997);
#996 = CARTESIAN_POINT('',(12.3,-3.704541853576,60.270458146424));
#997 = VECTOR('',#998,1.);
#998 = DIRECTION('',(0.,-1.,0.));
#999 = ORIENTED_EDGE('',*,*,#1000,.F.);
#1000 = EDGE_CURVE('',#1001,#993,#1003,.T.);
#1001 = VERTEX_POINT('',#1002);
#1002 = CARTESIAN_POINT('',(11.9,11.720458146424,60.270458146424));
#1003 = LINE('',#1004,#1005);
#1004 = CARTESIAN_POINT('',(8.076416957027,11.720458146424,
    60.270458146424));
#1005 = VECTOR('',#1006,1.);
#1006 = DIRECTION('',(1.,0.,0.));
#1007 = ORIENTED_EDGE('',*,*,#1008,.T.);
#1008 = EDGE_CURVE('',#1001,#920,#1009,.T.);
#1009 = LINE('',#1010,#1011);
#1010 = CARTESIAN_POINT('',(11.9,-17.97954185357,60.270458146424));
#1011 = VECTOR('',#1012,1.);
#1012 = DIRECTION('',(0.,1.,0.));
#1013 = PLANE('',#1014);
#1014 = AXIS2_PLACEMENT_3D('',#1015,#1016,#1017);
#1015 = CARTESIAN_POINT('',(4.262833914053,-1.129541853576,
    60.270458146424));
#1016 = DIRECTION('',(-0.,-0.,-1.));
#1017 = DIRECTION('',(-1.,0.,0.));
#1018 = ADVANCED_FACE('',(#1019,#1037),#1071,.F.);
#1019 = FACE_BOUND('',#1020,.F.);
#1020 = EDGE_LOOP('',(#1021,#1029,#1035,#1036));
#1021 = ORIENTED_EDGE('',*,*,#1022,.F.);
#1022 = EDGE_CURVE('',#1023,#946,#1025,.T.);
#1023 = VERTEX_POINT('',#1024);
#1024 = CARTESIAN_POINT('',(13.5,15.720458146424,12.));
#1025 = LINE('',#1026,#1027);
#1026 = CARTESIAN_POINT('',(13.5,15.720458146424,12.));
#1027 = VECTOR('',#1028,1.);
#1028 = DIRECTION('',(0.,0.,1.));
#1029 = ORIENTED_EDGE('',*,*,#1030,.F.);
#1030 = EDGE_CURVE('',#697,#1023,#1031,.T.);
#1031 = LINE('',#1032,#1033);
#1032 = CARTESIAN_POINT('',(-14.5,15.720458146424,12.));
#1033 = VECTOR('',#1034,1.);
#1034 = DIRECTION('',(1.,0.,0.));
#1035 = ORIENTED_EDGE('',*,*,#704,.F.);
#1036 = ORIENTED_EDGE('',*,*,#945,.T.);
#1037 = FACE_BOUND('',#1038,.F.);
#1038 = EDGE_LOOP('',(#1039,#1049,#1057,#1065));
#1039 = ORIENTED_EDGE('',*,*,#1040,.F.);
#1040 = EDGE_CURVE('',#1041,#1043,#1045,.T.);
#1041 = VERTEX_POINT('',#1042);
#1042 = CARTESIAN_POINT('',(-8.,15.720458146424,37.120458146424));
#1043 = VERTEX_POINT('',#1044);
#1044 = CARTESIAN_POINT('',(8.,15.720458146424,37.120458146424));
#1045 = LINE('',#1046,#1047);
#1046 = CARTESIAN_POINT('',(-11.25,15.720458146424,37.120458146424));
#1047 = VECTOR('',#1048,1.);
#1048 = DIRECTION('',(1.,0.,0.));
#1049 = ORIENTED_EDGE('',*,*,#1050,.T.);
#1050 = EDGE_CURVE('',#1041,#1051,#1053,.T.);
#1051 = VERTEX_POINT('',#1052);
#1052 = CARTESIAN_POINT('',(-8.,15.720458146424,21.120458146424));
#1053 = LINE('',#1054,#1055);
#1054 = CARTESIAN_POINT('',(-8.,15.720458146424,16.560229073212));
#1055 = VECTOR('',#1056,1.);
#1056 = DIRECTION('',(0.,0.,-1.));
#1057 = ORIENTED_EDGE('',*,*,#1058,.T.);
#1058 = EDGE_CURVE('',#1051,#1059,#1061,.T.);
#1059 = VERTEX_POINT('',#1060);
#1060 = CARTESIAN_POINT('',(8.,15.720458146424,21.120458146424));
#1061 = LINE('',#1062,#1063);
#1062 = CARTESIAN_POINT('',(-11.25,15.720458146424,21.120458146424));
#1063 = VECTOR('',#1064,1.);
#1064 = DIRECTION('',(1.,0.,0.));
#1065 = ORIENTED_EDGE('',*,*,#1066,.F.);
#1066 = EDGE_CURVE('',#1043,#1059,#1067,.T.);
#1067 = LINE('',#1068,#1069);
#1068 = CARTESIAN_POINT('',(8.,15.720458146424,16.560229073212));
#1069 = VECTOR('',#1070,1.);
#1070 = DIRECTION('',(0.,0.,-1.));
#1071 = PLANE('',#1072);
#1072 = AXIS2_PLACEMENT_3D('',#1073,#1074,#1075);
#1073 = CARTESIAN_POINT('',(-14.5,15.720458146424,12.));
#1074 = DIRECTION('',(0.,1.,0.));
#1075 = DIRECTION('',(0.,0.,1.));
#1076 = ADVANCED_FACE('',(#1077),#1095,.T.);
#1077 = FACE_BOUND('',#1078,.T.);
#1078 = EDGE_LOOP('',(#1079,#1080,#1081,#1089));
#1079 = ORIENTED_EDGE('',*,*,#1030,.F.);
#1080 = ORIENTED_EDGE('',*,*,#696,.F.);
#1081 = ORIENTED_EDGE('',*,*,#1082,.F.);
#1082 = EDGE_CURVE('',#1083,#688,#1085,.T.);
#1083 = VERTEX_POINT('',#1084);
#1084 = CARTESIAN_POINT('',(13.5,2.975414675645,12.));
#1085 = LINE('',#1086,#1087);
#1086 = CARTESIAN_POINT('',(-14.,2.975414675644,12.));
#1087 = VECTOR('',#1088,1.);
#1088 = DIRECTION('',(-1.,-0.,-2.22044604925E-16));
#1089 = ORIENTED_EDGE('',*,*,#1090,.T.);
#1090 = EDGE_CURVE('',#1083,#1023,#1091,.T.);
#1091 = LINE('',#1092,#1093);
#1092 = CARTESIAN_POINT('',(13.5,-17.97954185357,12.));
#1093 = VECTOR('',#1094,1.);
#1094 = DIRECTION('',(0.,1.,0.));
#1095 = PLANE('',#1096);
#1096 = AXIS2_PLACEMENT_3D('',#1097,#1098,#1099);
#1097 = CARTESIAN_POINT('',(-14.5,-17.97954185357,12.));
#1098 = DIRECTION('',(0.,0.,1.));
#1099 = DIRECTION('',(1.,0.,0.));
#1100 = ADVANCED_FACE('',(#1101),#1129,.F.);
#1101 = FACE_BOUND('',#1102,.T.);
#1102 = EDGE_LOOP('',(#1103,#1111,#1120,#1127,#1128));
#1103 = ORIENTED_EDGE('',*,*,#1104,.F.);
#1104 = EDGE_CURVE('',#1105,#680,#1107,.T.);
#1105 = VERTEX_POINT('',#1106);
#1106 = CARTESIAN_POINT('',(13.5,-7.575414675645,12.));
#1107 = LINE('',#1108,#1109);
#1108 = CARTESIAN_POINT('',(-14.,-7.575414675644,12.));
#1109 = VECTOR('',#1110,1.);
#1110 = DIRECTION('',(-1.,-0.,-2.22044604925E-16));
#1111 = ORIENTED_EDGE('',*,*,#1112,.T.);
#1112 = EDGE_CURVE('',#1105,#1113,#1115,.T.);
#1113 = VERTEX_POINT('',#1114);
#1114 = CARTESIAN_POINT('',(13.5,-2.3,10.9));
#1115 = CIRCLE('',#1116,13.2);
#1116 = AXIS2_PLACEMENT_3D('',#1117,#1118,#1119);
#1117 = CARTESIAN_POINT('',(13.5,-2.3,24.1));
#1118 = DIRECTION('',(1.,-0.,2.22044604925E-16));
#1119 = DIRECTION('',(2.22044604925E-16,0.,-1.));
#1120 = ORIENTED_EDGE('',*,*,#1121,.T.);
#1121 = EDGE_CURVE('',#1113,#1083,#1122,.T.);
#1122 = CIRCLE('',#1123,13.2);
#1123 = AXIS2_PLACEMENT_3D('',#1124,#1125,#1126);
#1124 = CARTESIAN_POINT('',(13.5,-2.3,24.1));
#1125 = DIRECTION('',(1.,-0.,2.22044604925E-16));
#1126 = DIRECTION('',(2.22044604925E-16,0.,-1.));
#1127 = ORIENTED_EDGE('',*,*,#1082,.T.);
#1128 = ORIENTED_EDGE('',*,*,#687,.T.);
#1129 = CYLINDRICAL_SURFACE('',#1130,13.2);
#1130 = AXIS2_PLACEMENT_3D('',#1131,#1132,#1133);
#1131 = CARTESIAN_POINT('',(-14.,-2.3,24.1));
#1132 = DIRECTION('',(-1.,-0.,-2.22044604925E-16));
#1133 = DIRECTION('',(2.22044604925E-16,0.,-1.));
#1134 = ADVANCED_FACE('',(#1135),#1153,.T.);
#1135 = FACE_BOUND('',#1136,.T.);
#1136 = EDGE_LOOP('',(#1137,#1138,#1146,#1152));
#1137 = ORIENTED_EDGE('',*,*,#679,.F.);
#1138 = ORIENTED_EDGE('',*,*,#1139,.T.);
#1139 = EDGE_CURVE('',#672,#1140,#1142,.T.);
#1140 = VERTEX_POINT('',#1141);
#1141 = CARTESIAN_POINT('',(13.5,-17.97954185357,12.));
#1142 = LINE('',#1143,#1144);
#1143 = CARTESIAN_POINT('',(-14.5,-17.97954185357,12.));
#1144 = VECTOR('',#1145,1.);
#1145 = DIRECTION('',(1.,0.,0.));
#1146 = ORIENTED_EDGE('',*,*,#1147,.T.);
#1147 = EDGE_CURVE('',#1140,#1105,#1148,.T.);
#1148 = LINE('',#1149,#1150);
#1149 = CARTESIAN_POINT('',(13.5,-17.97954185357,12.));
#1150 = VECTOR('',#1151,1.);
#1151 = DIRECTION('',(0.,1.,0.));
#1152 = ORIENTED_EDGE('',*,*,#1104,.T.);
#1153 = PLANE('',#1154);
#1154 = AXIS2_PLACEMENT_3D('',#1155,#1156,#1157);
#1155 = CARTESIAN_POINT('',(-14.5,-17.97954185357,12.));
#1156 = DIRECTION('',(0.,0.,1.));
#1157 = DIRECTION('',(1.,0.,0.));
#1158 = ADVANCED_FACE('',(#1159),#1170,.T.);
#1159 = FACE_BOUND('',#1160,.T.);
#1160 = EDGE_LOOP('',(#1161,#1167,#1168,#1169));
#1161 = ORIENTED_EDGE('',*,*,#1162,.F.);
#1162 = EDGE_CURVE('',#1140,#954,#1163,.T.);
#1163 = LINE('',#1164,#1165);
#1164 = CARTESIAN_POINT('',(13.5,-17.97954185357,12.));
#1165 = VECTOR('',#1166,1.);
#1166 = DIRECTION('',(0.,0.,1.));
#1167 = ORIENTED_EDGE('',*,*,#1139,.F.);
#1168 = ORIENTED_EDGE('',*,*,#671,.F.);
#1169 = ORIENTED_EDGE('',*,*,#961,.T.);
#1170 = PLANE('',#1171);
#1171 = AXIS2_PLACEMENT_3D('',#1172,#1173,#1174);
#1172 = CARTESIAN_POINT('',(-14.5,-17.97954185357,12.));
#1173 = DIRECTION('',(0.,1.,0.));
#1174 = DIRECTION('',(0.,0.,1.));
#1175 = ADVANCED_FACE('',(#1176),#1187,.T.);
#1176 = FACE_BOUND('',#1177,.T.);
#1177 = EDGE_LOOP('',(#1178,#1179,#1180,#1181));
#1178 = ORIENTED_EDGE('',*,*,#968,.F.);
#1179 = ORIENTED_EDGE('',*,*,#655,.T.);
#1180 = ORIENTED_EDGE('',*,*,#819,.T.);
#1181 = ORIENTED_EDGE('',*,*,#1182,.T.);
#1182 = EDGE_CURVE('',#812,#969,#1183,.T.);
#1183 = LINE('',#1184,#1185);
#1184 = CARTESIAN_POINT('',(11.9,-16.37954185357,60.270458146424));
#1185 = VECTOR('',#1186,1.);
#1186 = DIRECTION('',(0.,0.,-1.));
#1187 = PLANE('',#1188);
#1188 = AXIS2_PLACEMENT_3D('',#1189,#1190,#1191);
#1189 = CARTESIAN_POINT('',(-13.5,-16.37954185357,60.270458146424));
#1190 = DIRECTION('',(0.,1.,0.));
#1191 = DIRECTION('',(0.,0.,1.));
#1192 = ADVANCED_FACE('',(#1193),#1222,.T.);
#1193 = FACE_BOUND('',#1194,.T.);
#1194 = EDGE_LOOP('',(#1195,#1196,#1197,#1198,#1199,#1200,#1208,#1216));
#1195 = ORIENTED_EDGE('',*,*,#284,.F.);
#1196 = ORIENTED_EDGE('',*,*,#904,.T.);
#1197 = ORIENTED_EDGE('',*,*,#879,.F.);
#1198 = ORIENTED_EDGE('',*,*,#856,.F.);
#1199 = ORIENTED_EDGE('',*,*,#624,.F.);
#1200 = ORIENTED_EDGE('',*,*,#1201,.T.);
#1201 = EDGE_CURVE('',#617,#1202,#1204,.T.);
#1202 = VERTEX_POINT('',#1203);
#1203 = CARTESIAN_POINT('',(13.5,-17.97954185357,67.780905907619));
#1204 = LINE('',#1205,#1206);
#1205 = CARTESIAN_POINT('',(11.9,-17.97954185357,67.780905907619));
#1206 = VECTOR('',#1207,1.);
#1207 = DIRECTION('',(1.,0.,0.));
#1208 = ORIENTED_EDGE('',*,*,#1209,.T.);
#1209 = EDGE_CURVE('',#1202,#1210,#1212,.T.);
#1210 = VERTEX_POINT('',#1211);
#1211 = CARTESIAN_POINT('',(13.5,15.720458146424,67.780905907619));
#1212 = LINE('',#1213,#1214);
#1213 = CARTESIAN_POINT('',(13.5,14.120458146424,67.780905907619));
#1214 = VECTOR('',#1215,1.);
#1215 = DIRECTION('',(0.,1.,0.));
#1216 = ORIENTED_EDGE('',*,*,#1217,.F.);
#1217 = EDGE_CURVE('',#285,#1210,#1218,.T.);
#1218 = LINE('',#1219,#1220);
#1219 = CARTESIAN_POINT('',(-14.,15.720458146424,67.780905907619));
#1220 = VECTOR('',#1221,1.);
#1221 = DIRECTION('',(1.,0.,0.));
#1222 = PLANE('',#1223);
#1223 = AXIS2_PLACEMENT_3D('',#1224,#1225,#1226);
#1224 = CARTESIAN_POINT('',(4.262833914053,-1.129541853576,
    67.780905907619));
#1225 = DIRECTION('',(0.,0.,1.));
#1226 = DIRECTION('',(1.,0.,0.));
#1227 = ADVANCED_FACE('',(#1228),#1246,.T.);
#1228 = FACE_BOUND('',#1229,.T.);
#1229 = EDGE_LOOP('',(#1230,#1238,#1239,#1240));
#1230 = ORIENTED_EDGE('',*,*,#1231,.F.);
#1231 = EDGE_CURVE('',#1202,#1232,#1234,.T.);
#1232 = VERTEX_POINT('',#1233);
#1233 = CARTESIAN_POINT('',(13.5,-17.97954185357,73.280905907619));
#1234 = LINE('',#1235,#1236);
#1235 = CARTESIAN_POINT('',(13.5,-17.97954185357,12.));
#1236 = VECTOR('',#1237,1.);
#1237 = DIRECTION('',(0.,0.,1.));
#1238 = ORIENTED_EDGE('',*,*,#1201,.F.);
#1239 = ORIENTED_EDGE('',*,*,#616,.F.);
#1240 = ORIENTED_EDGE('',*,*,#1241,.T.);
#1241 = EDGE_CURVE('',#609,#1232,#1242,.T.);
#1242 = LINE('',#1243,#1244);
#1243 = CARTESIAN_POINT('',(-14.,-17.97954185357,73.280905907619));
#1244 = VECTOR('',#1245,1.);
#1245 = DIRECTION('',(1.,0.,0.));
#1246 = PLANE('',#1247);
#1247 = AXIS2_PLACEMENT_3D('',#1248,#1249,#1250);
#1248 = CARTESIAN_POINT('',(-14.5,-17.97954185357,12.));
#1249 = DIRECTION('',(0.,1.,0.));
#1250 = DIRECTION('',(0.,0.,1.));
#1251 = ADVANCED_FACE('',(#1252),#1325,.T.);
#1252 = FACE_BOUND('',#1253,.T.);
#1253 = EDGE_LOOP('',(#1254,#1255,#1263,#1269,#1270,#1271,#1279,#1287,
    #1295,#1303,#1311,#1319));
#1254 = ORIENTED_EDGE('',*,*,#300,.T.);
#1255 = ORIENTED_EDGE('',*,*,#1256,.T.);
#1256 = EDGE_CURVE('',#293,#1257,#1259,.T.);
#1257 = VERTEX_POINT('',#1258);
#1258 = CARTESIAN_POINT('',(13.5,15.720458146424,73.280905907619));
#1259 = LINE('',#1260,#1261);
#1260 = CARTESIAN_POINT('',(11.9,15.720458146424,73.280905907619));
#1261 = VECTOR('',#1262,1.);
#1262 = DIRECTION('',(1.,0.,0.));
#1263 = ORIENTED_EDGE('',*,*,#1264,.F.);
#1264 = EDGE_CURVE('',#1232,#1257,#1265,.T.);
#1265 = LINE('',#1266,#1267);
#1266 = CARTESIAN_POINT('',(13.5,-17.98954185357,73.280905907619));
#1267 = VECTOR('',#1268,1.);
#1268 = DIRECTION('',(0.,1.,0.));
#1269 = ORIENTED_EDGE('',*,*,#1241,.F.);
#1270 = ORIENTED_EDGE('',*,*,#608,.T.);
#1271 = ORIENTED_EDGE('',*,*,#1272,.T.);
#1272 = EDGE_CURVE('',#601,#1273,#1275,.T.);
#1273 = VERTEX_POINT('',#1274);
#1274 = CARTESIAN_POINT('',(11.9,-16.37954185357,73.280905907619));
#1275 = LINE('',#1276,#1277);
#1276 = CARTESIAN_POINT('',(-13.5,-16.37954185357,73.280905907619));
#1277 = VECTOR('',#1278,1.);
#1278 = DIRECTION('',(1.,0.,0.));
#1279 = ORIENTED_EDGE('',*,*,#1280,.T.);
#1280 = EDGE_CURVE('',#1273,#1281,#1283,.T.);
#1281 = VERTEX_POINT('',#1282);
#1282 = CARTESIAN_POINT('',(11.9,-6.279541853576,73.280905907619));
#1283 = LINE('',#1284,#1285);
#1284 = CARTESIAN_POINT('',(11.9,-17.97954185357,73.280905907619));
#1285 = VECTOR('',#1286,1.);
#1286 = DIRECTION('',(0.,1.,0.));
#1287 = ORIENTED_EDGE('',*,*,#1288,.T.);
#1288 = EDGE_CURVE('',#1281,#1289,#1291,.T.);
#1289 = VERTEX_POINT('',#1290);
#1290 = CARTESIAN_POINT('',(12.3,-6.279541853576,73.280905907619));
#1291 = LINE('',#1292,#1293);
#1292 = CARTESIAN_POINT('',(8.076416957027,-6.279541853576,
    73.280905907619));
#1293 = VECTOR('',#1294,1.);
#1294 = DIRECTION('',(1.,0.,0.));
#1295 = ORIENTED_EDGE('',*,*,#1296,.F.);
#1296 = EDGE_CURVE('',#1297,#1289,#1299,.T.);
#1297 = VERTEX_POINT('',#1298);
#1298 = CARTESIAN_POINT('',(12.3,11.720458146424,73.280905907619));
#1299 = LINE('',#1300,#1301);
#1300 = CARTESIAN_POINT('',(12.3,-3.704541853576,73.280905907619));
#1301 = VECTOR('',#1302,1.);
#1302 = DIRECTION('',(0.,-1.,0.));
#1303 = ORIENTED_EDGE('',*,*,#1304,.F.);
#1304 = EDGE_CURVE('',#1305,#1297,#1307,.T.);
#1305 = VERTEX_POINT('',#1306);
#1306 = CARTESIAN_POINT('',(11.9,11.720458146424,73.280905907619));
#1307 = LINE('',#1308,#1309);
#1308 = CARTESIAN_POINT('',(8.076416957027,11.720458146424,
    73.280905907619));
#1309 = VECTOR('',#1310,1.);
#1310 = DIRECTION('',(1.,0.,0.));
#1311 = ORIENTED_EDGE('',*,*,#1312,.T.);
#1312 = EDGE_CURVE('',#1305,#1313,#1315,.T.);
#1313 = VERTEX_POINT('',#1314);
#1314 = CARTESIAN_POINT('',(11.9,14.120458146424,73.280905907619));
#1315 = LINE('',#1316,#1317);
#1316 = CARTESIAN_POINT('',(11.9,-17.97954185357,73.280905907619));
#1317 = VECTOR('',#1318,1.);
#1318 = DIRECTION('',(0.,1.,0.));
#1319 = ORIENTED_EDGE('',*,*,#1320,.F.);
#1320 = EDGE_CURVE('',#301,#1313,#1321,.T.);
#1321 = LINE('',#1322,#1323);
#1322 = CARTESIAN_POINT('',(-13.5,14.120458146424,73.280905907619));
#1323 = VECTOR('',#1324,1.);
#1324 = DIRECTION('',(1.,0.,0.));
#1325 = PLANE('',#1326);
#1326 = AXIS2_PLACEMENT_3D('',#1327,#1328,#1329);
#1327 = CARTESIAN_POINT('',(4.262833914053,-1.129541853576,
    73.280905907619));
#1328 = DIRECTION('',(-0.,-0.,-1.));
#1329 = DIRECTION('',(-1.,0.,0.));
#1330 = ADVANCED_FACE('',(#1331),#1349,.T.);
#1331 = FACE_BOUND('',#1332,.T.);
#1332 = EDGE_LOOP('',(#1333,#1334,#1335,#1343));
#1333 = ORIENTED_EDGE('',*,*,#1272,.F.);
#1334 = ORIENTED_EDGE('',*,*,#600,.T.);
#1335 = ORIENTED_EDGE('',*,*,#1336,.T.);
#1336 = EDGE_CURVE('',#593,#1337,#1339,.T.);
#1337 = VERTEX_POINT('',#1338);
#1338 = CARTESIAN_POINT('',(11.9,-16.37954185357,74.880905907619));
#1339 = LINE('',#1340,#1341);
#1340 = CARTESIAN_POINT('',(-13.5,-16.37954185357,74.880905907619));
#1341 = VECTOR('',#1342,1.);
#1342 = DIRECTION('',(1.,0.,0.));
#1343 = ORIENTED_EDGE('',*,*,#1344,.T.);
#1344 = EDGE_CURVE('',#1337,#1273,#1345,.T.);
#1345 = LINE('',#1346,#1347);
#1346 = CARTESIAN_POINT('',(11.9,-16.37954185357,73.280905907619));
#1347 = VECTOR('',#1348,1.);
#1348 = DIRECTION('',(0.,0.,-1.));
#1349 = PLANE('',#1350);
#1350 = AXIS2_PLACEMENT_3D('',#1351,#1352,#1353);
#1351 = CARTESIAN_POINT('',(-13.5,-16.37954185357,73.280905907619));
#1352 = DIRECTION('',(0.,1.,0.));
#1353 = DIRECTION('',(0.,0.,1.));
#1354 = ADVANCED_FACE('',(#1355),#1428,.T.);
#1355 = FACE_BOUND('',#1356,.T.);
#1356 = EDGE_LOOP('',(#1357,#1358,#1366,#1374,#1382,#1390,#1398,#1404,
    #1405,#1406,#1414,#1422));
#1357 = ORIENTED_EDGE('',*,*,#316,.F.);
#1358 = ORIENTED_EDGE('',*,*,#1359,.T.);
#1359 = EDGE_CURVE('',#309,#1360,#1362,.T.);
#1360 = VERTEX_POINT('',#1361);
#1361 = CARTESIAN_POINT('',(11.9,14.120458146424,74.880905907619));
#1362 = LINE('',#1363,#1364);
#1363 = CARTESIAN_POINT('',(-13.5,14.120458146424,74.880905907619));
#1364 = VECTOR('',#1365,1.);
#1365 = DIRECTION('',(1.,0.,0.));
#1366 = ORIENTED_EDGE('',*,*,#1367,.F.);
#1367 = EDGE_CURVE('',#1368,#1360,#1370,.T.);
#1368 = VERTEX_POINT('',#1369);
#1369 = CARTESIAN_POINT('',(11.9,11.720458146424,74.880905907619));
#1370 = LINE('',#1371,#1372);
#1371 = CARTESIAN_POINT('',(11.9,-17.97954185357,74.880905907619));
#1372 = VECTOR('',#1373,1.);
#1373 = DIRECTION('',(0.,1.,0.));
#1374 = ORIENTED_EDGE('',*,*,#1375,.F.);
#1375 = EDGE_CURVE('',#1376,#1368,#1378,.T.);
#1376 = VERTEX_POINT('',#1377);
#1377 = CARTESIAN_POINT('',(12.3,11.720458146424,74.880905907619));
#1378 = LINE('',#1379,#1380);
#1379 = CARTESIAN_POINT('',(8.076416957027,11.720458146424,
    74.880905907619));
#1380 = VECTOR('',#1381,1.);
#1381 = DIRECTION('',(-1.,0.,0.));
#1382 = ORIENTED_EDGE('',*,*,#1383,.F.);
#1383 = EDGE_CURVE('',#1384,#1376,#1386,.T.);
#1384 = VERTEX_POINT('',#1385);
#1385 = CARTESIAN_POINT('',(12.3,-6.279541853576,74.880905907619));
#1386 = LINE('',#1387,#1388);
#1387 = CARTESIAN_POINT('',(12.3,-3.704541853576,74.880905907619));
#1388 = VECTOR('',#1389,1.);
#1389 = DIRECTION('',(0.,1.,0.));
#1390 = ORIENTED_EDGE('',*,*,#1391,.T.);
#1391 = EDGE_CURVE('',#1384,#1392,#1394,.T.);
#1392 = VERTEX_POINT('',#1393);
#1393 = CARTESIAN_POINT('',(11.9,-6.279541853576,74.880905907619));
#1394 = LINE('',#1395,#1396);
#1395 = CARTESIAN_POINT('',(8.076416957027,-6.279541853576,
    74.880905907619));
#1396 = VECTOR('',#1397,1.);
#1397 = DIRECTION('',(-1.,0.,0.));
#1398 = ORIENTED_EDGE('',*,*,#1399,.F.);
#1399 = EDGE_CURVE('',#1337,#1392,#1400,.T.);
#1400 = LINE('',#1401,#1402);
#1401 = CARTESIAN_POINT('',(11.9,-17.97954185357,74.880905907619));
#1402 = VECTOR('',#1403,1.);
#1403 = DIRECTION('',(0.,1.,0.));
#1404 = ORIENTED_EDGE('',*,*,#1336,.F.);
#1405 = ORIENTED_EDGE('',*,*,#592,.F.);
#1406 = ORIENTED_EDGE('',*,*,#1407,.T.);
#1407 = EDGE_CURVE('',#585,#1408,#1410,.T.);
#1408 = VERTEX_POINT('',#1409);
#1409 = CARTESIAN_POINT('',(13.5,-17.97954185357,74.880905907619));
#1410 = LINE('',#1411,#1412);
#1411 = CARTESIAN_POINT('',(11.9,-17.97954185357,74.880905907619));
#1412 = VECTOR('',#1413,1.);
#1413 = DIRECTION('',(1.,0.,0.));
#1414 = ORIENTED_EDGE('',*,*,#1415,.T.);
#1415 = EDGE_CURVE('',#1408,#1416,#1418,.T.);
#1416 = VERTEX_POINT('',#1417);
#1417 = CARTESIAN_POINT('',(13.5,15.720458146424,74.880905907619));
#1418 = LINE('',#1419,#1420);
#1419 = CARTESIAN_POINT('',(13.5,14.120458146424,74.880905907619));
#1420 = VECTOR('',#1421,1.);
#1421 = DIRECTION('',(0.,1.,0.));
#1422 = ORIENTED_EDGE('',*,*,#1423,.F.);
#1423 = EDGE_CURVE('',#317,#1416,#1424,.T.);
#1424 = LINE('',#1425,#1426);
#1425 = CARTESIAN_POINT('',(-14.,15.720458146424,74.880905907619));
#1426 = VECTOR('',#1427,1.);
#1427 = DIRECTION('',(1.,0.,0.));
#1428 = PLANE('',#1429);
#1429 = AXIS2_PLACEMENT_3D('',#1430,#1431,#1432);
#1430 = CARTESIAN_POINT('',(4.262833914053,-1.129541853576,
    74.880905907619));
#1431 = DIRECTION('',(0.,0.,1.));
#1432 = DIRECTION('',(1.,0.,0.));
#1433 = ADVANCED_FACE('',(#1434),#1452,.T.);
#1434 = FACE_BOUND('',#1435,.T.);
#1435 = EDGE_LOOP('',(#1436,#1444,#1445,#1446));
#1436 = ORIENTED_EDGE('',*,*,#1437,.F.);
#1437 = EDGE_CURVE('',#1408,#1438,#1440,.T.);
#1438 = VERTEX_POINT('',#1439);
#1439 = CARTESIAN_POINT('',(13.5,-17.97954185357,94.180905907619));
#1440 = LINE('',#1441,#1442);
#1441 = CARTESIAN_POINT('',(13.5,-17.97954185357,12.));
#1442 = VECTOR('',#1443,1.);
#1443 = DIRECTION('',(0.,0.,1.));
#1444 = ORIENTED_EDGE('',*,*,#1407,.F.);
#1445 = ORIENTED_EDGE('',*,*,#584,.F.);
#1446 = ORIENTED_EDGE('',*,*,#1447,.T.);
#1447 = EDGE_CURVE('',#577,#1438,#1448,.T.);
#1448 = LINE('',#1449,#1450);
#1449 = CARTESIAN_POINT('',(-14.,-17.97954185357,94.180905907619));
#1450 = VECTOR('',#1451,1.);
#1451 = DIRECTION('',(1.,0.,0.));
#1452 = PLANE('',#1453);
#1453 = AXIS2_PLACEMENT_3D('',#1454,#1455,#1456);
#1454 = CARTESIAN_POINT('',(-14.5,-17.97954185357,12.));
#1455 = DIRECTION('',(0.,1.,0.));
#1456 = DIRECTION('',(0.,0.,1.));
#1457 = ADVANCED_FACE('',(#1458),#1499,.T.);
#1458 = FACE_BOUND('',#1459,.T.);
#1459 = EDGE_LOOP('',(#1460,#1468,#1474,#1475,#1476,#1484,#1492,#1498));
#1460 = ORIENTED_EDGE('',*,*,#1461,.T.);
#1461 = EDGE_CURVE('',#325,#1462,#1464,.T.);
#1462 = VERTEX_POINT('',#1463);
#1463 = CARTESIAN_POINT('',(13.5,15.720458146424,94.180905907619));
#1464 = LINE('',#1465,#1466);
#1465 = CARTESIAN_POINT('',(11.9,15.720458146424,94.180905907619));
#1466 = VECTOR('',#1467,1.);
#1467 = DIRECTION('',(1.,0.,0.));
#1468 = ORIENTED_EDGE('',*,*,#1469,.F.);
#1469 = EDGE_CURVE('',#1438,#1462,#1470,.T.);
#1470 = LINE('',#1471,#1472);
#1471 = CARTESIAN_POINT('',(13.5,-17.98954185357,94.180905907619));
#1472 = VECTOR('',#1473,1.);
#1473 = DIRECTION('',(0.,1.,0.));
#1474 = ORIENTED_EDGE('',*,*,#1447,.F.);
#1475 = ORIENTED_EDGE('',*,*,#576,.T.);
#1476 = ORIENTED_EDGE('',*,*,#1477,.T.);
#1477 = EDGE_CURVE('',#569,#1478,#1480,.T.);
#1478 = VERTEX_POINT('',#1479);
#1479 = CARTESIAN_POINT('',(11.9,-16.37954185357,94.180905907619));
#1480 = LINE('',#1481,#1482);
#1481 = CARTESIAN_POINT('',(-13.5,-16.37954185357,94.180905907619));
#1482 = VECTOR('',#1483,1.);
#1483 = DIRECTION('',(1.,0.,0.));
#1484 = ORIENTED_EDGE('',*,*,#1485,.T.);
#1485 = EDGE_CURVE('',#1478,#1486,#1488,.T.);
#1486 = VERTEX_POINT('',#1487);
#1487 = CARTESIAN_POINT('',(11.9,14.120458146424,94.180905907619));
#1488 = LINE('',#1489,#1490);
#1489 = CARTESIAN_POINT('',(11.9,-17.97954185357,94.180905907619));
#1490 = VECTOR('',#1491,1.);
#1491 = DIRECTION('',(0.,1.,0.));
#1492 = ORIENTED_EDGE('',*,*,#1493,.F.);
#1493 = EDGE_CURVE('',#333,#1486,#1494,.T.);
#1494 = LINE('',#1495,#1496);
#1495 = CARTESIAN_POINT('',(-13.5,14.120458146424,94.180905907619));
#1496 = VECTOR('',#1497,1.);
#1497 = DIRECTION('',(1.,0.,0.));
#1498 = ORIENTED_EDGE('',*,*,#332,.T.);
#1499 = PLANE('',#1500);
#1500 = AXIS2_PLACEMENT_3D('',#1501,#1502,#1503);
#1501 = CARTESIAN_POINT('',(4.262833914053,-1.129541853576,
    94.180905907619));
#1502 = DIRECTION('',(-0.,-0.,-1.));
#1503 = DIRECTION('',(-1.,0.,0.));
#1504 = ADVANCED_FACE('',(#1505),#1523,.T.);
#1505 = FACE_BOUND('',#1506,.T.);
#1506 = EDGE_LOOP('',(#1507,#1508,#1509,#1517));
#1507 = ORIENTED_EDGE('',*,*,#1477,.F.);
#1508 = ORIENTED_EDGE('',*,*,#568,.T.);
#1509 = ORIENTED_EDGE('',*,*,#1510,.T.);
#1510 = EDGE_CURVE('',#561,#1511,#1513,.T.);
#1511 = VERTEX_POINT('',#1512);
#1512 = CARTESIAN_POINT('',(11.9,-16.37954185357,95.780905907619));
#1513 = LINE('',#1514,#1515);
#1514 = CARTESIAN_POINT('',(-13.5,-16.37954185357,95.780905907619));
#1515 = VECTOR('',#1516,1.);
#1516 = DIRECTION('',(1.,0.,0.));
#1517 = ORIENTED_EDGE('',*,*,#1518,.T.);
#1518 = EDGE_CURVE('',#1511,#1478,#1519,.T.);
#1519 = LINE('',#1520,#1521);
#1520 = CARTESIAN_POINT('',(11.9,-16.37954185357,94.180905907619));
#1521 = VECTOR('',#1522,1.);
#1522 = DIRECTION('',(0.,0.,-1.));
#1523 = PLANE('',#1524);
#1524 = AXIS2_PLACEMENT_3D('',#1525,#1526,#1527);
#1525 = CARTESIAN_POINT('',(-13.5,-16.37954185357,94.180905907619));
#1526 = DIRECTION('',(0.,1.,0.));
#1527 = DIRECTION('',(0.,0.,1.));
#1528 = ADVANCED_FACE('',(#1529),#1570,.T.);
#1529 = FACE_BOUND('',#1530,.T.);
#1530 = EDGE_LOOP('',(#1531,#1532,#1540,#1546,#1547,#1548,#1556,#1564));
#1531 = ORIENTED_EDGE('',*,*,#348,.F.);
#1532 = ORIENTED_EDGE('',*,*,#1533,.T.);
#1533 = EDGE_CURVE('',#341,#1534,#1536,.T.);
#1534 = VERTEX_POINT('',#1535);
#1535 = CARTESIAN_POINT('',(11.9,14.120458146424,95.780905907619));
#1536 = LINE('',#1537,#1538);
#1537 = CARTESIAN_POINT('',(-13.5,14.120458146424,95.780905907619));
#1538 = VECTOR('',#1539,1.);
#1539 = DIRECTION('',(1.,0.,0.));
#1540 = ORIENTED_EDGE('',*,*,#1541,.F.);
#1541 = EDGE_CURVE('',#1511,#1534,#1542,.T.);
#1542 = LINE('',#1543,#1544);
#1543 = CARTESIAN_POINT('',(11.9,-17.97954185357,95.780905907619));
#1544 = VECTOR('',#1545,1.);
#1545 = DIRECTION('',(0.,1.,0.));
#1546 = ORIENTED_EDGE('',*,*,#1510,.F.);
#1547 = ORIENTED_EDGE('',*,*,#560,.F.);
#1548 = ORIENTED_EDGE('',*,*,#1549,.T.);
#1549 = EDGE_CURVE('',#553,#1550,#1552,.T.);
#1550 = VERTEX_POINT('',#1551);
#1551 = CARTESIAN_POINT('',(13.5,-17.97954185357,95.780905907619));
#1552 = LINE('',#1553,#1554);
#1553 = CARTESIAN_POINT('',(11.9,-17.97954185357,95.780905907619));
#1554 = VECTOR('',#1555,1.);
#1555 = DIRECTION('',(1.,0.,0.));
#1556 = ORIENTED_EDGE('',*,*,#1557,.T.);
#1557 = EDGE_CURVE('',#1550,#1558,#1560,.T.);
#1558 = VERTEX_POINT('',#1559);
#1559 = CARTESIAN_POINT('',(13.5,15.720458146424,95.780905907619));
#1560 = LINE('',#1561,#1562);
#1561 = CARTESIAN_POINT('',(13.5,14.120458146424,95.780905907619));
#1562 = VECTOR('',#1563,1.);
#1563 = DIRECTION('',(0.,1.,0.));
#1564 = ORIENTED_EDGE('',*,*,#1565,.F.);
#1565 = EDGE_CURVE('',#349,#1558,#1566,.T.);
#1566 = LINE('',#1567,#1568);
#1567 = CARTESIAN_POINT('',(-14.,15.720458146424,95.780905907619));
#1568 = VECTOR('',#1569,1.);
#1569 = DIRECTION('',(1.,0.,0.));
#1570 = PLANE('',#1571);
#1571 = AXIS2_PLACEMENT_3D('',#1572,#1573,#1574);
#1572 = CARTESIAN_POINT('',(4.262833914053,-1.129541853576,
    95.780905907619));
#1573 = DIRECTION('',(0.,0.,1.));
#1574 = DIRECTION('',(1.,0.,0.));
#1575 = ADVANCED_FACE('',(#1576),#1594,.T.);
#1576 = FACE_BOUND('',#1577,.T.);
#1577 = EDGE_LOOP('',(#1578,#1586,#1587,#1588));
#1578 = ORIENTED_EDGE('',*,*,#1579,.F.);
#1579 = EDGE_CURVE('',#1550,#1580,#1582,.T.);
#1580 = VERTEX_POINT('',#1581);
#1581 = CARTESIAN_POINT('',(13.5,-17.97954185357,99.280905907619));
#1582 = LINE('',#1583,#1584);
#1583 = CARTESIAN_POINT('',(13.5,-17.97954185357,12.));
#1584 = VECTOR('',#1585,1.);
#1585 = DIRECTION('',(0.,0.,1.));
#1586 = ORIENTED_EDGE('',*,*,#1549,.F.);
#1587 = ORIENTED_EDGE('',*,*,#552,.F.);
#1588 = ORIENTED_EDGE('',*,*,#1589,.T.);
#1589 = EDGE_CURVE('',#545,#1580,#1590,.T.);
#1590 = LINE('',#1591,#1592);
#1591 = CARTESIAN_POINT('',(-14.,-17.97954185357,99.280905907619));
#1592 = VECTOR('',#1593,1.);
#1593 = DIRECTION('',(1.,0.,0.));
#1594 = PLANE('',#1595);
#1595 = AXIS2_PLACEMENT_3D('',#1596,#1597,#1598);
#1596 = CARTESIAN_POINT('',(-14.5,-17.97954185357,12.));
#1597 = DIRECTION('',(0.,1.,0.));
#1598 = DIRECTION('',(0.,0.,1.));
#1599 = ADVANCED_FACE('',(#1600),#1641,.T.);
#1600 = FACE_BOUND('',#1601,.T.);
#1601 = EDGE_LOOP('',(#1602,#1610,#1616,#1617,#1618,#1626,#1634,#1640));
#1602 = ORIENTED_EDGE('',*,*,#1603,.T.);
#1603 = EDGE_CURVE('',#357,#1604,#1606,.T.);
#1604 = VERTEX_POINT('',#1605);
#1605 = CARTESIAN_POINT('',(13.5,15.720458146424,99.280905907619));
#1606 = LINE('',#1607,#1608);
#1607 = CARTESIAN_POINT('',(11.9,15.720458146424,99.280905907619));
#1608 = VECTOR('',#1609,1.);
#1609 = DIRECTION('',(1.,0.,0.));
#1610 = ORIENTED_EDGE('',*,*,#1611,.F.);
#1611 = EDGE_CURVE('',#1580,#1604,#1612,.T.);
#1612 = LINE('',#1613,#1614);
#1613 = CARTESIAN_POINT('',(13.5,-17.98954185357,99.280905907619));
#1614 = VECTOR('',#1615,1.);
#1615 = DIRECTION('',(0.,1.,0.));
#1616 = ORIENTED_EDGE('',*,*,#1589,.F.);
#1617 = ORIENTED_EDGE('',*,*,#544,.T.);
#1618 = ORIENTED_EDGE('',*,*,#1619,.T.);
#1619 = EDGE_CURVE('',#537,#1620,#1622,.T.);
#1620 = VERTEX_POINT('',#1621);
#1621 = CARTESIAN_POINT('',(11.9,-16.37954185357,99.280905907619));
#1622 = LINE('',#1623,#1624);
#1623 = CARTESIAN_POINT('',(-13.5,-16.37954185357,99.280905907619));
#1624 = VECTOR('',#1625,1.);
#1625 = DIRECTION('',(1.,0.,0.));
#1626 = ORIENTED_EDGE('',*,*,#1627,.T.);
#1627 = EDGE_CURVE('',#1620,#1628,#1630,.T.);
#1628 = VERTEX_POINT('',#1629);
#1629 = CARTESIAN_POINT('',(11.9,14.120458146424,99.280905907619));
#1630 = LINE('',#1631,#1632);
#1631 = CARTESIAN_POINT('',(11.9,-17.97954185357,99.280905907619));
#1632 = VECTOR('',#1633,1.);
#1633 = DIRECTION('',(0.,1.,0.));
#1634 = ORIENTED_EDGE('',*,*,#1635,.F.);
#1635 = EDGE_CURVE('',#365,#1628,#1636,.T.);
#1636 = LINE('',#1637,#1638);
#1637 = CARTESIAN_POINT('',(-13.5,14.120458146424,99.280905907619));
#1638 = VECTOR('',#1639,1.);
#1639 = DIRECTION('',(1.,0.,0.));
#1640 = ORIENTED_EDGE('',*,*,#364,.T.);
#1641 = PLANE('',#1642);
#1642 = AXIS2_PLACEMENT_3D('',#1643,#1644,#1645);
#1643 = CARTESIAN_POINT('',(4.262833914053,-1.129541853576,
    99.280905907619));
#1644 = DIRECTION('',(-0.,-0.,-1.));
#1645 = DIRECTION('',(-1.,0.,0.));
#1646 = ADVANCED_FACE('',(#1647),#1665,.T.);
#1647 = FACE_BOUND('',#1648,.T.);
#1648 = EDGE_LOOP('',(#1649,#1650,#1651,#1659));
#1649 = ORIENTED_EDGE('',*,*,#1619,.F.);
#1650 = ORIENTED_EDGE('',*,*,#536,.T.);
#1651 = ORIENTED_EDGE('',*,*,#1652,.T.);
#1652 = EDGE_CURVE('',#529,#1653,#1655,.T.);
#1653 = VERTEX_POINT('',#1654);
#1654 = CARTESIAN_POINT('',(11.9,-16.37954185357,100.88090590761));
#1655 = LINE('',#1656,#1657);
#1656 = CARTESIAN_POINT('',(-13.5,-16.37954185357,100.88090590761));
#1657 = VECTOR('',#1658,1.);
#1658 = DIRECTION('',(1.,0.,0.));
#1659 = ORIENTED_EDGE('',*,*,#1660,.T.);
#1660 = EDGE_CURVE('',#1653,#1620,#1661,.T.);
#1661 = LINE('',#1662,#1663);
#1662 = CARTESIAN_POINT('',(11.9,-16.37954185357,99.280905907619));
#1663 = VECTOR('',#1664,1.);
#1664 = DIRECTION('',(0.,0.,-1.));
#1665 = PLANE('',#1666);
#1666 = AXIS2_PLACEMENT_3D('',#1667,#1668,#1669);
#1667 = CARTESIAN_POINT('',(-13.5,-16.37954185357,99.280905907619));
#1668 = DIRECTION('',(0.,1.,0.));
#1669 = DIRECTION('',(0.,0.,1.));
#1670 = ADVANCED_FACE('',(#1671),#1712,.T.);
#1671 = FACE_BOUND('',#1672,.T.);
#1672 = EDGE_LOOP('',(#1673,#1674,#1682,#1688,#1689,#1690,#1698,#1706));
#1673 = ORIENTED_EDGE('',*,*,#380,.F.);
#1674 = ORIENTED_EDGE('',*,*,#1675,.T.);
#1675 = EDGE_CURVE('',#373,#1676,#1678,.T.);
#1676 = VERTEX_POINT('',#1677);
#1677 = CARTESIAN_POINT('',(11.9,14.120458146424,100.88090590761));
#1678 = LINE('',#1679,#1680);
#1679 = CARTESIAN_POINT('',(-13.5,14.120458146424,100.88090590761));
#1680 = VECTOR('',#1681,1.);
#1681 = DIRECTION('',(1.,0.,0.));
#1682 = ORIENTED_EDGE('',*,*,#1683,.F.);
#1683 = EDGE_CURVE('',#1653,#1676,#1684,.T.);
#1684 = LINE('',#1685,#1686);
#1685 = CARTESIAN_POINT('',(11.9,-17.97954185357,100.88090590761));
#1686 = VECTOR('',#1687,1.);
#1687 = DIRECTION('',(0.,1.,0.));
#1688 = ORIENTED_EDGE('',*,*,#1652,.F.);
#1689 = ORIENTED_EDGE('',*,*,#528,.F.);
#1690 = ORIENTED_EDGE('',*,*,#1691,.T.);
#1691 = EDGE_CURVE('',#521,#1692,#1694,.T.);
#1692 = VERTEX_POINT('',#1693);
#1693 = CARTESIAN_POINT('',(13.5,-17.97954185357,100.88090590761));
#1694 = LINE('',#1695,#1696);
#1695 = CARTESIAN_POINT('',(11.9,-17.97954185357,100.88090590761));
#1696 = VECTOR('',#1697,1.);
#1697 = DIRECTION('',(1.,0.,0.));
#1698 = ORIENTED_EDGE('',*,*,#1699,.T.);
#1699 = EDGE_CURVE('',#1692,#1700,#1702,.T.);
#1700 = VERTEX_POINT('',#1701);
#1701 = CARTESIAN_POINT('',(13.5,15.720458146424,100.88090590761));
#1702 = LINE('',#1703,#1704);
#1703 = CARTESIAN_POINT('',(13.5,14.120458146424,100.88090590761));
#1704 = VECTOR('',#1705,1.);
#1705 = DIRECTION('',(0.,1.,0.));
#1706 = ORIENTED_EDGE('',*,*,#1707,.F.);
#1707 = EDGE_CURVE('',#381,#1700,#1708,.T.);
#1708 = LINE('',#1709,#1710);
#1709 = CARTESIAN_POINT('',(-14.,15.720458146424,100.88090590761));
#1710 = VECTOR('',#1711,1.);
#1711 = DIRECTION('',(1.,0.,0.));
#1712 = PLANE('',#1713);
#1713 = AXIS2_PLACEMENT_3D('',#1714,#1715,#1716);
#1714 = CARTESIAN_POINT('',(4.262833914053,-1.129541853576,
    100.88090590761));
#1715 = DIRECTION('',(0.,0.,1.));
#1716 = DIRECTION('',(1.,0.,0.));
#1717 = ADVANCED_FACE('',(#1718),#1736,.T.);
#1718 = FACE_BOUND('',#1719,.T.);
#1719 = EDGE_LOOP('',(#1720,#1728,#1729,#1730));
#1720 = ORIENTED_EDGE('',*,*,#1721,.F.);
#1721 = EDGE_CURVE('',#1692,#1722,#1724,.T.);
#1722 = VERTEX_POINT('',#1723);
#1723 = CARTESIAN_POINT('',(13.5,-17.97954185357,115.50446648737));
#1724 = LINE('',#1725,#1726);
#1725 = CARTESIAN_POINT('',(13.5,-17.97954185357,12.));
#1726 = VECTOR('',#1727,1.);
#1727 = DIRECTION('',(0.,0.,1.));
#1728 = ORIENTED_EDGE('',*,*,#1691,.F.);
#1729 = ORIENTED_EDGE('',*,*,#520,.F.);
#1730 = ORIENTED_EDGE('',*,*,#1731,.T.);
#1731 = EDGE_CURVE('',#513,#1722,#1732,.T.);
#1732 = LINE('',#1733,#1734);
#1733 = CARTESIAN_POINT('',(-37.25,-17.97954185357,115.50446648737));
#1734 = VECTOR('',#1735,1.);
#1735 = DIRECTION('',(1.,0.,0.));
#1736 = PLANE('',#1737);
#1737 = AXIS2_PLACEMENT_3D('',#1738,#1739,#1740);
#1738 = CARTESIAN_POINT('',(-14.5,-17.97954185357,12.));
#1739 = DIRECTION('',(0.,1.,0.));
#1740 = DIRECTION('',(0.,0.,1.));
#1741 = ADVANCED_FACE('',(#1742,#1815),#1826,.T.);
#1742 = FACE_BOUND('',#1743,.T.);
#1743 = EDGE_LOOP('',(#1744,#1754,#1760,#1761,#1769,#1775,#1776,#1777,
    #1785,#1793,#1801,#1809));
#1744 = ORIENTED_EDGE('',*,*,#1745,.T.);
#1745 = EDGE_CURVE('',#1746,#1748,#1750,.T.);
#1746 = VERTEX_POINT('',#1747);
#1747 = CARTESIAN_POINT('',(-19.,-24.45775033922,112.88390212535));
#1748 = VERTEX_POINT('',#1749);
#1749 = CARTESIAN_POINT('',(-19.,18.220458146424,130.14808750007));
#1750 = LINE('',#1751,#1752);
#1751 = CARTESIAN_POINT('',(-19.,-24.45775033922,112.88390212535));
#1752 = VECTOR('',#1753,1.);
#1753 = DIRECTION('',(0.,0.927024810887,0.375));
#1754 = ORIENTED_EDGE('',*,*,#1755,.F.);
#1755 = EDGE_CURVE('',#397,#1748,#1756,.T.);
#1756 = LINE('',#1757,#1758);
#1757 = CARTESIAN_POINT('',(-21.25,18.220458146424,130.14808750007));
#1758 = VECTOR('',#1759,1.);
#1759 = DIRECTION('',(-1.,0.,0.));
#1760 = ORIENTED_EDGE('',*,*,#396,.T.);
#1761 = ORIENTED_EDGE('',*,*,#1762,.T.);
#1762 = EDGE_CURVE('',#389,#1763,#1765,.T.);
#1763 = VERTEX_POINT('',#1764);
#1764 = CARTESIAN_POINT('',(13.5,15.720458146424,129.13678770638));
#1765 = LINE('',#1766,#1767);
#1766 = CARTESIAN_POINT('',(-37.25,15.720458146424,129.13678770638));
#1767 = VECTOR('',#1768,1.);
#1768 = DIRECTION('',(1.,0.,0.));
#1769 = ORIENTED_EDGE('',*,*,#1770,.T.);
#1770 = EDGE_CURVE('',#1763,#1722,#1771,.T.);
#1771 = LINE('',#1772,#1773);
#1772 = CARTESIAN_POINT('',(13.5,-67.02024201139,95.666526506473));
#1773 = VECTOR('',#1774,1.);
#1774 = DIRECTION('',(0.,-0.927024810887,-0.375));
#1775 = ORIENTED_EDGE('',*,*,#1731,.F.);
#1776 = ORIENTED_EDGE('',*,*,#512,.T.);
#1777 = ORIENTED_EDGE('',*,*,#1778,.T.);
#1778 = EDGE_CURVE('',#505,#1779,#1781,.T.);
#1779 = VERTEX_POINT('',#1780);
#1780 = CARTESIAN_POINT('',(16.,-20.47954185357,114.49316669368));
#1781 = LINE('',#1782,#1783);
#1782 = CARTESIAN_POINT('',(-16.25,-20.47954185357,114.49316669368));
#1783 = VECTOR('',#1784,1.);
#1784 = DIRECTION('',(1.,0.,0.));
#1785 = ORIENTED_EDGE('',*,*,#1786,.F.);
#1786 = EDGE_CURVE('',#1787,#1779,#1789,.T.);
#1787 = VERTEX_POINT('',#1788);
#1788 = CARTESIAN_POINT('',(16.,18.220458146424,130.14808750007));
#1789 = LINE('',#1790,#1791);
#1790 = CARTESIAN_POINT('',(16.,-41.46567306867,106.00385862637));
#1791 = VECTOR('',#1792,1.);
#1792 = DIRECTION('',(0.,-0.927024810887,-0.375));
#1793 = ORIENTED_EDGE('',*,*,#1794,.F.);
#1794 = EDGE_CURVE('',#1795,#1787,#1797,.T.);
#1795 = VERTEX_POINT('',#1796);
#1796 = CARTESIAN_POINT('',(19.,18.220458146424,130.14808750007));
#1797 = LINE('',#1798,#1799);
#1798 = CARTESIAN_POINT('',(-21.25,18.220458146424,130.14808750007));
#1799 = VECTOR('',#1800,1.);
#1800 = DIRECTION('',(-1.,0.,0.));
#1801 = ORIENTED_EDGE('',*,*,#1802,.F.);
#1802 = EDGE_CURVE('',#1803,#1795,#1805,.T.);
#1803 = VERTEX_POINT('',#1804);
#1804 = CARTESIAN_POINT('',(19.,-24.45775033922,112.88390212535));
#1805 = LINE('',#1806,#1807);
#1806 = CARTESIAN_POINT('',(19.,-24.45775033922,112.88390212535));
#1807 = VECTOR('',#1808,1.);
#1808 = DIRECTION('',(0.,0.927024810887,0.375));
#1809 = ORIENTED_EDGE('',*,*,#1810,.F.);
#1810 = EDGE_CURVE('',#1746,#1803,#1811,.T.);
#1811 = LINE('',#1812,#1813);
#1812 = CARTESIAN_POINT('',(-19.,-24.45775033922,112.88390212535));
#1813 = VECTOR('',#1814,1.);
#1814 = DIRECTION('',(1.,0.,0.));
#1815 = FACE_BOUND('',#1816,.T.);
#1816 = EDGE_LOOP('',(#1817));
#1817 = ORIENTED_EDGE('',*,*,#1818,.F.);
#1818 = EDGE_CURVE('',#1819,#1819,#1821,.T.);
#1819 = VERTEX_POINT('',#1820);
#1820 = CARTESIAN_POINT('',(10.399491873224,-5.917254121482,
    120.38390212535));
#1821 = CIRCLE('',#1822,10.399491873224);
#1822 = AXIS2_PLACEMENT_3D('',#1823,#1824,#1825);
#1823 = CARTESIAN_POINT('',(0.,-5.917254121482,120.38390212535));
#1824 = DIRECTION('',(0.,0.375,-0.927024810887));
#1825 = DIRECTION('',(1.,0.,0.));
#1826 = PLANE('',#1827);
#1827 = AXIS2_PLACEMENT_3D('',#1828,#1829,#1830);
#1828 = CARTESIAN_POINT('',(3.553681190539,-5.959783448813,
    120.36669816537));
#1829 = DIRECTION('',(0.,0.375,-0.927024810887));
#1830 = DIRECTION('',(0.,-0.927024810887,-0.375));
#1831 = ADVANCED_FACE('',(#1832),#1905,.F.);
#1832 = FACE_BOUND('',#1833,.F.);
#1833 = EDGE_LOOP('',(#1834,#1844,#1850,#1851,#1859,#1867,#1873,#1874,
    #1875,#1883,#1891,#1899));
#1834 = ORIENTED_EDGE('',*,*,#1835,.F.);
#1835 = EDGE_CURVE('',#1836,#1838,#1840,.T.);
#1836 = VERTEX_POINT('',#1837);
#1837 = CARTESIAN_POINT('',(16.,-20.47954185357,5.2));
#1838 = VERTEX_POINT('',#1839);
#1839 = CARTESIAN_POINT('',(16.,-20.47954185357,7.490921348624));
#1840 = LINE('',#1841,#1842);
#1841 = CARTESIAN_POINT('',(16.,-20.47954185357,5.2));
#1842 = VECTOR('',#1843,1.);
#1843 = DIRECTION('',(0.,0.,1.));
#1844 = ORIENTED_EDGE('',*,*,#1845,.F.);
#1845 = EDGE_CURVE('',#471,#1836,#1846,.T.);
#1846 = LINE('',#1847,#1848);
#1847 = CARTESIAN_POINT('',(-13.5,-20.47954185357,5.2));
#1848 = VECTOR('',#1849,1.);
#1849 = DIRECTION('',(1.,0.,0.));
#1850 = ORIENTED_EDGE('',*,*,#478,.T.);
#1851 = ORIENTED_EDGE('',*,*,#1852,.F.);
#1852 = EDGE_CURVE('',#1853,#479,#1855,.T.);
#1853 = VERTEX_POINT('',#1854);
#1854 = CARTESIAN_POINT('',(-5.5,-20.47954185357,87.676803941369));
#1855 = LINE('',#1856,#1857);
#1856 = CARTESIAN_POINT('',(-13.5,-20.47954185357,87.676803941369));
#1857 = VECTOR('',#1858,1.);
#1858 = DIRECTION('',(-1.,-0.,-2.22044604925E-16));
#1859 = ORIENTED_EDGE('',*,*,#1860,.F.);
#1860 = EDGE_CURVE('',#1861,#1853,#1863,.T.);
#1861 = VERTEX_POINT('',#1862);
#1862 = CARTESIAN_POINT('',(-5.5,-20.47954185357,94.385007873868));
#1863 = LINE('',#1864,#1865);
#1864 = CARTESIAN_POINT('',(-5.5,-20.47954185357,48.115452953809));
#1865 = VECTOR('',#1866,1.);
#1866 = DIRECTION('',(2.22044604925E-16,0.,-1.));
#1867 = ORIENTED_EDGE('',*,*,#1868,.T.);
#1868 = EDGE_CURVE('',#1861,#496,#1869,.T.);
#1869 = LINE('',#1870,#1871);
#1870 = CARTESIAN_POINT('',(-13.5,-20.47954185357,94.385007873868));
#1871 = VECTOR('',#1872,1.);
#1872 = DIRECTION('',(-1.,-0.,-2.22044604925E-16));
#1873 = ORIENTED_EDGE('',*,*,#504,.T.);
#1874 = ORIENTED_EDGE('',*,*,#1778,.T.);
#1875 = ORIENTED_EDGE('',*,*,#1876,.F.);
#1876 = EDGE_CURVE('',#1877,#1779,#1879,.T.);
#1877 = VERTEX_POINT('',#1878);
#1878 = CARTESIAN_POINT('',(16.,-20.47954185357,9.709078651376));
#1879 = LINE('',#1880,#1881);
#1880 = CARTESIAN_POINT('',(16.,-20.47954185357,5.2));
#1881 = VECTOR('',#1882,1.);
#1882 = DIRECTION('',(0.,0.,1.));
#1883 = ORIENTED_EDGE('',*,*,#1884,.T.);
#1884 = EDGE_CURVE('',#1877,#1885,#1887,.T.);
#1885 = VERTEX_POINT('',#1886);
#1886 = CARTESIAN_POINT('',(13.,-20.47954185357,9.709078651376));
#1887 = LINE('',#1888,#1889);
#1888 = CARTESIAN_POINT('',(13.,-20.47954185357,9.709078651376));
#1889 = VECTOR('',#1890,1.);
#1890 = DIRECTION('',(-1.,-0.,-2.22044604925E-16));
#1891 = ORIENTED_EDGE('',*,*,#1892,.T.);
#1892 = EDGE_CURVE('',#1885,#1893,#1895,.T.);
#1893 = VERTEX_POINT('',#1894);
#1894 = CARTESIAN_POINT('',(13.,-20.47954185357,7.490921348624));
#1895 = LINE('',#1896,#1897);
#1896 = CARTESIAN_POINT('',(13.,-20.47954185357,6.9));
#1897 = VECTOR('',#1898,1.);
#1898 = DIRECTION('',(2.22044604925E-16,0.,-1.));
#1899 = ORIENTED_EDGE('',*,*,#1900,.F.);
#1900 = EDGE_CURVE('',#1838,#1893,#1901,.T.);
#1901 = LINE('',#1902,#1903);
#1902 = CARTESIAN_POINT('',(13.,-20.47954185357,7.490921348624));
#1903 = VECTOR('',#1904,1.);
#1904 = DIRECTION('',(-1.,-0.,-2.22044604925E-16));
#1905 = PLANE('',#1906);
#1906 = AXIS2_PLACEMENT_3D('',#1907,#1908,#1909);
#1907 = CARTESIAN_POINT('',(-13.5,-20.47954185357,5.2));
#1908 = DIRECTION('',(0.,1.,0.));
#1909 = DIRECTION('',(0.,0.,1.));
#1910 = ADVANCED_FACE('',(#1911),#1933,.T.);
#1911 = FACE_BOUND('',#1912,.F.);
#1912 = EDGE_LOOP('',(#1913,#1914,#1915,#1916,#1917,#1926));
#1913 = ORIENTED_EDGE('',*,*,#1852,.T.);
#1914 = ORIENTED_EDGE('',*,*,#486,.F.);
#1915 = ORIENTED_EDGE('',*,*,#495,.F.);
#1916 = ORIENTED_EDGE('',*,*,#1868,.F.);
#1917 = ORIENTED_EDGE('',*,*,#1918,.T.);
#1918 = EDGE_CURVE('',#1861,#1919,#1921,.T.);
#1919 = VERTEX_POINT('',#1920);
#1920 = CARTESIAN_POINT('',(-5.5,-21.47954185357,87.530905907619));
#1921 = CIRCLE('',#1922,3.5);
#1922 = AXIS2_PLACEMENT_3D('',#1923,#1924,#1925);
#1923 = CARTESIAN_POINT('',(-5.5,-21.47954185357,91.030905907619));
#1924 = DIRECTION('',(1.,-0.,2.22044604925E-16));
#1925 = DIRECTION('',(2.22044604925E-16,0.,-1.));
#1926 = ORIENTED_EDGE('',*,*,#1927,.T.);
#1927 = EDGE_CURVE('',#1919,#1853,#1928,.T.);
#1928 = CIRCLE('',#1929,3.5);
#1929 = AXIS2_PLACEMENT_3D('',#1930,#1931,#1932);
#1930 = CARTESIAN_POINT('',(-5.5,-21.47954185357,91.030905907619));
#1931 = DIRECTION('',(1.,-0.,2.22044604925E-16));
#1932 = DIRECTION('',(2.22044604925E-16,0.,-1.));
#1933 = CYLINDRICAL_SURFACE('',#1934,3.5);
#1934 = AXIS2_PLACEMENT_3D('',#1935,#1936,#1937);
#1935 = CARTESIAN_POINT('',(-13.5,-21.47954185357,91.030905907619));
#1936 = DIRECTION('',(-1.,-0.,-2.22044604925E-16));
#1937 = DIRECTION('',(2.22044604925E-16,0.,-1.));
#1938 = ADVANCED_FACE('',(#1939),#1980,.F.);
#1939 = FACE_BOUND('',#1940,.F.);
#1940 = EDGE_LOOP('',(#1941,#1942,#1943,#1951,#1957,#1958,#1966,#1974));
#1941 = ORIENTED_EDGE('',*,*,#470,.F.);
#1942 = ORIENTED_EDGE('',*,*,#1845,.T.);
#1943 = ORIENTED_EDGE('',*,*,#1944,.T.);
#1944 = EDGE_CURVE('',#1836,#1945,#1947,.T.);
#1945 = VERTEX_POINT('',#1946);
#1946 = CARTESIAN_POINT('',(16.,18.220458146424,5.2));
#1947 = LINE('',#1948,#1949);
#1948 = CARTESIAN_POINT('',(16.,-20.47954185357,5.2));
#1949 = VECTOR('',#1950,1.);
#1950 = DIRECTION('',(0.,1.,0.));
#1951 = ORIENTED_EDGE('',*,*,#1952,.F.);
#1952 = EDGE_CURVE('',#431,#1945,#1953,.T.);
#1953 = LINE('',#1954,#1955);
#1954 = CARTESIAN_POINT('',(-13.5,18.220458146424,5.2));
#1955 = VECTOR('',#1956,1.);
#1956 = DIRECTION('',(1.,0.,0.));
#1957 = ORIENTED_EDGE('',*,*,#438,.F.);
#1958 = ORIENTED_EDGE('',*,*,#1959,.F.);
#1959 = EDGE_CURVE('',#1960,#439,#1962,.T.);
#1960 = VERTEX_POINT('',#1961);
#1961 = CARTESIAN_POINT('',(14.,8.847913122802,5.2));
#1962 = LINE('',#1963,#1964);
#1963 = CARTESIAN_POINT('',(-14.,8.847913122802,5.2));
#1964 = VECTOR('',#1965,1.);
#1965 = DIRECTION('',(-1.,0.,0.));
#1966 = ORIENTED_EDGE('',*,*,#1967,.F.);
#1967 = EDGE_CURVE('',#1968,#1960,#1970,.T.);
#1968 = VERTEX_POINT('',#1969);
#1969 = CARTESIAN_POINT('',(14.,-8.847913122802,5.2));
#1970 = LINE('',#1971,#1972);
#1971 = CARTESIAN_POINT('',(14.,-14.6614016926,5.2));
#1972 = VECTOR('',#1973,1.);
#1973 = DIRECTION('',(0.,1.,0.));
#1974 = ORIENTED_EDGE('',*,*,#1975,.T.);
#1975 = EDGE_CURVE('',#1968,#463,#1976,.T.);
#1976 = LINE('',#1977,#1978);
#1977 = CARTESIAN_POINT('',(-14.,-8.847913122802,5.2));
#1978 = VECTOR('',#1979,1.);
#1979 = DIRECTION('',(-1.,0.,0.));
#1980 = PLANE('',#1981);
#1981 = AXIS2_PLACEMENT_3D('',#1982,#1983,#1984);
#1982 = CARTESIAN_POINT('',(-13.5,-20.47954185357,5.2));
#1983 = DIRECTION('',(0.,0.,1.));
#1984 = DIRECTION('',(1.,0.,0.));
#1985 = ADVANCED_FACE('',(#1986),#2004,.T.);
#1986 = FACE_BOUND('',#1987,.T.);
#1987 = EDGE_LOOP('',(#1988,#1996,#1997,#1998));
#1988 = ORIENTED_EDGE('',*,*,#1989,.F.);
#1989 = EDGE_CURVE('',#1968,#1990,#1992,.T.);
#1990 = VERTEX_POINT('',#1991);
#1991 = CARTESIAN_POINT('',(14.,-10.73180754715,9.25));
#1992 = LINE('',#1993,#1994);
#1993 = CARTESIAN_POINT('',(14.,-8.843261531631,5.19));
#1994 = VECTOR('',#1995,1.);
#1995 = DIRECTION('',(0.,-0.421762682755,0.906706258628));
#1996 = ORIENTED_EDGE('',*,*,#1975,.T.);
#1997 = ORIENTED_EDGE('',*,*,#462,.F.);
#1998 = ORIENTED_EDGE('',*,*,#1999,.T.);
#1999 = EDGE_CURVE('',#455,#1990,#2000,.T.);
#2000 = LINE('',#2001,#2002);
#2001 = CARTESIAN_POINT('',(-14.5,-10.73180754715,9.25));
#2002 = VECTOR('',#2003,1.);
#2003 = DIRECTION('',(1.,0.,0.));
#2004 = PLANE('',#2005);
#2005 = AXIS2_PLACEMENT_3D('',#2006,#2007,#2008);
#2006 = CARTESIAN_POINT('',(-14.5,-8.843261531631,5.19));
#2007 = DIRECTION('',(0.,0.906706258628,0.421762682755));
#2008 = DIRECTION('',(0.,-0.421762682755,0.906706258628));
#2009 = ADVANCED_FACE('',(#2010),#2044,.F.);
#2010 = FACE_BOUND('',#2011,.F.);
#2011 = EDGE_LOOP('',(#2012,#2020,#2021,#2022,#2030,#2038));
#2012 = ORIENTED_EDGE('',*,*,#2013,.F.);
#2013 = EDGE_CURVE('',#447,#2014,#2016,.T.);
#2014 = VERTEX_POINT('',#2015);
#2015 = CARTESIAN_POINT('',(13.,10.731807547159,9.25));
#2016 = LINE('',#2017,#2018);
#2017 = CARTESIAN_POINT('',(-14.5,10.731807547159,9.25));
#2018 = VECTOR('',#2019,1.);
#2019 = DIRECTION('',(1.,0.,0.));
#2020 = ORIENTED_EDGE('',*,*,#454,.F.);
#2021 = ORIENTED_EDGE('',*,*,#1999,.T.);
#2022 = ORIENTED_EDGE('',*,*,#2023,.T.);
#2023 = EDGE_CURVE('',#1990,#2024,#2026,.T.);
#2024 = VERTEX_POINT('',#2025);
#2025 = CARTESIAN_POINT('',(14.,10.373783447787,9.25));
#2026 = LINE('',#2027,#2028);
#2027 = CARTESIAN_POINT('',(14.,-10.73180754715,9.25));
#2028 = VECTOR('',#2029,1.);
#2029 = DIRECTION('',(0.,1.,0.));
#2030 = ORIENTED_EDGE('',*,*,#2031,.T.);
#2031 = EDGE_CURVE('',#2024,#2032,#2034,.T.);
#2032 = VERTEX_POINT('',#2033);
#2033 = CARTESIAN_POINT('',(13.,10.373783447787,9.25));
#2034 = LINE('',#2035,#2036);
#2035 = CARTESIAN_POINT('',(13.,10.373783447787,9.25));
#2036 = VECTOR('',#2037,1.);
#2037 = DIRECTION('',(-1.,-0.,-2.22044604925E-16));
#2038 = ORIENTED_EDGE('',*,*,#2039,.T.);
#2039 = EDGE_CURVE('',#2032,#2014,#2040,.T.);
#2040 = LINE('',#2041,#2042);
#2041 = CARTESIAN_POINT('',(13.,2.178369234184,9.25));
#2042 = VECTOR('',#2043,1.);
#2043 = DIRECTION('',(0.,1.,0.));
#2044 = PLANE('',#2045);
#2045 = AXIS2_PLACEMENT_3D('',#2046,#2047,#2048);
#2046 = CARTESIAN_POINT('',(-14.5,-8.843261531631,9.25));
#2047 = DIRECTION('',(0.,0.,1.));
#2048 = DIRECTION('',(1.,0.,0.));
#2049 = ADVANCED_FACE('',(#2050),#2077,.F.);
#2050 = FACE_BOUND('',#2051,.F.);
#2051 = EDGE_LOOP('',(#2052,#2060,#2061,#2062,#2063,#2071));
#2052 = ORIENTED_EDGE('',*,*,#2053,.F.);
#2053 = EDGE_CURVE('',#1960,#2054,#2056,.T.);
#2054 = VERTEX_POINT('',#2055);
#2055 = CARTESIAN_POINT('',(14.,10.311170126761,8.345712832639));
#2056 = LINE('',#2057,#2058);
#2057 = CARTESIAN_POINT('',(14.,8.843261531631,5.19));
#2058 = VECTOR('',#2059,1.);
#2059 = DIRECTION('',(0.,0.421762682755,0.906706258628));
#2060 = ORIENTED_EDGE('',*,*,#1959,.T.);
#2061 = ORIENTED_EDGE('',*,*,#446,.F.);
#2062 = ORIENTED_EDGE('',*,*,#2013,.T.);
#2063 = ORIENTED_EDGE('',*,*,#2064,.T.);
#2064 = EDGE_CURVE('',#2014,#2065,#2067,.T.);
#2065 = VERTEX_POINT('',#2066);
#2066 = CARTESIAN_POINT('',(13.,10.311170126761,8.345712832639));
#2067 = LINE('',#2068,#2069);
#2068 = CARTESIAN_POINT('',(13.,9.882775386214,7.424748962909));
#2069 = VECTOR('',#2070,1.);
#2070 = DIRECTION('',(2.013292329801E-16,-0.421762682755,-0.906706258628
    ));
#2071 = ORIENTED_EDGE('',*,*,#2072,.F.);
#2072 = EDGE_CURVE('',#2054,#2065,#2073,.T.);
#2073 = LINE('',#2074,#2075);
#2074 = CARTESIAN_POINT('',(13.,10.311170126761,8.345712832639));
#2075 = VECTOR('',#2076,1.);
#2076 = DIRECTION('',(-1.,-0.,-2.22044604925E-16));
#2077 = PLANE('',#2078);
#2078 = AXIS2_PLACEMENT_3D('',#2079,#2080,#2081);
#2079 = CARTESIAN_POINT('',(-14.5,8.843261531631,5.19));
#2080 = DIRECTION('',(0.,0.906706258628,-0.421762682755));
#2081 = DIRECTION('',(0.,0.421762682755,0.906706258628));
#2082 = ADVANCED_FACE('',(#2083,#2140,#2151,#2162,#2196,#2207),#2218,.T.
  );
#2083 = FACE_BOUND('',#2084,.T.);
#2084 = EDGE_LOOP('',(#2085,#2091,#2092,#2093,#2101,#2109,#2115,#2116,
    #2117,#2125,#2133,#2139));
#2085 = ORIENTED_EDGE('',*,*,#2086,.F.);
#2086 = EDGE_CURVE('',#1945,#1787,#2087,.T.);
#2087 = LINE('',#2088,#2089);
#2088 = CARTESIAN_POINT('',(16.,18.220458146424,5.2));
#2089 = VECTOR('',#2090,1.);
#2090 = DIRECTION('',(0.,0.,1.));
#2091 = ORIENTED_EDGE('',*,*,#1952,.F.);
#2092 = ORIENTED_EDGE('',*,*,#430,.T.);
#2093 = ORIENTED_EDGE('',*,*,#2094,.F.);
#2094 = EDGE_CURVE('',#2095,#422,#2097,.T.);
#2095 = VERTEX_POINT('',#2096);
#2096 = CARTESIAN_POINT('',(-5.5,18.220458146424,87.676803941369));
#2097 = LINE('',#2098,#2099);
#2098 = CARTESIAN_POINT('',(-13.5,18.220458146424,87.676803941369));
#2099 = VECTOR('',#2100,1.);
#2100 = DIRECTION('',(-1.,-0.,-2.22044604925E-16));
#2101 = ORIENTED_EDGE('',*,*,#2102,.F.);
#2102 = EDGE_CURVE('',#2103,#2095,#2105,.T.);
#2103 = VERTEX_POINT('',#2104);
#2104 = CARTESIAN_POINT('',(-5.5,18.220458146424,94.385007873868));
#2105 = LINE('',#2106,#2107);
#2106 = CARTESIAN_POINT('',(-5.5,18.220458146424,48.115452953809));
#2107 = VECTOR('',#2108,1.);
#2108 = DIRECTION('',(2.22044604925E-16,0.,-1.));
#2109 = ORIENTED_EDGE('',*,*,#2110,.T.);
#2110 = EDGE_CURVE('',#2103,#405,#2111,.T.);
#2111 = LINE('',#2112,#2113);
#2112 = CARTESIAN_POINT('',(-13.5,18.220458146424,94.385007873868));
#2113 = VECTOR('',#2114,1.);
#2114 = DIRECTION('',(-1.,-0.,-2.22044604925E-16));
#2115 = ORIENTED_EDGE('',*,*,#404,.T.);
#2116 = ORIENTED_EDGE('',*,*,#1755,.T.);
#2117 = ORIENTED_EDGE('',*,*,#2118,.T.);
#2118 = EDGE_CURVE('',#1748,#2119,#2121,.T.);
#2119 = VERTEX_POINT('',#2120);
#2120 = CARTESIAN_POINT('',(-19.,18.220458146424,133.3842468399));
#2121 = LINE('',#2122,#2123);
#2122 = CARTESIAN_POINT('',(-19.,18.220458146424,59.041951062679));
#2123 = VECTOR('',#2124,1.);
#2124 = DIRECTION('',(0.,0.,1.));
#2125 = ORIENTED_EDGE('',*,*,#2126,.F.);
#2126 = EDGE_CURVE('',#2127,#2119,#2129,.T.);
#2127 = VERTEX_POINT('',#2128);
#2128 = CARTESIAN_POINT('',(19.,18.220458146424,133.3842468399));
#2129 = LINE('',#2130,#2131);
#2130 = CARTESIAN_POINT('',(-21.25,18.220458146424,133.3842468399));
#2131 = VECTOR('',#2132,1.);
#2132 = DIRECTION('',(-1.,0.,0.));
#2133 = ORIENTED_EDGE('',*,*,#2134,.F.);
#2134 = EDGE_CURVE('',#1795,#2127,#2135,.T.);
#2135 = LINE('',#2136,#2137);
#2136 = CARTESIAN_POINT('',(19.,18.220458146424,59.041951062679));
#2137 = VECTOR('',#2138,1.);
#2138 = DIRECTION('',(0.,0.,1.));
#2139 = ORIENTED_EDGE('',*,*,#1794,.T.);
#2140 = FACE_BOUND('',#2141,.T.);
#2141 = EDGE_LOOP('',(#2142));
#2142 = ORIENTED_EDGE('',*,*,#2143,.T.);
#2143 = EDGE_CURVE('',#2144,#2144,#2146,.T.);
#2144 = VERTEX_POINT('',#2145);
#2145 = CARTESIAN_POINT('',(-7.99,18.220458146424,51.000458146424));
#2146 = CIRCLE('',#2147,2.5);
#2147 = AXIS2_PLACEMENT_3D('',#2148,#2149,#2150);
#2148 = CARTESIAN_POINT('',(-10.49,18.220458146424,51.000458146424));
#2149 = DIRECTION('',(0.,-1.,2.22044604925E-16));
#2150 = DIRECTION('',(1.,0.,0.));
#2151 = FACE_BOUND('',#2152,.T.);
#2152 = EDGE_LOOP('',(#2153));
#2153 = ORIENTED_EDGE('',*,*,#2154,.T.);
#2154 = EDGE_CURVE('',#2155,#2155,#2157,.T.);
#2155 = VERTEX_POINT('',#2156);
#2156 = CARTESIAN_POINT('',(-7.99,18.220458146424,63.520458146424));
#2157 = CIRCLE('',#2158,2.5);
#2158 = AXIS2_PLACEMENT_3D('',#2159,#2160,#2161);
#2159 = CARTESIAN_POINT('',(-10.49,18.220458146424,63.520458146424));
#2160 = DIRECTION('',(0.,-1.,2.22044604925E-16));
#2161 = DIRECTION('',(1.,0.,0.));
#2162 = FACE_BOUND('',#2163,.T.);
#2163 = EDGE_LOOP('',(#2164,#2174,#2182,#2190));
#2164 = ORIENTED_EDGE('',*,*,#2165,.F.);
#2165 = EDGE_CURVE('',#2166,#2168,#2170,.T.);
#2166 = VERTEX_POINT('',#2167);
#2167 = CARTESIAN_POINT('',(-10.,18.220458146424,19.620458146424));
#2168 = VERTEX_POINT('',#2169);
#2169 = CARTESIAN_POINT('',(-10.,18.220458146424,39.120458146424));
#2170 = LINE('',#2171,#2172);
#2171 = CARTESIAN_POINT('',(-10.,18.220458146424,12.160229073212));
#2172 = VECTOR('',#2173,1.);
#2173 = DIRECTION('',(2.22044604925E-16,0.,1.));
#2174 = ORIENTED_EDGE('',*,*,#2175,.T.);
#2175 = EDGE_CURVE('',#2166,#2176,#2178,.T.);
#2176 = VERTEX_POINT('',#2177);
#2177 = CARTESIAN_POINT('',(10.,18.220458146424,19.620458146424));
#2178 = LINE('',#2179,#2180);
#2179 = CARTESIAN_POINT('',(-1.75,18.220458146424,19.620458146424));
#2180 = VECTOR('',#2181,1.);
#2181 = DIRECTION('',(1.,0.,-2.22044604925E-16));
#2182 = ORIENTED_EDGE('',*,*,#2183,.T.);
#2183 = EDGE_CURVE('',#2176,#2184,#2186,.T.);
#2184 = VERTEX_POINT('',#2185);
#2185 = CARTESIAN_POINT('',(10.,18.220458146424,39.120458146424));
#2186 = LINE('',#2187,#2188);
#2187 = CARTESIAN_POINT('',(10.,18.220458146424,12.160229073212));
#2188 = VECTOR('',#2189,1.);
#2189 = DIRECTION('',(2.22044604925E-16,0.,1.));
#2190 = ORIENTED_EDGE('',*,*,#2191,.F.);
#2191 = EDGE_CURVE('',#2168,#2184,#2192,.T.);
#2192 = LINE('',#2193,#2194);
#2193 = CARTESIAN_POINT('',(-1.75,18.220458146424,39.120458146424));
#2194 = VECTOR('',#2195,1.);
#2195 = DIRECTION('',(1.,0.,-2.22044604925E-16));
#2196 = FACE_BOUND('',#2197,.T.);
#2197 = EDGE_LOOP('',(#2198));
#2198 = ORIENTED_EDGE('',*,*,#2199,.T.);
#2199 = EDGE_CURVE('',#2200,#2200,#2202,.T.);
#2200 = VERTEX_POINT('',#2201);
#2201 = CARTESIAN_POINT('',(12.99,18.220458146424,51.000458146424));
#2202 = CIRCLE('',#2203,2.5);
#2203 = AXIS2_PLACEMENT_3D('',#2204,#2205,#2206);
#2204 = CARTESIAN_POINT('',(10.49,18.220458146424,51.000458146424));
#2205 = DIRECTION('',(0.,-1.,2.22044604925E-16));
#2206 = DIRECTION('',(1.,0.,0.));
#2207 = FACE_BOUND('',#2208,.T.);
#2208 = EDGE_LOOP('',(#2209));
#2209 = ORIENTED_EDGE('',*,*,#2210,.T.);
#2210 = EDGE_CURVE('',#2211,#2211,#2213,.T.);
#2211 = VERTEX_POINT('',#2212);
#2212 = CARTESIAN_POINT('',(12.99,18.220458146424,63.520458146424));
#2213 = CIRCLE('',#2214,2.5);
#2214 = AXIS2_PLACEMENT_3D('',#2215,#2216,#2217);
#2215 = CARTESIAN_POINT('',(10.49,18.220458146424,63.520458146424));
#2216 = DIRECTION('',(0.,-1.,2.22044604925E-16));
#2217 = DIRECTION('',(1.,0.,0.));
#2218 = PLANE('',#2219);
#2219 = AXIS2_PLACEMENT_3D('',#2220,#2221,#2222);
#2220 = CARTESIAN_POINT('',(0.712088682957,18.220458146424,
    87.266518253426));
#2221 = DIRECTION('',(0.,1.,0.));
#2222 = DIRECTION('',(0.,0.,1.));
#2223 = ADVANCED_FACE('',(#2224),#2246,.T.);
#2224 = FACE_BOUND('',#2225,.F.);
#2225 = EDGE_LOOP('',(#2226,#2227,#2236,#2243,#2244,#2245));
#2226 = ORIENTED_EDGE('',*,*,#2094,.F.);
#2227 = ORIENTED_EDGE('',*,*,#2228,.T.);
#2228 = EDGE_CURVE('',#2095,#2229,#2231,.T.);
#2229 = VERTEX_POINT('',#2230);
#2230 = CARTESIAN_POINT('',(-5.5,19.220458146424,87.530905907619));
#2231 = CIRCLE('',#2232,3.5);
#2232 = AXIS2_PLACEMENT_3D('',#2233,#2234,#2235);
#2233 = CARTESIAN_POINT('',(-5.5,19.220458146424,91.030905907619));
#2234 = DIRECTION('',(1.,-0.,2.22044604925E-16));
#2235 = DIRECTION('',(2.22044604925E-16,0.,-1.));
#2236 = ORIENTED_EDGE('',*,*,#2237,.T.);
#2237 = EDGE_CURVE('',#2229,#2103,#2238,.T.);
#2238 = CIRCLE('',#2239,3.5);
#2239 = AXIS2_PLACEMENT_3D('',#2240,#2241,#2242);
#2240 = CARTESIAN_POINT('',(-5.5,19.220458146424,91.030905907619));
#2241 = DIRECTION('',(1.,-0.,2.22044604925E-16));
#2242 = DIRECTION('',(2.22044604925E-16,0.,-1.));
#2243 = ORIENTED_EDGE('',*,*,#2110,.T.);
#2244 = ORIENTED_EDGE('',*,*,#412,.F.);
#2245 = ORIENTED_EDGE('',*,*,#421,.F.);
#2246 = CYLINDRICAL_SURFACE('',#2247,3.5);
#2247 = AXIS2_PLACEMENT_3D('',#2248,#2249,#2250);
#2248 = CARTESIAN_POINT('',(-13.5,19.220458146424,91.030905907619));
#2249 = DIRECTION('',(-1.,-0.,-2.22044604925E-16));
#2250 = DIRECTION('',(2.22044604925E-16,0.,-1.));
#2251 = ADVANCED_FACE('',(#2252),#2263,.F.);
#2252 = FACE_BOUND('',#2253,.F.);
#2253 = EDGE_LOOP('',(#2254,#2260,#2261,#2262));
#2254 = ORIENTED_EDGE('',*,*,#2255,.F.);
#2255 = EDGE_CURVE('',#1700,#1763,#2256,.T.);
#2256 = LINE('',#2257,#2258);
#2257 = CARTESIAN_POINT('',(13.5,15.720458146424,12.));
#2258 = VECTOR('',#2259,1.);
#2259 = DIRECTION('',(0.,0.,1.));
#2260 = ORIENTED_EDGE('',*,*,#1707,.F.);
#2261 = ORIENTED_EDGE('',*,*,#388,.F.);
#2262 = ORIENTED_EDGE('',*,*,#1762,.T.);
#2263 = PLANE('',#2264);
#2264 = AXIS2_PLACEMENT_3D('',#2265,#2266,#2267);
#2265 = CARTESIAN_POINT('',(-14.5,15.720458146424,12.));
#2266 = DIRECTION('',(0.,1.,0.));
#2267 = DIRECTION('',(0.,0.,1.));
#2268 = ADVANCED_FACE('',(#2269),#2280,.F.);
#2269 = FACE_BOUND('',#2270,.F.);
#2270 = EDGE_LOOP('',(#2271,#2272,#2273,#2274));
#2271 = ORIENTED_EDGE('',*,*,#1635,.F.);
#2272 = ORIENTED_EDGE('',*,*,#372,.T.);
#2273 = ORIENTED_EDGE('',*,*,#1675,.T.);
#2274 = ORIENTED_EDGE('',*,*,#2275,.T.);
#2275 = EDGE_CURVE('',#1676,#1628,#2276,.T.);
#2276 = LINE('',#2277,#2278);
#2277 = CARTESIAN_POINT('',(11.9,14.120458146424,99.280905907619));
#2278 = VECTOR('',#2279,1.);
#2279 = DIRECTION('',(0.,0.,-1.));
#2280 = PLANE('',#2281);
#2281 = AXIS2_PLACEMENT_3D('',#2282,#2283,#2284);
#2282 = CARTESIAN_POINT('',(-13.5,14.120458146424,99.280905907619));
#2283 = DIRECTION('',(0.,1.,0.));
#2284 = DIRECTION('',(0.,0.,1.));
#2285 = ADVANCED_FACE('',(#2286),#2297,.F.);
#2286 = FACE_BOUND('',#2287,.F.);
#2287 = EDGE_LOOP('',(#2288,#2294,#2295,#2296));
#2288 = ORIENTED_EDGE('',*,*,#2289,.F.);
#2289 = EDGE_CURVE('',#1558,#1604,#2290,.T.);
#2290 = LINE('',#2291,#2292);
#2291 = CARTESIAN_POINT('',(13.5,15.720458146424,12.));
#2292 = VECTOR('',#2293,1.);
#2293 = DIRECTION('',(0.,0.,1.));
#2294 = ORIENTED_EDGE('',*,*,#1565,.F.);
#2295 = ORIENTED_EDGE('',*,*,#356,.F.);
#2296 = ORIENTED_EDGE('',*,*,#1603,.T.);
#2297 = PLANE('',#2298);
#2298 = AXIS2_PLACEMENT_3D('',#2299,#2300,#2301);
#2299 = CARTESIAN_POINT('',(-14.5,15.720458146424,12.));
#2300 = DIRECTION('',(0.,1.,0.));
#2301 = DIRECTION('',(0.,0.,1.));
#2302 = ADVANCED_FACE('',(#2303),#2314,.F.);
#2303 = FACE_BOUND('',#2304,.F.);
#2304 = EDGE_LOOP('',(#2305,#2306,#2307,#2308));
#2305 = ORIENTED_EDGE('',*,*,#1493,.F.);
#2306 = ORIENTED_EDGE('',*,*,#340,.T.);
#2307 = ORIENTED_EDGE('',*,*,#1533,.T.);
#2308 = ORIENTED_EDGE('',*,*,#2309,.T.);
#2309 = EDGE_CURVE('',#1534,#1486,#2310,.T.);
#2310 = LINE('',#2311,#2312);
#2311 = CARTESIAN_POINT('',(11.9,14.120458146424,94.180905907619));
#2312 = VECTOR('',#2313,1.);
#2313 = DIRECTION('',(0.,0.,-1.));
#2314 = PLANE('',#2315);
#2315 = AXIS2_PLACEMENT_3D('',#2316,#2317,#2318);
#2316 = CARTESIAN_POINT('',(-13.5,14.120458146424,94.180905907619));
#2317 = DIRECTION('',(0.,1.,0.));
#2318 = DIRECTION('',(0.,0.,1.));
#2319 = ADVANCED_FACE('',(#2320),#2331,.F.);
#2320 = FACE_BOUND('',#2321,.F.);
#2321 = EDGE_LOOP('',(#2322,#2328,#2329,#2330));
#2322 = ORIENTED_EDGE('',*,*,#2323,.F.);
#2323 = EDGE_CURVE('',#1416,#1462,#2324,.T.);
#2324 = LINE('',#2325,#2326);
#2325 = CARTESIAN_POINT('',(13.5,15.720458146424,12.));
#2326 = VECTOR('',#2327,1.);
#2327 = DIRECTION('',(0.,0.,1.));
#2328 = ORIENTED_EDGE('',*,*,#1423,.F.);
#2329 = ORIENTED_EDGE('',*,*,#324,.F.);
#2330 = ORIENTED_EDGE('',*,*,#1461,.T.);
#2331 = PLANE('',#2332);
#2332 = AXIS2_PLACEMENT_3D('',#2333,#2334,#2335);
#2333 = CARTESIAN_POINT('',(-14.5,15.720458146424,12.));
#2334 = DIRECTION('',(0.,1.,0.));
#2335 = DIRECTION('',(0.,0.,1.));
#2336 = ADVANCED_FACE('',(#2337),#2348,.F.);
#2337 = FACE_BOUND('',#2338,.F.);
#2338 = EDGE_LOOP('',(#2339,#2340,#2341,#2342));
#2339 = ORIENTED_EDGE('',*,*,#1320,.F.);
#2340 = ORIENTED_EDGE('',*,*,#308,.T.);
#2341 = ORIENTED_EDGE('',*,*,#1359,.T.);
#2342 = ORIENTED_EDGE('',*,*,#2343,.T.);
#2343 = EDGE_CURVE('',#1360,#1313,#2344,.T.);
#2344 = LINE('',#2345,#2346);
#2345 = CARTESIAN_POINT('',(11.9,14.120458146424,73.280905907619));
#2346 = VECTOR('',#2347,1.);
#2347 = DIRECTION('',(0.,0.,-1.));
#2348 = PLANE('',#2349);
#2349 = AXIS2_PLACEMENT_3D('',#2350,#2351,#2352);
#2350 = CARTESIAN_POINT('',(-13.5,14.120458146424,73.280905907619));
#2351 = DIRECTION('',(0.,1.,0.));
#2352 = DIRECTION('',(0.,0.,1.));
#2353 = ADVANCED_FACE('',(#2354),#2365,.F.);
#2354 = FACE_BOUND('',#2355,.F.);
#2355 = EDGE_LOOP('',(#2356,#2362,#2363,#2364));
#2356 = ORIENTED_EDGE('',*,*,#2357,.F.);
#2357 = EDGE_CURVE('',#1210,#1257,#2358,.T.);
#2358 = LINE('',#2359,#2360);
#2359 = CARTESIAN_POINT('',(13.5,15.720458146424,12.));
#2360 = VECTOR('',#2361,1.);
#2361 = DIRECTION('',(0.,0.,1.));
#2362 = ORIENTED_EDGE('',*,*,#1217,.F.);
#2363 = ORIENTED_EDGE('',*,*,#292,.F.);
#2364 = ORIENTED_EDGE('',*,*,#1256,.T.);
#2365 = PLANE('',#2366);
#2366 = AXIS2_PLACEMENT_3D('',#2367,#2368,#2369);
#2367 = CARTESIAN_POINT('',(-14.5,15.720458146424,12.));
#2368 = DIRECTION('',(0.,1.,0.));
#2369 = DIRECTION('',(0.,0.,1.));
#2370 = ADVANCED_FACE('',(#2371),#2390,.F.);
#2371 = FACE_BOUND('',#2372,.T.);
#2372 = EDGE_LOOP('',(#2373,#2374,#2382,#2389));
#2373 = ORIENTED_EDGE('',*,*,#720,.T.);
#2374 = ORIENTED_EDGE('',*,*,#2375,.T.);
#2375 = EDGE_CURVE('',#721,#2376,#2378,.T.);
#2376 = VERTEX_POINT('',#2377);
#2377 = CARTESIAN_POINT('',(-7.,19.220458146424,88.780905907619));
#2378 = LINE('',#2379,#2380);
#2379 = CARTESIAN_POINT('',(-13.6,19.220458146424,88.780905907619));
#2380 = VECTOR('',#2381,1.);
#2381 = DIRECTION('',(1.,0.,2.22044604925E-16));
#2382 = ORIENTED_EDGE('',*,*,#2383,.T.);
#2383 = EDGE_CURVE('',#2376,#2376,#2384,.T.);
#2384 = CIRCLE('',#2385,2.25);
#2385 = AXIS2_PLACEMENT_3D('',#2386,#2387,#2388);
#2386 = CARTESIAN_POINT('',(-7.,19.220458146424,91.030905907619));
#2387 = DIRECTION('',(1.,-0.,2.22044604925E-16));
#2388 = DIRECTION('',(2.22044604925E-16,0.,-1.));
#2389 = ORIENTED_EDGE('',*,*,#2375,.F.);
#2390 = CYLINDRICAL_SURFACE('',#2391,2.25);
#2391 = AXIS2_PLACEMENT_3D('',#2392,#2393,#2394);
#2392 = CARTESIAN_POINT('',(-13.6,19.220458146424,91.030905907619));
#2393 = DIRECTION('',(-1.,-0.,-2.22044604925E-16));
#2394 = DIRECTION('',(2.22044604925E-16,0.,-1.));
#2395 = ADVANCED_FACE('',(#2396),#2415,.F.);
#2396 = FACE_BOUND('',#2397,.T.);
#2397 = EDGE_LOOP('',(#2398,#2399,#2407,#2414));
#2398 = ORIENTED_EDGE('',*,*,#731,.T.);
#2399 = ORIENTED_EDGE('',*,*,#2400,.T.);
#2400 = EDGE_CURVE('',#732,#2401,#2403,.T.);
#2401 = VERTEX_POINT('',#2402);
#2402 = CARTESIAN_POINT('',(13.,13.2,6.95));
#2403 = LINE('',#2404,#2405);
#2404 = CARTESIAN_POINT('',(-14.5,13.2,6.95));
#2405 = VECTOR('',#2406,1.);
#2406 = DIRECTION('',(1.,0.,2.22044604925E-16));
#2407 = ORIENTED_EDGE('',*,*,#2408,.F.);
#2408 = EDGE_CURVE('',#2401,#2401,#2409,.T.);
#2409 = CIRCLE('',#2410,1.65);
#2410 = AXIS2_PLACEMENT_3D('',#2411,#2412,#2413);
#2411 = CARTESIAN_POINT('',(13.,13.2,8.6));
#2412 = DIRECTION('',(-1.,-0.,-2.22044604925E-16));
#2413 = DIRECTION('',(2.22044604925E-16,0.,-1.));
#2414 = ORIENTED_EDGE('',*,*,#2400,.F.);
#2415 = CYLINDRICAL_SURFACE('',#2416,1.65);
#2416 = AXIS2_PLACEMENT_3D('',#2417,#2418,#2419);
#2417 = CARTESIAN_POINT('',(-14.5,13.2,8.6));
#2418 = DIRECTION('',(-1.,-0.,-2.22044604925E-16));
#2419 = DIRECTION('',(2.22044604925E-16,0.,-1.));
#2420 = ADVANCED_FACE('',(#2421),#2440,.F.);
#2421 = FACE_BOUND('',#2422,.T.);
#2422 = EDGE_LOOP('',(#2423,#2424,#2432,#2439));
#2423 = ORIENTED_EDGE('',*,*,#742,.T.);
#2424 = ORIENTED_EDGE('',*,*,#2425,.T.);
#2425 = EDGE_CURVE('',#743,#2426,#2428,.T.);
#2426 = VERTEX_POINT('',#2427);
#2427 = CARTESIAN_POINT('',(-7.,-21.47954185357,88.780905907619));
#2428 = LINE('',#2429,#2430);
#2429 = CARTESIAN_POINT('',(-13.6,-21.47954185357,88.780905907619));
#2430 = VECTOR('',#2431,1.);
#2431 = DIRECTION('',(1.,0.,2.22044604925E-16));
#2432 = ORIENTED_EDGE('',*,*,#2433,.T.);
#2433 = EDGE_CURVE('',#2426,#2426,#2434,.T.);
#2434 = CIRCLE('',#2435,2.25);
#2435 = AXIS2_PLACEMENT_3D('',#2436,#2437,#2438);
#2436 = CARTESIAN_POINT('',(-7.,-21.47954185357,91.030905907619));
#2437 = DIRECTION('',(1.,-0.,2.22044604925E-16));
#2438 = DIRECTION('',(2.22044604925E-16,0.,-1.));
#2439 = ORIENTED_EDGE('',*,*,#2425,.F.);
#2440 = CYLINDRICAL_SURFACE('',#2441,2.25);
#2441 = AXIS2_PLACEMENT_3D('',#2442,#2443,#2444);
#2442 = CARTESIAN_POINT('',(-13.6,-21.47954185357,91.030905907619));
#2443 = DIRECTION('',(-1.,-0.,-2.22044604925E-16));
#2444 = DIRECTION('',(2.22044604925E-16,0.,-1.));
#2445 = ADVANCED_FACE('',(#2446),#2465,.F.);
#2446 = FACE_BOUND('',#2447,.T.);
#2447 = EDGE_LOOP('',(#2448,#2449,#2457,#2464));
#2448 = ORIENTED_EDGE('',*,*,#753,.T.);
#2449 = ORIENTED_EDGE('',*,*,#2450,.T.);
#2450 = EDGE_CURVE('',#754,#2451,#2453,.T.);
#2451 = VERTEX_POINT('',#2452);
#2452 = CARTESIAN_POINT('',(13.,-17.8,6.95));
#2453 = LINE('',#2454,#2455);
#2454 = CARTESIAN_POINT('',(-14.5,-17.8,6.95));
#2455 = VECTOR('',#2456,1.);
#2456 = DIRECTION('',(1.,0.,2.22044604925E-16));
#2457 = ORIENTED_EDGE('',*,*,#2458,.F.);
#2458 = EDGE_CURVE('',#2451,#2451,#2459,.T.);
#2459 = CIRCLE('',#2460,1.65);
#2460 = AXIS2_PLACEMENT_3D('',#2461,#2462,#2463);
#2461 = CARTESIAN_POINT('',(13.,-17.8,8.6));
#2462 = DIRECTION('',(-1.,-0.,-2.22044604925E-16));
#2463 = DIRECTION('',(2.22044604925E-16,0.,-1.));
#2464 = ORIENTED_EDGE('',*,*,#2450,.F.);
#2465 = CYLINDRICAL_SURFACE('',#2466,1.65);
#2466 = AXIS2_PLACEMENT_3D('',#2467,#2468,#2469);
#2467 = CARTESIAN_POINT('',(-14.5,-17.8,8.6));
#2468 = DIRECTION('',(-1.,-0.,-2.22044604925E-16));
#2469 = DIRECTION('',(2.22044604925E-16,0.,-1.));
#2470 = ADVANCED_FACE('',(#2471),#2482,.F.);
#2471 = FACE_BOUND('',#2472,.F.);
#2472 = EDGE_LOOP('',(#2473,#2474,#2475,#2476));
#2473 = ORIENTED_EDGE('',*,*,#811,.F.);
#2474 = ORIENTED_EDGE('',*,*,#1182,.T.);
#2475 = ORIENTED_EDGE('',*,*,#976,.T.);
#2476 = ORIENTED_EDGE('',*,*,#2477,.T.);
#2477 = EDGE_CURVE('',#977,#804,#2478,.T.);
#2478 = LINE('',#2479,#2480);
#2479 = CARTESIAN_POINT('',(11.9,-6.279541853576,60.265458146424));
#2480 = VECTOR('',#2481,1.);
#2481 = DIRECTION('',(0.,0.,1.));
#2482 = PLANE('',#2483);
#2483 = AXIS2_PLACEMENT_3D('',#2484,#2485,#2486);
#2484 = CARTESIAN_POINT('',(11.9,-17.97954185357,60.270458146424));
#2485 = DIRECTION('',(1.,0.,0.));
#2486 = DIRECTION('',(0.,0.,1.));
#2487 = ADVANCED_FACE('',(#2488),#2499,.T.);
#2488 = FACE_BOUND('',#2489,.T.);
#2489 = EDGE_LOOP('',(#2490,#2496,#2497,#2498));
#2490 = ORIENTED_EDGE('',*,*,#2491,.F.);
#2491 = EDGE_CURVE('',#985,#796,#2492,.T.);
#2492 = LINE('',#2493,#2494);
#2493 = CARTESIAN_POINT('',(12.3,-6.279541853576,60.260458146424));
#2494 = VECTOR('',#2495,1.);
#2495 = DIRECTION('',(0.,0.,1.));
#2496 = ORIENTED_EDGE('',*,*,#984,.F.);
#2497 = ORIENTED_EDGE('',*,*,#2477,.T.);
#2498 = ORIENTED_EDGE('',*,*,#803,.F.);
#2499 = PLANE('',#2500);
#2500 = AXIS2_PLACEMENT_3D('',#2501,#2502,#2503);
#2501 = CARTESIAN_POINT('',(11.89,-6.279541853576,60.260458146424));
#2502 = DIRECTION('',(0.,1.,0.));
#2503 = DIRECTION('',(0.,0.,1.));
#2504 = ADVANCED_FACE('',(#2505),#2516,.F.);
#2505 = FACE_BOUND('',#2506,.F.);
#2506 = EDGE_LOOP('',(#2507,#2508,#2509,#2515));
#2507 = ORIENTED_EDGE('',*,*,#2491,.F.);
#2508 = ORIENTED_EDGE('',*,*,#992,.F.);
#2509 = ORIENTED_EDGE('',*,*,#2510,.T.);
#2510 = EDGE_CURVE('',#993,#788,#2511,.T.);
#2511 = LINE('',#2512,#2513);
#2512 = CARTESIAN_POINT('',(12.3,11.720458146424,60.260458146424));
#2513 = VECTOR('',#2514,1.);
#2514 = DIRECTION('',(0.,0.,1.));
#2515 = ORIENTED_EDGE('',*,*,#795,.F.);
#2516 = PLANE('',#2517);
#2517 = AXIS2_PLACEMENT_3D('',#2518,#2519,#2520);
#2518 = CARTESIAN_POINT('',(12.3,-6.279541853576,60.260458146424));
#2519 = DIRECTION('',(1.,0.,0.));
#2520 = DIRECTION('',(0.,0.,1.));
#2521 = ADVANCED_FACE('',(#2522),#2533,.F.);
#2522 = FACE_BOUND('',#2523,.F.);
#2523 = EDGE_LOOP('',(#2524,#2525,#2526,#2532));
#2524 = ORIENTED_EDGE('',*,*,#2510,.F.);
#2525 = ORIENTED_EDGE('',*,*,#1000,.F.);
#2526 = ORIENTED_EDGE('',*,*,#2527,.T.);
#2527 = EDGE_CURVE('',#1001,#780,#2528,.T.);
#2528 = LINE('',#2529,#2530);
#2529 = CARTESIAN_POINT('',(11.9,11.720458146424,60.265458146424));
#2530 = VECTOR('',#2531,1.);
#2531 = DIRECTION('',(0.,0.,1.));
#2532 = ORIENTED_EDGE('',*,*,#787,.F.);
#2533 = PLANE('',#2534);
#2534 = AXIS2_PLACEMENT_3D('',#2535,#2536,#2537);
#2535 = CARTESIAN_POINT('',(11.89,11.720458146424,60.260458146424));
#2536 = DIRECTION('',(0.,1.,0.));
#2537 = DIRECTION('',(0.,0.,1.));
#2538 = ADVANCED_FACE('',(#2539),#2545,.F.);
#2539 = FACE_BOUND('',#2540,.F.);
#2540 = EDGE_LOOP('',(#2541,#2542,#2543,#2544));
#2541 = ORIENTED_EDGE('',*,*,#779,.F.);
#2542 = ORIENTED_EDGE('',*,*,#2527,.F.);
#2543 = ORIENTED_EDGE('',*,*,#1008,.T.);
#2544 = ORIENTED_EDGE('',*,*,#929,.F.);
#2545 = PLANE('',#2546);
#2546 = AXIS2_PLACEMENT_3D('',#2547,#2548,#2549);
#2547 = CARTESIAN_POINT('',(11.9,-17.97954185357,60.270458146424));
#2548 = DIRECTION('',(1.,0.,0.));
#2549 = DIRECTION('',(0.,0.,1.));
#2550 = ADVANCED_FACE('',(#2551,#2560),#2626,.F.);
#2551 = FACE_BOUND('',#2552,.F.);
#2552 = EDGE_LOOP('',(#2553,#2554,#2555,#2556,#2557,#2558,#2559));
#2553 = ORIENTED_EDGE('',*,*,#1147,.T.);
#2554 = ORIENTED_EDGE('',*,*,#1112,.T.);
#2555 = ORIENTED_EDGE('',*,*,#1121,.T.);
#2556 = ORIENTED_EDGE('',*,*,#1090,.T.);
#2557 = ORIENTED_EDGE('',*,*,#1022,.T.);
#2558 = ORIENTED_EDGE('',*,*,#953,.F.);
#2559 = ORIENTED_EDGE('',*,*,#1162,.F.);
#2560 = FACE_BOUND('',#2561,.F.);
#2561 = EDGE_LOOP('',(#2562,#2572,#2580,#2588,#2596,#2604,#2612,#2620));
#2562 = ORIENTED_EDGE('',*,*,#2563,.T.);
#2563 = EDGE_CURVE('',#2564,#2566,#2568,.T.);
#2564 = VERTEX_POINT('',#2565);
#2565 = CARTESIAN_POINT('',(13.5,-12.06955758473,20.702754058019));
#2566 = VERTEX_POINT('',#2567);
#2567 = CARTESIAN_POINT('',(13.5,-12.06955758473,21.752754058019));
#2568 = LINE('',#2569,#2570);
#2569 = CARTESIAN_POINT('',(13.5,-12.06955758473,44.221618331477));
#2570 = VECTOR('',#2571,1.);
#2571 = DIRECTION('',(0.,0.,1.));
#2572 = ORIENTED_EDGE('',*,*,#2573,.T.);
#2573 = EDGE_CURVE('',#2566,#2574,#2576,.T.);
#2574 = VERTEX_POINT('',#2575);
#2575 = CARTESIAN_POINT('',(13.5,-12.51955758473,21.752754058019));
#2576 = LINE('',#2577,#2578);
#2577 = CARTESIAN_POINT('',(13.5,-6.430445832031,21.752754058019));
#2578 = VECTOR('',#2579,1.);
#2579 = DIRECTION('',(0.,-1.,0.));
#2580 = ORIENTED_EDGE('',*,*,#2581,.T.);
#2581 = EDGE_CURVE('',#2574,#2582,#2584,.T.);
#2582 = VERTEX_POINT('',#2583);
#2583 = CARTESIAN_POINT('',(13.5,-12.51955758473,25.052754058019));
#2584 = LINE('',#2585,#2586);
#2585 = CARTESIAN_POINT('',(13.5,-12.51955758473,44.746618331477));
#2586 = VECTOR('',#2587,1.);
#2587 = DIRECTION('',(0.,0.,1.));
#2588 = ORIENTED_EDGE('',*,*,#2589,.F.);
#2589 = EDGE_CURVE('',#2590,#2582,#2592,.T.);
#2590 = VERTEX_POINT('',#2591);
#2591 = CARTESIAN_POINT('',(13.5,-8.019557584734,25.052754058019));
#2592 = LINE('',#2593,#2594);
#2593 = CARTESIAN_POINT('',(13.5,-6.430445832031,25.052754058019));
#2594 = VECTOR('',#2595,1.);
#2595 = DIRECTION('',(0.,-1.,0.));
#2596 = ORIENTED_EDGE('',*,*,#2597,.F.);
#2597 = EDGE_CURVE('',#2598,#2590,#2600,.T.);
#2598 = VERTEX_POINT('',#2599);
#2599 = CARTESIAN_POINT('',(13.5,-8.019557584734,21.752754058019));
#2600 = LINE('',#2601,#2602);
#2601 = CARTESIAN_POINT('',(13.5,-8.019557584734,44.746618331477));
#2602 = VECTOR('',#2603,1.);
#2603 = DIRECTION('',(0.,0.,1.));
#2604 = ORIENTED_EDGE('',*,*,#2605,.T.);
#2605 = EDGE_CURVE('',#2598,#2606,#2608,.T.);
#2606 = VERTEX_POINT('',#2607);
#2607 = CARTESIAN_POINT('',(13.5,-8.469557584734,21.752754058019));
#2608 = LINE('',#2609,#2610);
#2609 = CARTESIAN_POINT('',(13.5,-6.430445832031,21.752754058019));
#2610 = VECTOR('',#2611,1.);
#2611 = DIRECTION('',(0.,-1.,0.));
#2612 = ORIENTED_EDGE('',*,*,#2613,.F.);
#2613 = EDGE_CURVE('',#2614,#2606,#2616,.T.);
#2614 = VERTEX_POINT('',#2615);
#2615 = CARTESIAN_POINT('',(13.5,-8.469557584734,20.702754058019));
#2616 = LINE('',#2617,#2618);
#2617 = CARTESIAN_POINT('',(13.5,-8.469557584734,44.221618331477));
#2618 = VECTOR('',#2619,1.);
#2619 = DIRECTION('',(0.,0.,1.));
#2620 = ORIENTED_EDGE('',*,*,#2621,.T.);
#2621 = EDGE_CURVE('',#2614,#2564,#2622,.T.);
#2622 = LINE('',#2623,#2624);
#2623 = CARTESIAN_POINT('',(13.5,-6.205445832031,20.702754058019));
#2624 = VECTOR('',#2625,1.);
#2625 = DIRECTION('',(0.,-1.,0.));
#2626 = PLANE('',#2627);
#2627 = AXIS2_PLACEMENT_3D('',#2628,#2629,#2630);
#2628 = CARTESIAN_POINT('',(13.5,-0.341334079327,67.740482604936));
#2629 = DIRECTION('',(1.,0.,0.));
#2630 = DIRECTION('',(0.,0.,1.));
#2631 = ADVANCED_FACE('',(#2632),#2657,.F.);
#2632 = FACE_BOUND('',#2633,.F.);
#2633 = EDGE_LOOP('',(#2634,#2642,#2643,#2651));
#2634 = ORIENTED_EDGE('',*,*,#2635,.F.);
#2635 = EDGE_CURVE('',#1041,#2636,#2638,.T.);
#2636 = VERTEX_POINT('',#2637);
#2637 = CARTESIAN_POINT('',(-8.,22.220458146424,37.120458146424));
#2638 = LINE('',#2639,#2640);
#2639 = CARTESIAN_POINT('',(-8.,14.720458146424,37.120458146424));
#2640 = VECTOR('',#2641,1.);
#2641 = DIRECTION('',(0.,1.,0.));
#2642 = ORIENTED_EDGE('',*,*,#1040,.T.);
#2643 = ORIENTED_EDGE('',*,*,#2644,.T.);
#2644 = EDGE_CURVE('',#1043,#2645,#2647,.T.);
#2645 = VERTEX_POINT('',#2646);
#2646 = CARTESIAN_POINT('',(8.,22.220458146424,37.120458146424));
#2647 = LINE('',#2648,#2649);
#2648 = CARTESIAN_POINT('',(8.,14.720458146424,37.120458146424));
#2649 = VECTOR('',#2650,1.);
#2650 = DIRECTION('',(0.,1.,0.));
#2651 = ORIENTED_EDGE('',*,*,#2652,.F.);
#2652 = EDGE_CURVE('',#2636,#2645,#2653,.T.);
#2653 = LINE('',#2654,#2655);
#2654 = CARTESIAN_POINT('',(1.,22.220458146424,37.120458146424));
#2655 = VECTOR('',#2656,1.);
#2656 = DIRECTION('',(1.,0.,0.));
#2657 = PLANE('',#2658);
#2658 = AXIS2_PLACEMENT_3D('',#2659,#2660,#2661);
#2659 = CARTESIAN_POINT('',(-8.,14.720458146424,37.120458146424));
#2660 = DIRECTION('',(0.,0.,1.));
#2661 = DIRECTION('',(1.,0.,0.));
#2662 = ADVANCED_FACE('',(#2663),#2689,.F.);
#2663 = FACE_BOUND('',#2664,.F.);
#2664 = EDGE_LOOP('',(#2665,#2666,#2667,#2675,#2683));
#2665 = ORIENTED_EDGE('',*,*,#2644,.F.);
#2666 = ORIENTED_EDGE('',*,*,#1066,.T.);
#2667 = ORIENTED_EDGE('',*,*,#2668,.T.);
#2668 = EDGE_CURVE('',#1059,#2669,#2671,.T.);
#2669 = VERTEX_POINT('',#2670);
#2670 = CARTESIAN_POINT('',(8.,19.720458146424,21.120458146424));
#2671 = LINE('',#2672,#2673);
#2672 = CARTESIAN_POINT('',(8.,14.720458146424,21.120458146424));
#2673 = VECTOR('',#2674,1.);
#2674 = DIRECTION('',(0.,1.,0.));
#2675 = ORIENTED_EDGE('',*,*,#2676,.T.);
#2676 = EDGE_CURVE('',#2669,#2677,#2679,.T.);
#2677 = VERTEX_POINT('',#2678);
#2678 = CARTESIAN_POINT('',(8.,22.220458146424,23.620458146424));
#2679 = LINE('',#2680,#2681);
#2680 = CARTESIAN_POINT('',(8.,17.470458146424,18.870458146424));
#2681 = VECTOR('',#2682,1.);
#2682 = DIRECTION('',(0.,0.707106781187,0.707106781187));
#2683 = ORIENTED_EDGE('',*,*,#2684,.F.);
#2684 = EDGE_CURVE('',#2645,#2677,#2685,.T.);
#2685 = LINE('',#2686,#2687);
#2686 = CARTESIAN_POINT('',(8.,22.220458146424,20.120458146424));
#2687 = VECTOR('',#2688,1.);
#2688 = DIRECTION('',(0.,0.,-1.));
#2689 = PLANE('',#2690);
#2690 = AXIS2_PLACEMENT_3D('',#2691,#2692,#2693);
#2691 = CARTESIAN_POINT('',(8.,14.720458146424,21.120458146424));
#2692 = DIRECTION('',(1.,0.,0.));
#2693 = DIRECTION('',(0.,0.,1.));
#2694 = ADVANCED_FACE('',(#2695),#2713,.T.);
#2695 = FACE_BOUND('',#2696,.T.);
#2696 = EDGE_LOOP('',(#2697,#2705,#2706,#2707));
#2697 = ORIENTED_EDGE('',*,*,#2698,.F.);
#2698 = EDGE_CURVE('',#1051,#2699,#2701,.T.);
#2699 = VERTEX_POINT('',#2700);
#2700 = CARTESIAN_POINT('',(-8.,19.720458146424,21.120458146424));
#2701 = LINE('',#2702,#2703);
#2702 = CARTESIAN_POINT('',(-8.,14.720458146424,21.120458146424));
#2703 = VECTOR('',#2704,1.);
#2704 = DIRECTION('',(0.,1.,0.));
#2705 = ORIENTED_EDGE('',*,*,#1058,.T.);
#2706 = ORIENTED_EDGE('',*,*,#2668,.T.);
#2707 = ORIENTED_EDGE('',*,*,#2708,.T.);
#2708 = EDGE_CURVE('',#2669,#2699,#2709,.T.);
#2709 = LINE('',#2710,#2711);
#2710 = CARTESIAN_POINT('',(1.,19.720458146424,21.120458146424));
#2711 = VECTOR('',#2712,1.);
#2712 = DIRECTION('',(-1.,-2.22044604925E-16,0.));
#2713 = PLANE('',#2714);
#2714 = AXIS2_PLACEMENT_3D('',#2715,#2716,#2717);
#2715 = CARTESIAN_POINT('',(-8.,14.720458146424,21.120458146424));
#2716 = DIRECTION('',(0.,0.,1.));
#2717 = DIRECTION('',(1.,0.,0.));
#2718 = ADVANCED_FACE('',(#2719),#2738,.T.);
#2719 = FACE_BOUND('',#2720,.T.);
#2720 = EDGE_LOOP('',(#2721,#2722,#2723,#2724,#2732));
#2721 = ORIENTED_EDGE('',*,*,#2635,.F.);
#2722 = ORIENTED_EDGE('',*,*,#1050,.T.);
#2723 = ORIENTED_EDGE('',*,*,#2698,.T.);
#2724 = ORIENTED_EDGE('',*,*,#2725,.T.);
#2725 = EDGE_CURVE('',#2699,#2726,#2728,.T.);
#2726 = VERTEX_POINT('',#2727);
#2727 = CARTESIAN_POINT('',(-8.,22.220458146424,23.620458146424));
#2728 = LINE('',#2729,#2730);
#2729 = CARTESIAN_POINT('',(-8.,17.470458146424,18.870458146424));
#2730 = VECTOR('',#2731,1.);
#2731 = DIRECTION('',(0.,0.707106781187,0.707106781187));
#2732 = ORIENTED_EDGE('',*,*,#2733,.F.);
#2733 = EDGE_CURVE('',#2636,#2726,#2734,.T.);
#2734 = LINE('',#2735,#2736);
#2735 = CARTESIAN_POINT('',(-8.,22.220458146424,20.120458146424));
#2736 = VECTOR('',#2737,1.);
#2737 = DIRECTION('',(0.,0.,-1.));
#2738 = PLANE('',#2739);
#2739 = AXIS2_PLACEMENT_3D('',#2740,#2741,#2742);
#2740 = CARTESIAN_POINT('',(-8.,14.720458146424,21.120458146424));
#2741 = DIRECTION('',(1.,0.,0.));
#2742 = DIRECTION('',(0.,0.,1.));
#2743 = ADVANCED_FACE('',(#2744),#2750,.F.);
#2744 = FACE_BOUND('',#2745,.F.);
#2745 = EDGE_LOOP('',(#2746,#2747,#2748,#2749));
#2746 = ORIENTED_EDGE('',*,*,#1231,.F.);
#2747 = ORIENTED_EDGE('',*,*,#1209,.T.);
#2748 = ORIENTED_EDGE('',*,*,#2357,.T.);
#2749 = ORIENTED_EDGE('',*,*,#1264,.F.);
#2750 = PLANE('',#2751);
#2751 = AXIS2_PLACEMENT_3D('',#2752,#2753,#2754);
#2752 = CARTESIAN_POINT('',(13.5,-0.341334079327,67.740482604936));
#2753 = DIRECTION('',(1.,0.,0.));
#2754 = DIRECTION('',(0.,0.,1.));
#2755 = ADVANCED_FACE('',(#2756),#2767,.F.);
#2756 = FACE_BOUND('',#2757,.F.);
#2757 = EDGE_LOOP('',(#2758,#2759,#2765,#2766));
#2758 = ORIENTED_EDGE('',*,*,#1367,.F.);
#2759 = ORIENTED_EDGE('',*,*,#2760,.F.);
#2760 = EDGE_CURVE('',#1305,#1368,#2761,.T.);
#2761 = LINE('',#2762,#2763);
#2762 = CARTESIAN_POINT('',(11.9,11.720458146424,73.275905907619));
#2763 = VECTOR('',#2764,1.);
#2764 = DIRECTION('',(0.,0.,1.));
#2765 = ORIENTED_EDGE('',*,*,#1312,.T.);
#2766 = ORIENTED_EDGE('',*,*,#2343,.F.);
#2767 = PLANE('',#2768);
#2768 = AXIS2_PLACEMENT_3D('',#2769,#2770,#2771);
#2769 = CARTESIAN_POINT('',(11.9,-17.97954185357,73.280905907619));
#2770 = DIRECTION('',(1.,0.,0.));
#2771 = DIRECTION('',(0.,0.,1.));
#2772 = ADVANCED_FACE('',(#2773),#2784,.F.);
#2773 = FACE_BOUND('',#2774,.F.);
#2774 = EDGE_LOOP('',(#2775,#2781,#2782,#2783));
#2775 = ORIENTED_EDGE('',*,*,#2776,.F.);
#2776 = EDGE_CURVE('',#1297,#1376,#2777,.T.);
#2777 = LINE('',#2778,#2779);
#2778 = CARTESIAN_POINT('',(12.3,11.720458146424,73.270905907619));
#2779 = VECTOR('',#2780,1.);
#2780 = DIRECTION('',(0.,0.,1.));
#2781 = ORIENTED_EDGE('',*,*,#1304,.F.);
#2782 = ORIENTED_EDGE('',*,*,#2760,.T.);
#2783 = ORIENTED_EDGE('',*,*,#1375,.F.);
#2784 = PLANE('',#2785);
#2785 = AXIS2_PLACEMENT_3D('',#2786,#2787,#2788);
#2786 = CARTESIAN_POINT('',(11.89,11.720458146424,73.270905907619));
#2787 = DIRECTION('',(0.,1.,0.));
#2788 = DIRECTION('',(0.,0.,1.));
#2789 = ADVANCED_FACE('',(#2790),#2801,.F.);
#2790 = FACE_BOUND('',#2791,.F.);
#2791 = EDGE_LOOP('',(#2792,#2798,#2799,#2800));
#2792 = ORIENTED_EDGE('',*,*,#2793,.F.);
#2793 = EDGE_CURVE('',#1289,#1384,#2794,.T.);
#2794 = LINE('',#2795,#2796);
#2795 = CARTESIAN_POINT('',(12.3,-6.279541853576,73.270905907619));
#2796 = VECTOR('',#2797,1.);
#2797 = DIRECTION('',(0.,0.,1.));
#2798 = ORIENTED_EDGE('',*,*,#1296,.F.);
#2799 = ORIENTED_EDGE('',*,*,#2776,.T.);
#2800 = ORIENTED_EDGE('',*,*,#1383,.F.);
#2801 = PLANE('',#2802);
#2802 = AXIS2_PLACEMENT_3D('',#2803,#2804,#2805);
#2803 = CARTESIAN_POINT('',(12.3,-6.279541853576,73.270905907619));
#2804 = DIRECTION('',(1.,0.,0.));
#2805 = DIRECTION('',(0.,0.,1.));
#2806 = ADVANCED_FACE('',(#2807),#2818,.T.);
#2807 = FACE_BOUND('',#2808,.T.);
#2808 = EDGE_LOOP('',(#2809,#2810,#2811,#2817));
#2809 = ORIENTED_EDGE('',*,*,#2793,.F.);
#2810 = ORIENTED_EDGE('',*,*,#1288,.F.);
#2811 = ORIENTED_EDGE('',*,*,#2812,.T.);
#2812 = EDGE_CURVE('',#1281,#1392,#2813,.T.);
#2813 = LINE('',#2814,#2815);
#2814 = CARTESIAN_POINT('',(11.9,-6.279541853576,73.275905907619));
#2815 = VECTOR('',#2816,1.);
#2816 = DIRECTION('',(0.,0.,1.));
#2817 = ORIENTED_EDGE('',*,*,#1391,.F.);
#2818 = PLANE('',#2819);
#2819 = AXIS2_PLACEMENT_3D('',#2820,#2821,#2822);
#2820 = CARTESIAN_POINT('',(11.89,-6.279541853576,73.270905907619));
#2821 = DIRECTION('',(0.,1.,0.));
#2822 = DIRECTION('',(0.,0.,1.));
#2823 = ADVANCED_FACE('',(#2824),#2830,.F.);
#2824 = FACE_BOUND('',#2825,.F.);
#2825 = EDGE_LOOP('',(#2826,#2827,#2828,#2829));
#2826 = ORIENTED_EDGE('',*,*,#1399,.F.);
#2827 = ORIENTED_EDGE('',*,*,#1344,.T.);
#2828 = ORIENTED_EDGE('',*,*,#1280,.T.);
#2829 = ORIENTED_EDGE('',*,*,#2812,.T.);
#2830 = PLANE('',#2831);
#2831 = AXIS2_PLACEMENT_3D('',#2832,#2833,#2834);
#2832 = CARTESIAN_POINT('',(11.9,-17.97954185357,73.280905907619));
#2833 = DIRECTION('',(1.,0.,0.));
#2834 = DIRECTION('',(0.,0.,1.));
#2835 = ADVANCED_FACE('',(#2836),#2842,.F.);
#2836 = FACE_BOUND('',#2837,.F.);
#2837 = EDGE_LOOP('',(#2838,#2839,#2840,#2841));
#2838 = ORIENTED_EDGE('',*,*,#1437,.F.);
#2839 = ORIENTED_EDGE('',*,*,#1415,.T.);
#2840 = ORIENTED_EDGE('',*,*,#2323,.T.);
#2841 = ORIENTED_EDGE('',*,*,#1469,.F.);
#2842 = PLANE('',#2843);
#2843 = AXIS2_PLACEMENT_3D('',#2844,#2845,#2846);
#2844 = CARTESIAN_POINT('',(13.5,-0.341334079327,67.740482604936));
#2845 = DIRECTION('',(1.,0.,0.));
#2846 = DIRECTION('',(0.,0.,1.));
#2847 = ADVANCED_FACE('',(#2848),#2854,.F.);
#2848 = FACE_BOUND('',#2849,.F.);
#2849 = EDGE_LOOP('',(#2850,#2851,#2852,#2853));
#2850 = ORIENTED_EDGE('',*,*,#1518,.T.);
#2851 = ORIENTED_EDGE('',*,*,#1485,.T.);
#2852 = ORIENTED_EDGE('',*,*,#2309,.F.);
#2853 = ORIENTED_EDGE('',*,*,#1541,.F.);
#2854 = PLANE('',#2855);
#2855 = AXIS2_PLACEMENT_3D('',#2856,#2857,#2858);
#2856 = CARTESIAN_POINT('',(11.9,-17.97954185357,94.180905907619));
#2857 = DIRECTION('',(1.,0.,0.));
#2858 = DIRECTION('',(0.,0.,1.));
#2859 = ADVANCED_FACE('',(#2860),#2866,.F.);
#2860 = FACE_BOUND('',#2861,.F.);
#2861 = EDGE_LOOP('',(#2862,#2863,#2864,#2865));
#2862 = ORIENTED_EDGE('',*,*,#1579,.F.);
#2863 = ORIENTED_EDGE('',*,*,#1557,.T.);
#2864 = ORIENTED_EDGE('',*,*,#2289,.T.);
#2865 = ORIENTED_EDGE('',*,*,#1611,.F.);
#2866 = PLANE('',#2867);
#2867 = AXIS2_PLACEMENT_3D('',#2868,#2869,#2870);
#2868 = CARTESIAN_POINT('',(13.5,-0.341334079327,67.740482604936));
#2869 = DIRECTION('',(1.,0.,0.));
#2870 = DIRECTION('',(0.,0.,1.));
#2871 = ADVANCED_FACE('',(#2872),#2878,.F.);
#2872 = FACE_BOUND('',#2873,.F.);
#2873 = EDGE_LOOP('',(#2874,#2875,#2876,#2877));
#2874 = ORIENTED_EDGE('',*,*,#1660,.T.);
#2875 = ORIENTED_EDGE('',*,*,#1627,.T.);
#2876 = ORIENTED_EDGE('',*,*,#2275,.F.);
#2877 = ORIENTED_EDGE('',*,*,#1683,.F.);
#2878 = PLANE('',#2879);
#2879 = AXIS2_PLACEMENT_3D('',#2880,#2881,#2882);
#2880 = CARTESIAN_POINT('',(11.9,-17.97954185357,99.280905907619));
#2881 = DIRECTION('',(1.,0.,0.));
#2882 = DIRECTION('',(0.,0.,1.));
#2883 = ADVANCED_FACE('',(#2884),#2890,.F.);
#2884 = FACE_BOUND('',#2885,.F.);
#2885 = EDGE_LOOP('',(#2886,#2887,#2888,#2889));
#2886 = ORIENTED_EDGE('',*,*,#1721,.F.);
#2887 = ORIENTED_EDGE('',*,*,#1699,.T.);
#2888 = ORIENTED_EDGE('',*,*,#2255,.T.);
#2889 = ORIENTED_EDGE('',*,*,#1770,.T.);
#2890 = PLANE('',#2891);
#2891 = AXIS2_PLACEMENT_3D('',#2892,#2893,#2894);
#2892 = CARTESIAN_POINT('',(13.5,-0.341334079327,67.740482604936));
#2893 = DIRECTION('',(1.,0.,0.));
#2894 = DIRECTION('',(0.,0.,1.));
#2895 = ADVANCED_FACE('',(#2896),#2914,.F.);
#2896 = FACE_BOUND('',#2897,.F.);
#2897 = EDGE_LOOP('',(#2898,#2906,#2912,#2913));
#2898 = ORIENTED_EDGE('',*,*,#2899,.F.);
#2899 = EDGE_CURVE('',#2900,#2119,#2902,.T.);
#2900 = VERTEX_POINT('',#2901);
#2901 = CARTESIAN_POINT('',(-19.,-25.58275033922,115.66497655801));
#2902 = LINE('',#2903,#2904);
#2903 = CARTESIAN_POINT('',(-19.,-25.58275033922,115.66497655801));
#2904 = VECTOR('',#2905,1.);
#2905 = DIRECTION('',(0.,0.927024810887,0.375));
#2906 = ORIENTED_EDGE('',*,*,#2907,.F.);
#2907 = EDGE_CURVE('',#1746,#2900,#2908,.T.);
#2908 = LINE('',#2909,#2910);
#2909 = CARTESIAN_POINT('',(-19.,-24.45775033922,112.88390212535));
#2910 = VECTOR('',#2911,1.);
#2911 = DIRECTION('',(0.,-0.375,0.927024810887));
#2912 = ORIENTED_EDGE('',*,*,#1745,.T.);
#2913 = ORIENTED_EDGE('',*,*,#2118,.T.);
#2914 = PLANE('',#2915);
#2915 = AXIS2_PLACEMENT_3D('',#2916,#2917,#2918);
#2916 = CARTESIAN_POINT('',(-19.,-24.45775033922,112.88390212535));
#2917 = DIRECTION('',(1.,0.,0.));
#2918 = DIRECTION('',(0.,-0.375,0.927024810887));
#2919 = ADVANCED_FACE('',(#2920),#2938,.F.);
#2920 = FACE_BOUND('',#2921,.F.);
#2921 = EDGE_LOOP('',(#2922,#2923,#2924,#2932));
#2922 = ORIENTED_EDGE('',*,*,#1810,.F.);
#2923 = ORIENTED_EDGE('',*,*,#2907,.T.);
#2924 = ORIENTED_EDGE('',*,*,#2925,.T.);
#2925 = EDGE_CURVE('',#2900,#2926,#2928,.T.);
#2926 = VERTEX_POINT('',#2927);
#2927 = CARTESIAN_POINT('',(19.,-25.58275033922,115.66497655801));
#2928 = LINE('',#2929,#2930);
#2929 = CARTESIAN_POINT('',(-19.,-25.58275033922,115.66497655801));
#2930 = VECTOR('',#2931,1.);
#2931 = DIRECTION('',(1.,0.,0.));
#2932 = ORIENTED_EDGE('',*,*,#2933,.F.);
#2933 = EDGE_CURVE('',#1803,#2926,#2934,.T.);
#2934 = LINE('',#2935,#2936);
#2935 = CARTESIAN_POINT('',(19.,-24.45775033922,112.88390212535));
#2936 = VECTOR('',#2937,1.);
#2937 = DIRECTION('',(0.,-0.375,0.927024810887));
#2938 = PLANE('',#2939);
#2939 = AXIS2_PLACEMENT_3D('',#2940,#2941,#2942);
#2940 = CARTESIAN_POINT('',(-19.,-24.45775033922,112.88390212535));
#2941 = DIRECTION('',(0.,0.927024810887,0.375));
#2942 = DIRECTION('',(0.,-0.375,0.927024810887));
#2943 = ADVANCED_FACE('',(#2944),#2955,.T.);
#2944 = FACE_BOUND('',#2945,.T.);
#2945 = EDGE_LOOP('',(#2946,#2952,#2953,#2954));
#2946 = ORIENTED_EDGE('',*,*,#2947,.F.);
#2947 = EDGE_CURVE('',#2926,#2127,#2948,.T.);
#2948 = LINE('',#2949,#2950);
#2949 = CARTESIAN_POINT('',(19.,-25.58275033922,115.66497655801));
#2950 = VECTOR('',#2951,1.);
#2951 = DIRECTION('',(0.,0.927024810887,0.375));
#2952 = ORIENTED_EDGE('',*,*,#2933,.F.);
#2953 = ORIENTED_EDGE('',*,*,#1802,.T.);
#2954 = ORIENTED_EDGE('',*,*,#2134,.T.);
#2955 = PLANE('',#2956);
#2956 = AXIS2_PLACEMENT_3D('',#2957,#2958,#2959);
#2957 = CARTESIAN_POINT('',(19.,-24.45775033922,112.88390212535));
#2958 = DIRECTION('',(1.,0.,0.));
#2959 = DIRECTION('',(0.,-0.375,0.927024810887));
#2960 = ADVANCED_FACE('',(#2961,#2984,#2995,#3029),#3063,.T.);
#2961 = FACE_BOUND('',#2962,.T.);
#2962 = EDGE_LOOP('',(#2963,#2964,#2965,#2966,#2967,#2968,#2977));
#2963 = ORIENTED_EDGE('',*,*,#1835,.F.);
#2964 = ORIENTED_EDGE('',*,*,#1944,.T.);
#2965 = ORIENTED_EDGE('',*,*,#2086,.T.);
#2966 = ORIENTED_EDGE('',*,*,#1786,.T.);
#2967 = ORIENTED_EDGE('',*,*,#1876,.F.);
#2968 = ORIENTED_EDGE('',*,*,#2969,.T.);
#2969 = EDGE_CURVE('',#1877,#2970,#2972,.T.);
#2970 = VERTEX_POINT('',#2971);
#2971 = CARTESIAN_POINT('',(16.,-17.8,5.7));
#2972 = CIRCLE('',#2973,2.9);
#2973 = AXIS2_PLACEMENT_3D('',#2974,#2975,#2976);
#2974 = CARTESIAN_POINT('',(16.,-17.8,8.6));
#2975 = DIRECTION('',(-1.,-0.,-2.22044604925E-16));
#2976 = DIRECTION('',(2.22044604925E-16,0.,-1.));
#2977 = ORIENTED_EDGE('',*,*,#2978,.T.);
#2978 = EDGE_CURVE('',#2970,#1838,#2979,.T.);
#2979 = CIRCLE('',#2980,2.9);
#2980 = AXIS2_PLACEMENT_3D('',#2981,#2982,#2983);
#2981 = CARTESIAN_POINT('',(16.,-17.8,8.6));
#2982 = DIRECTION('',(-1.,-0.,-2.22044604925E-16));
#2983 = DIRECTION('',(2.22044604925E-16,0.,-1.));
#2984 = FACE_BOUND('',#2985,.T.);
#2985 = EDGE_LOOP('',(#2986));
#2986 = ORIENTED_EDGE('',*,*,#2987,.T.);
#2987 = EDGE_CURVE('',#2988,#2988,#2990,.T.);
#2988 = VERTEX_POINT('',#2989);
#2989 = CARTESIAN_POINT('',(16.,13.2,5.7));
#2990 = CIRCLE('',#2991,2.9);
#2991 = AXIS2_PLACEMENT_3D('',#2992,#2993,#2994);
#2992 = CARTESIAN_POINT('',(16.,13.2,8.6));
#2993 = DIRECTION('',(-1.,-0.,-2.22044604925E-16));
#2994 = DIRECTION('',(2.22044604925E-16,0.,-1.));
#2995 = FACE_BOUND('',#2996,.T.);
#2996 = EDGE_LOOP('',(#2997,#3007,#3015,#3023));
#2997 = ORIENTED_EDGE('',*,*,#2998,.T.);
#2998 = EDGE_CURVE('',#2999,#3001,#3003,.T.);
#2999 = VERTEX_POINT('',#3000);
#3000 = CARTESIAN_POINT('',(16.,-4.669557584734,14.002754058019));
#3001 = VERTEX_POINT('',#3002);
#3002 = CARTESIAN_POINT('',(16.,-15.86955758473,14.002754058019));
#3003 = LINE('',#3004,#3005);
#3004 = CARTESIAN_POINT('',(16.,-18.17454971915,14.002754058019));
#3005 = VECTOR('',#3006,1.);
#3006 = DIRECTION('',(0.,-1.,0.));
#3007 = ORIENTED_EDGE('',*,*,#3008,.T.);
#3008 = EDGE_CURVE('',#3001,#3009,#3011,.T.);
#3009 = VERTEX_POINT('',#3010);
#3010 = CARTESIAN_POINT('',(16.,-15.86955758473,19.402754058019));
#3011 = LINE('',#3012,#3013);
#3012 = CARTESIAN_POINT('',(16.,-15.86955758473,9.601377029009));
#3013 = VECTOR('',#3014,1.);
#3014 = DIRECTION('',(0.,0.,1.));
#3015 = ORIENTED_EDGE('',*,*,#3016,.F.);
#3016 = EDGE_CURVE('',#3017,#3009,#3019,.T.);
#3017 = VERTEX_POINT('',#3018);
#3018 = CARTESIAN_POINT('',(16.,-4.669557584734,19.402754058019));
#3019 = LINE('',#3020,#3021);
#3020 = CARTESIAN_POINT('',(16.,-18.17454971915,19.402754058019));
#3021 = VECTOR('',#3022,1.);
#3022 = DIRECTION('',(0.,-1.,0.));
#3023 = ORIENTED_EDGE('',*,*,#3024,.F.);
#3024 = EDGE_CURVE('',#2999,#3017,#3025,.T.);
#3025 = LINE('',#3026,#3027);
#3026 = CARTESIAN_POINT('',(16.,-4.669557584734,9.601377029009));
#3027 = VECTOR('',#3028,1.);
#3028 = DIRECTION('',(0.,0.,1.));
#3029 = FACE_BOUND('',#3030,.T.);
#3030 = EDGE_LOOP('',(#3031,#3041,#3049,#3057));
#3031 = ORIENTED_EDGE('',*,*,#3032,.F.);
#3032 = EDGE_CURVE('',#3033,#3035,#3037,.T.);
#3033 = VERTEX_POINT('',#3034);
#3034 = CARTESIAN_POINT('',(16.,-8.469557584734,20.702754058019));
#3035 = VERTEX_POINT('',#3036);
#3036 = CARTESIAN_POINT('',(16.,-8.469557584734,21.802754058019));
#3037 = LINE('',#3038,#3039);
#3038 = CARTESIAN_POINT('',(16.,-8.469557584734,12.951377029009));
#3039 = VECTOR('',#3040,1.);
#3040 = DIRECTION('',(0.,0.,1.));
#3041 = ORIENTED_EDGE('',*,*,#3042,.T.);
#3042 = EDGE_CURVE('',#3033,#3043,#3045,.T.);
#3043 = VERTEX_POINT('',#3044);
#3044 = CARTESIAN_POINT('',(16.,-12.06955758473,20.702754058019));
#3045 = LINE('',#3046,#3047);
#3046 = CARTESIAN_POINT('',(16.,-16.27454971915,20.702754058019));
#3047 = VECTOR('',#3048,1.);
#3048 = DIRECTION('',(0.,-1.,0.));
#3049 = ORIENTED_EDGE('',*,*,#3050,.T.);
#3050 = EDGE_CURVE('',#3043,#3051,#3053,.T.);
#3051 = VERTEX_POINT('',#3052);
#3052 = CARTESIAN_POINT('',(16.,-12.06955758473,21.802754058019));
#3053 = LINE('',#3054,#3055);
#3054 = CARTESIAN_POINT('',(16.,-12.06955758473,12.951377029009));
#3055 = VECTOR('',#3056,1.);
#3056 = DIRECTION('',(0.,0.,1.));
#3057 = ORIENTED_EDGE('',*,*,#3058,.F.);
#3058 = EDGE_CURVE('',#3035,#3051,#3059,.T.);
#3059 = LINE('',#3060,#3061);
#3060 = CARTESIAN_POINT('',(16.,-16.27454971915,21.802754058019));
#3061 = VECTOR('',#3062,1.);
#3062 = DIRECTION('',(0.,-1.,0.));
#3063 = PLANE('',#3064);
#3064 = AXIS2_PLACEMENT_3D('',#3065,#3066,#3067);
#3065 = CARTESIAN_POINT('',(16.,-20.47954185357,5.2));
#3066 = DIRECTION('',(1.,0.,0.));
#3067 = DIRECTION('',(0.,0.,1.));
#3068 = ADVANCED_FACE('',(#3069),#3088,.F.);
#3069 = FACE_BOUND('',#3070,.T.);
#3070 = EDGE_LOOP('',(#3071,#3072,#3080,#3087));
#3071 = ORIENTED_EDGE('',*,*,#1818,.T.);
#3072 = ORIENTED_EDGE('',*,*,#3073,.T.);
#3073 = EDGE_CURVE('',#1819,#3074,#3076,.T.);
#3074 = VERTEX_POINT('',#3075);
#3075 = CARTESIAN_POINT('',(10.399491873224,-7.042254121482,
    123.16497655801));
#3076 = LINE('',#3077,#3078);
#3077 = CARTESIAN_POINT('',(10.399491873224,-5.542254121482,
    119.45687731447));
#3078 = VECTOR('',#3079,1.);
#3079 = DIRECTION('',(0.,-0.375,0.927024810887));
#3080 = ORIENTED_EDGE('',*,*,#3081,.F.);
#3081 = EDGE_CURVE('',#3074,#3074,#3082,.T.);
#3082 = CIRCLE('',#3083,10.399491873224);
#3083 = AXIS2_PLACEMENT_3D('',#3084,#3085,#3086);
#3084 = CARTESIAN_POINT('',(0.,-7.042254121482,123.16497655801));
#3085 = DIRECTION('',(0.,0.375,-0.927024810887));
#3086 = DIRECTION('',(1.,0.,0.));
#3087 = ORIENTED_EDGE('',*,*,#3073,.F.);
#3088 = CYLINDRICAL_SURFACE('',#3089,10.399491873224);
#3089 = AXIS2_PLACEMENT_3D('',#3090,#3091,#3092);
#3090 = CARTESIAN_POINT('',(0.,-5.542254121482,119.45687731447));
#3091 = DIRECTION('',(-0.,0.375,-0.927024810887));
#3092 = DIRECTION('',(1.,0.,0.));
#3093 = ADVANCED_FACE('',(#3094,#3113),#3116,.T.);
#3094 = FACE_BOUND('',#3095,.T.);
#3095 = EDGE_LOOP('',(#3096,#3105,#3112));
#3096 = ORIENTED_EDGE('',*,*,#3097,.T.);
#3097 = EDGE_CURVE('',#1893,#3098,#3100,.T.);
#3098 = VERTEX_POINT('',#3099);
#3099 = CARTESIAN_POINT('',(13.,-17.8,5.7));
#3100 = CIRCLE('',#3101,2.9);
#3101 = AXIS2_PLACEMENT_3D('',#3102,#3103,#3104);
#3102 = CARTESIAN_POINT('',(13.,-17.8,8.6));
#3103 = DIRECTION('',(1.,-0.,2.22044604925E-16));
#3104 = DIRECTION('',(2.22044604925E-16,0.,-1.));
#3105 = ORIENTED_EDGE('',*,*,#3106,.T.);
#3106 = EDGE_CURVE('',#3098,#1885,#3107,.T.);
#3107 = CIRCLE('',#3108,2.9);
#3108 = AXIS2_PLACEMENT_3D('',#3109,#3110,#3111);
#3109 = CARTESIAN_POINT('',(13.,-17.8,8.6));
#3110 = DIRECTION('',(1.,-0.,2.22044604925E-16));
#3111 = DIRECTION('',(2.22044604925E-16,0.,-1.));
#3112 = ORIENTED_EDGE('',*,*,#1892,.T.);
#3113 = FACE_BOUND('',#3114,.T.);
#3114 = EDGE_LOOP('',(#3115));
#3115 = ORIENTED_EDGE('',*,*,#2458,.T.);
#3116 = PLANE('',#3117);
#3117 = AXIS2_PLACEMENT_3D('',#3118,#3119,#3120);
#3118 = CARTESIAN_POINT('',(13.,-17.8,8.6));
#3119 = DIRECTION('',(1.,0.,2.22044604925E-16));
#3120 = DIRECTION('',(2.22044604925E-16,0.,-1.));
#3121 = ADVANCED_FACE('',(#3122),#3127,.T.);
#3122 = FACE_BOUND('',#3123,.T.);
#3123 = EDGE_LOOP('',(#3124,#3125,#3126));
#3124 = ORIENTED_EDGE('',*,*,#1918,.T.);
#3125 = ORIENTED_EDGE('',*,*,#1927,.T.);
#3126 = ORIENTED_EDGE('',*,*,#1860,.F.);
#3127 = PLANE('',#3128);
#3128 = AXIS2_PLACEMENT_3D('',#3129,#3130,#3131);
#3129 = CARTESIAN_POINT('',(-5.5,-21.47954185357,91.030905907619));
#3130 = DIRECTION('',(1.,0.,2.22044604925E-16));
#3131 = DIRECTION('',(2.22044604925E-16,0.,-1.));
#3132 = ADVANCED_FACE('',(#3133),#3146,.F.);
#3133 = FACE_BOUND('',#3134,.F.);
#3134 = EDGE_LOOP('',(#3135,#3136,#3137,#3138,#3139));
#3135 = ORIENTED_EDGE('',*,*,#2023,.F.);
#3136 = ORIENTED_EDGE('',*,*,#1989,.F.);
#3137 = ORIENTED_EDGE('',*,*,#1967,.T.);
#3138 = ORIENTED_EDGE('',*,*,#2053,.T.);
#3139 = ORIENTED_EDGE('',*,*,#3140,.T.);
#3140 = EDGE_CURVE('',#2054,#2024,#3141,.T.);
#3141 = CIRCLE('',#3142,2.9);
#3142 = AXIS2_PLACEMENT_3D('',#3143,#3144,#3145);
#3143 = CARTESIAN_POINT('',(14.,13.2,8.6));
#3144 = DIRECTION('',(-1.,-0.,-2.22044604925E-16));
#3145 = DIRECTION('',(2.22044604925E-16,0.,-1.));
#3146 = PLANE('',#3147);
#3147 = AXIS2_PLACEMENT_3D('',#3148,#3149,#3150);
#3148 = CARTESIAN_POINT('',(14.,-8.843261531631,5.19));
#3149 = DIRECTION('',(1.,0.,0.));
#3150 = DIRECTION('',(0.,1.,0.));
#3151 = ADVANCED_FACE('',(#3152,#3172),#3175,.T.);
#3152 = FACE_BOUND('',#3153,.T.);
#3153 = EDGE_LOOP('',(#3154,#3163,#3170,#3171));
#3154 = ORIENTED_EDGE('',*,*,#3155,.T.);
#3155 = EDGE_CURVE('',#2065,#3156,#3158,.T.);
#3156 = VERTEX_POINT('',#3157);
#3157 = CARTESIAN_POINT('',(13.,13.2,5.7));
#3158 = CIRCLE('',#3159,2.9);
#3159 = AXIS2_PLACEMENT_3D('',#3160,#3161,#3162);
#3160 = CARTESIAN_POINT('',(13.,13.2,8.6));
#3161 = DIRECTION('',(1.,-0.,2.22044604925E-16));
#3162 = DIRECTION('',(2.22044604925E-16,0.,-1.));
#3163 = ORIENTED_EDGE('',*,*,#3164,.T.);
#3164 = EDGE_CURVE('',#3156,#2032,#3165,.T.);
#3165 = CIRCLE('',#3166,2.9);
#3166 = AXIS2_PLACEMENT_3D('',#3167,#3168,#3169);
#3167 = CARTESIAN_POINT('',(13.,13.2,8.6));
#3168 = DIRECTION('',(1.,-0.,2.22044604925E-16));
#3169 = DIRECTION('',(2.22044604925E-16,0.,-1.));
#3170 = ORIENTED_EDGE('',*,*,#2039,.T.);
#3171 = ORIENTED_EDGE('',*,*,#2064,.T.);
#3172 = FACE_BOUND('',#3173,.T.);
#3173 = EDGE_LOOP('',(#3174));
#3174 = ORIENTED_EDGE('',*,*,#2408,.T.);
#3175 = PLANE('',#3176);
#3176 = AXIS2_PLACEMENT_3D('',#3177,#3178,#3179);
#3177 = CARTESIAN_POINT('',(13.,13.2,8.6));
#3178 = DIRECTION('',(1.,0.,2.22044604925E-16));
#3179 = DIRECTION('',(2.22044604925E-16,0.,-1.));
#3180 = ADVANCED_FACE('',(#3181),#3196,.F.);
#3181 = FACE_BOUND('',#3182,.T.);
#3182 = EDGE_LOOP('',(#3183,#3189,#3190,#3191,#3192,#3193,#3194,#3195));
#3183 = ORIENTED_EDGE('',*,*,#3184,.F.);
#3184 = EDGE_CURVE('',#3156,#2988,#3185,.T.);
#3185 = LINE('',#3186,#3187);
#3186 = CARTESIAN_POINT('',(13.,13.2,5.7));
#3187 = VECTOR('',#3188,1.);
#3188 = DIRECTION('',(1.,0.,2.22044604925E-16));
#3189 = ORIENTED_EDGE('',*,*,#3155,.F.);
#3190 = ORIENTED_EDGE('',*,*,#2072,.F.);
#3191 = ORIENTED_EDGE('',*,*,#3140,.T.);
#3192 = ORIENTED_EDGE('',*,*,#2031,.T.);
#3193 = ORIENTED_EDGE('',*,*,#3164,.F.);
#3194 = ORIENTED_EDGE('',*,*,#3184,.T.);
#3195 = ORIENTED_EDGE('',*,*,#2987,.F.);
#3196 = CYLINDRICAL_SURFACE('',#3197,2.9);
#3197 = AXIS2_PLACEMENT_3D('',#3198,#3199,#3200);
#3198 = CARTESIAN_POINT('',(13.,13.2,8.6));
#3199 = DIRECTION('',(-1.,-0.,-2.22044604925E-16));
#3200 = DIRECTION('',(2.22044604925E-16,0.,-1.));
#3201 = ADVANCED_FACE('',(#3202,#3208,#3219,#3230,#3241,#3244),#3255,.T.
  );
#3202 = FACE_BOUND('',#3203,.T.);
#3203 = EDGE_LOOP('',(#3204,#3205,#3206,#3207));
#3204 = ORIENTED_EDGE('',*,*,#2899,.F.);
#3205 = ORIENTED_EDGE('',*,*,#2925,.T.);
#3206 = ORIENTED_EDGE('',*,*,#2947,.T.);
#3207 = ORIENTED_EDGE('',*,*,#2126,.T.);
#3208 = FACE_BOUND('',#3209,.T.);
#3209 = EDGE_LOOP('',(#3210));
#3210 = ORIENTED_EDGE('',*,*,#3211,.T.);
#3211 = EDGE_CURVE('',#3212,#3212,#3214,.T.);
#3212 = VERTEX_POINT('',#3213);
#3213 = CARTESIAN_POINT('',(17.5,-20.48411387934,117.72747655801));
#3214 = CIRCLE('',#3215,3.);
#3215 = AXIS2_PLACEMENT_3D('',#3216,#3217,#3218);
#3216 = CARTESIAN_POINT('',(14.5,-20.48411387934,117.72747655801));
#3217 = DIRECTION('',(0.,0.375,-0.927024810887));
#3218 = DIRECTION('',(1.,0.,0.));
#3219 = FACE_BOUND('',#3220,.T.);
#3220 = EDGE_LOOP('',(#3221));
#3221 = ORIENTED_EDGE('',*,*,#3222,.T.);
#3222 = EDGE_CURVE('',#3223,#3223,#3225,.T.);
#3223 = VERTEX_POINT('',#3224);
#3224 = CARTESIAN_POINT('',(17.5,6.399605636379,128.60247655801));
#3225 = CIRCLE('',#3226,3.);
#3226 = AXIS2_PLACEMENT_3D('',#3227,#3228,#3229);
#3227 = CARTESIAN_POINT('',(14.5,6.399605636379,128.60247655801));
#3228 = DIRECTION('',(0.,0.375,-0.927024810887));
#3229 = DIRECTION('',(1.,0.,0.));
#3230 = FACE_BOUND('',#3231,.T.);
#3231 = EDGE_LOOP('',(#3232));
#3232 = ORIENTED_EDGE('',*,*,#3233,.T.);
#3233 = EDGE_CURVE('',#3234,#3234,#3236,.T.);
#3234 = VERTEX_POINT('',#3235);
#3235 = CARTESIAN_POINT('',(-11.5,-20.48411387934,117.72747655801));
#3236 = CIRCLE('',#3237,3.);
#3237 = AXIS2_PLACEMENT_3D('',#3238,#3239,#3240);
#3238 = CARTESIAN_POINT('',(-14.5,-20.48411387934,117.72747655801));
#3239 = DIRECTION('',(0.,0.375,-0.927024810887));
#3240 = DIRECTION('',(1.,0.,0.));
#3241 = FACE_BOUND('',#3242,.T.);
#3242 = EDGE_LOOP('',(#3243));
#3243 = ORIENTED_EDGE('',*,*,#3081,.T.);
#3244 = FACE_BOUND('',#3245,.T.);
#3245 = EDGE_LOOP('',(#3246));
#3246 = ORIENTED_EDGE('',*,*,#3247,.T.);
#3247 = EDGE_CURVE('',#3248,#3248,#3250,.T.);
#3248 = VERTEX_POINT('',#3249);
#3249 = CARTESIAN_POINT('',(-11.5,6.399605636379,128.60247655801));
#3250 = CIRCLE('',#3251,3.);
#3251 = AXIS2_PLACEMENT_3D('',#3252,#3253,#3254);
#3252 = CARTESIAN_POINT('',(-14.5,6.399605636379,128.60247655801));
#3253 = DIRECTION('',(0.,0.375,-0.927024810887));
#3254 = DIRECTION('',(1.,0.,0.));
#3255 = PLANE('',#3256);
#3256 = AXIS2_PLACEMENT_3D('',#3257,#3258,#3259);
#3257 = CARTESIAN_POINT('',(-3.333870602121E-16,-3.681146096398,
    124.52461169896));
#3258 = DIRECTION('',(0.,-0.375,0.927024810887));
#3259 = DIRECTION('',(0.,0.927024810887,0.375));
#3260 = ADVANCED_FACE('',(#3261),#3266,.T.);
#3261 = FACE_BOUND('',#3262,.T.);
#3262 = EDGE_LOOP('',(#3263,#3264,#3265));
#3263 = ORIENTED_EDGE('',*,*,#2228,.T.);
#3264 = ORIENTED_EDGE('',*,*,#2237,.T.);
#3265 = ORIENTED_EDGE('',*,*,#2102,.T.);
#3266 = PLANE('',#3267);
#3267 = AXIS2_PLACEMENT_3D('',#3268,#3269,#3270);
#3268 = CARTESIAN_POINT('',(-5.5,19.220458146424,91.030905907619));
#3269 = DIRECTION('',(1.,0.,2.22044604925E-16));
#3270 = DIRECTION('',(2.22044604925E-16,0.,-1.));
#3271 = ADVANCED_FACE('',(#3272),#3291,.T.);
#3272 = FACE_BOUND('',#3273,.F.);
#3273 = EDGE_LOOP('',(#3274,#3275,#3283,#3290));
#3274 = ORIENTED_EDGE('',*,*,#2143,.T.);
#3275 = ORIENTED_EDGE('',*,*,#3276,.T.);
#3276 = EDGE_CURVE('',#2144,#3277,#3279,.T.);
#3277 = VERTEX_POINT('',#3278);
#3278 = CARTESIAN_POINT('',(-7.99,21.720458146424,51.000458146424));
#3279 = LINE('',#3280,#3281);
#3280 = CARTESIAN_POINT('',(-7.99,17.720458146424,51.000458146424));
#3281 = VECTOR('',#3282,1.);
#3282 = DIRECTION('',(0.,1.,-2.22044604925E-16));
#3283 = ORIENTED_EDGE('',*,*,#3284,.T.);
#3284 = EDGE_CURVE('',#3277,#3277,#3285,.T.);
#3285 = CIRCLE('',#3286,2.5);
#3286 = AXIS2_PLACEMENT_3D('',#3287,#3288,#3289);
#3287 = CARTESIAN_POINT('',(-10.49,21.720458146424,51.000458146424));
#3288 = DIRECTION('',(0.,1.,-2.22044604925E-16));
#3289 = DIRECTION('',(1.,0.,0.));
#3290 = ORIENTED_EDGE('',*,*,#3276,.F.);
#3291 = CYLINDRICAL_SURFACE('',#3292,2.5);
#3292 = AXIS2_PLACEMENT_3D('',#3293,#3294,#3295);
#3293 = CARTESIAN_POINT('',(-10.49,17.720458146424,51.000458146424));
#3294 = DIRECTION('',(-0.,-1.,2.22044604925E-16));
#3295 = DIRECTION('',(1.,0.,0.));
#3296 = ADVANCED_FACE('',(#3297),#3316,.T.);
#3297 = FACE_BOUND('',#3298,.F.);
#3298 = EDGE_LOOP('',(#3299,#3300,#3308,#3315));
#3299 = ORIENTED_EDGE('',*,*,#2154,.T.);
#3300 = ORIENTED_EDGE('',*,*,#3301,.T.);
#3301 = EDGE_CURVE('',#2155,#3302,#3304,.T.);
#3302 = VERTEX_POINT('',#3303);
#3303 = CARTESIAN_POINT('',(-7.99,21.720458146424,63.520458146424));
#3304 = LINE('',#3305,#3306);
#3305 = CARTESIAN_POINT('',(-7.99,17.720458146424,63.520458146424));
#3306 = VECTOR('',#3307,1.);
#3307 = DIRECTION('',(0.,1.,-2.22044604925E-16));
#3308 = ORIENTED_EDGE('',*,*,#3309,.T.);
#3309 = EDGE_CURVE('',#3302,#3302,#3310,.T.);
#3310 = CIRCLE('',#3311,2.5);
#3311 = AXIS2_PLACEMENT_3D('',#3312,#3313,#3314);
#3312 = CARTESIAN_POINT('',(-10.49,21.720458146424,63.520458146424));
#3313 = DIRECTION('',(0.,1.,-2.22044604925E-16));
#3314 = DIRECTION('',(1.,0.,0.));
#3315 = ORIENTED_EDGE('',*,*,#3301,.F.);
#3316 = CYLINDRICAL_SURFACE('',#3317,2.5);
#3317 = AXIS2_PLACEMENT_3D('',#3318,#3319,#3320);
#3318 = CARTESIAN_POINT('',(-10.49,17.720458146424,63.520458146424));
#3319 = DIRECTION('',(-0.,-1.,2.22044604925E-16));
#3320 = DIRECTION('',(1.,0.,0.));
#3321 = ADVANCED_FACE('',(#3322),#3347,.T.);
#3322 = FACE_BOUND('',#3323,.T.);
#3323 = EDGE_LOOP('',(#3324,#3332,#3333,#3341));
#3324 = ORIENTED_EDGE('',*,*,#3325,.F.);
#3325 = EDGE_CURVE('',#2166,#3326,#3328,.T.);
#3326 = VERTEX_POINT('',#3327);
#3327 = CARTESIAN_POINT('',(-10.,22.220458146424,23.620458146424));
#3328 = LINE('',#3329,#3330);
#3329 = CARTESIAN_POINT('',(-10.,17.720458146424,19.120458146424));
#3330 = VECTOR('',#3331,1.);
#3331 = DIRECTION('',(1.570092458684E-16,0.707106781187,0.707106781187)
  );
#3332 = ORIENTED_EDGE('',*,*,#2165,.T.);
#3333 = ORIENTED_EDGE('',*,*,#3334,.T.);
#3334 = EDGE_CURVE('',#2168,#3335,#3337,.T.);
#3335 = VERTEX_POINT('',#3336);
#3336 = CARTESIAN_POINT('',(-10.,22.220458146424,39.120458146424));
#3337 = LINE('',#3338,#3339);
#3338 = CARTESIAN_POINT('',(-10.,17.720458146424,39.120458146424));
#3339 = VECTOR('',#3340,1.);
#3340 = DIRECTION('',(0.,1.,0.));
#3341 = ORIENTED_EDGE('',*,*,#3342,.F.);
#3342 = EDGE_CURVE('',#3326,#3335,#3343,.T.);
#3343 = LINE('',#3344,#3345);
#3344 = CARTESIAN_POINT('',(-10.,22.220458146424,23.620458146424));
#3345 = VECTOR('',#3346,1.);
#3346 = DIRECTION('',(2.22044604925E-16,0.,1.));
#3347 = PLANE('',#3348);
#3348 = AXIS2_PLACEMENT_3D('',#3349,#3350,#3351);
#3349 = CARTESIAN_POINT('',(-10.,17.720458146424,19.120458146424));
#3350 = DIRECTION('',(-1.,0.,2.22044604925E-16));
#3351 = DIRECTION('',(2.22044604925E-16,0.,1.));
#3352 = ADVANCED_FACE('',(#3353),#3380,.F.);
#3353 = FACE_BOUND('',#3354,.F.);
#3354 = EDGE_LOOP('',(#3355,#3356,#3357,#3365,#3371,#3372,#3373,#3374));
#3355 = ORIENTED_EDGE('',*,*,#3325,.F.);
#3356 = ORIENTED_EDGE('',*,*,#2175,.T.);
#3357 = ORIENTED_EDGE('',*,*,#3358,.T.);
#3358 = EDGE_CURVE('',#2176,#3359,#3361,.T.);
#3359 = VERTEX_POINT('',#3360);
#3360 = CARTESIAN_POINT('',(10.,22.220458146424,23.620458146424));
#3361 = LINE('',#3362,#3363);
#3362 = CARTESIAN_POINT('',(10.,17.720458146424,19.120458146424));
#3363 = VECTOR('',#3364,1.);
#3364 = DIRECTION('',(1.570092458684E-16,0.707106781187,0.707106781187)
  );
#3365 = ORIENTED_EDGE('',*,*,#3366,.T.);
#3366 = EDGE_CURVE('',#3359,#2677,#3367,.T.);
#3367 = LINE('',#3368,#3369);
#3368 = CARTESIAN_POINT('',(10.,22.220458146424,23.620458146424));
#3369 = VECTOR('',#3370,1.);
#3370 = DIRECTION('',(-1.,0.,2.22044604925E-16));
#3371 = ORIENTED_EDGE('',*,*,#2676,.F.);
#3372 = ORIENTED_EDGE('',*,*,#2708,.T.);
#3373 = ORIENTED_EDGE('',*,*,#2725,.T.);
#3374 = ORIENTED_EDGE('',*,*,#3375,.T.);
#3375 = EDGE_CURVE('',#2726,#3326,#3376,.T.);
#3376 = LINE('',#3377,#3378);
#3377 = CARTESIAN_POINT('',(10.,22.220458146424,23.620458146424));
#3378 = VECTOR('',#3379,1.);
#3379 = DIRECTION('',(-1.,0.,2.22044604925E-16));
#3380 = PLANE('',#3381);
#3381 = AXIS2_PLACEMENT_3D('',#3382,#3383,#3384);
#3382 = CARTESIAN_POINT('',(10.,17.720458146424,19.120458146424));
#3383 = DIRECTION('',(1.570092458684E-16,-0.707106781187,0.707106781187)
  );
#3384 = DIRECTION('',(-1.570092458684E-16,-0.707106781187,
    -0.707106781187));
#3385 = ADVANCED_FACE('',(#3386),#3404,.T.);
#3386 = FACE_BOUND('',#3387,.T.);
#3387 = EDGE_LOOP('',(#3388,#3389,#3390,#3398));
#3388 = ORIENTED_EDGE('',*,*,#3334,.F.);
#3389 = ORIENTED_EDGE('',*,*,#2191,.T.);
#3390 = ORIENTED_EDGE('',*,*,#3391,.T.);
#3391 = EDGE_CURVE('',#2184,#3392,#3394,.T.);
#3392 = VERTEX_POINT('',#3393);
#3393 = CARTESIAN_POINT('',(10.,22.220458146424,39.120458146424));
#3394 = LINE('',#3395,#3396);
#3395 = CARTESIAN_POINT('',(10.,17.720458146424,39.120458146424));
#3396 = VECTOR('',#3397,1.);
#3397 = DIRECTION('',(0.,1.,0.));
#3398 = ORIENTED_EDGE('',*,*,#3399,.T.);
#3399 = EDGE_CURVE('',#3392,#3335,#3400,.T.);
#3400 = LINE('',#3401,#3402);
#3401 = CARTESIAN_POINT('',(10.,22.220458146424,39.120458146424));
#3402 = VECTOR('',#3403,1.);
#3403 = DIRECTION('',(-1.,0.,2.22044604925E-16));
#3404 = PLANE('',#3405);
#3405 = AXIS2_PLACEMENT_3D('',#3406,#3407,#3408);
#3406 = CARTESIAN_POINT('',(10.,17.720458146424,39.120458146424));
#3407 = DIRECTION('',(2.22044604925E-16,0.,1.));
#3408 = DIRECTION('',(-1.,0.,2.22044604925E-16));
#3409 = ADVANCED_FACE('',(#3410),#3421,.F.);
#3410 = FACE_BOUND('',#3411,.F.);
#3411 = EDGE_LOOP('',(#3412,#3413,#3414,#3415));
#3412 = ORIENTED_EDGE('',*,*,#3358,.F.);
#3413 = ORIENTED_EDGE('',*,*,#2183,.T.);
#3414 = ORIENTED_EDGE('',*,*,#3391,.T.);
#3415 = ORIENTED_EDGE('',*,*,#3416,.F.);
#3416 = EDGE_CURVE('',#3359,#3392,#3417,.T.);
#3417 = LINE('',#3418,#3419);
#3418 = CARTESIAN_POINT('',(10.,22.220458146424,23.620458146424));
#3419 = VECTOR('',#3420,1.);
#3420 = DIRECTION('',(2.22044604925E-16,0.,1.));
#3421 = PLANE('',#3422);
#3422 = AXIS2_PLACEMENT_3D('',#3423,#3424,#3425);
#3423 = CARTESIAN_POINT('',(10.,17.720458146424,19.120458146424));
#3424 = DIRECTION('',(-1.,0.,2.22044604925E-16));
#3425 = DIRECTION('',(2.22044604925E-16,0.,1.));
#3426 = ADVANCED_FACE('',(#3427),#3446,.T.);
#3427 = FACE_BOUND('',#3428,.F.);
#3428 = EDGE_LOOP('',(#3429,#3430,#3438,#3445));
#3429 = ORIENTED_EDGE('',*,*,#2199,.T.);
#3430 = ORIENTED_EDGE('',*,*,#3431,.T.);
#3431 = EDGE_CURVE('',#2200,#3432,#3434,.T.);
#3432 = VERTEX_POINT('',#3433);
#3433 = CARTESIAN_POINT('',(12.99,21.720458146424,51.000458146424));
#3434 = LINE('',#3435,#3436);
#3435 = CARTESIAN_POINT('',(12.99,17.720458146424,51.000458146424));
#3436 = VECTOR('',#3437,1.);
#3437 = DIRECTION('',(0.,1.,-2.22044604925E-16));
#3438 = ORIENTED_EDGE('',*,*,#3439,.T.);
#3439 = EDGE_CURVE('',#3432,#3432,#3440,.T.);
#3440 = CIRCLE('',#3441,2.5);
#3441 = AXIS2_PLACEMENT_3D('',#3442,#3443,#3444);
#3442 = CARTESIAN_POINT('',(10.49,21.720458146424,51.000458146424));
#3443 = DIRECTION('',(0.,1.,-2.22044604925E-16));
#3444 = DIRECTION('',(1.,0.,0.));
#3445 = ORIENTED_EDGE('',*,*,#3431,.F.);
#3446 = CYLINDRICAL_SURFACE('',#3447,2.5);
#3447 = AXIS2_PLACEMENT_3D('',#3448,#3449,#3450);
#3448 = CARTESIAN_POINT('',(10.49,17.720458146424,51.000458146424));
#3449 = DIRECTION('',(-0.,-1.,2.22044604925E-16));
#3450 = DIRECTION('',(1.,0.,0.));
#3451 = ADVANCED_FACE('',(#3452),#3471,.T.);
#3452 = FACE_BOUND('',#3453,.F.);
#3453 = EDGE_LOOP('',(#3454,#3455,#3463,#3470));
#3454 = ORIENTED_EDGE('',*,*,#2210,.T.);
#3455 = ORIENTED_EDGE('',*,*,#3456,.T.);
#3456 = EDGE_CURVE('',#2211,#3457,#3459,.T.);
#3457 = VERTEX_POINT('',#3458);
#3458 = CARTESIAN_POINT('',(12.99,21.720458146424,63.520458146424));
#3459 = LINE('',#3460,#3461);
#3460 = CARTESIAN_POINT('',(12.99,17.720458146424,63.520458146424));
#3461 = VECTOR('',#3462,1.);
#3462 = DIRECTION('',(0.,1.,-2.22044604925E-16));
#3463 = ORIENTED_EDGE('',*,*,#3464,.T.);
#3464 = EDGE_CURVE('',#3457,#3457,#3465,.T.);
#3465 = CIRCLE('',#3466,2.5);
#3466 = AXIS2_PLACEMENT_3D('',#3467,#3468,#3469);
#3467 = CARTESIAN_POINT('',(10.49,21.720458146424,63.520458146424));
#3468 = DIRECTION('',(0.,1.,-2.22044604925E-16));
#3469 = DIRECTION('',(1.,0.,0.));
#3470 = ORIENTED_EDGE('',*,*,#3456,.F.);
#3471 = CYLINDRICAL_SURFACE('',#3472,2.5);
#3472 = AXIS2_PLACEMENT_3D('',#3473,#3474,#3475);
#3473 = CARTESIAN_POINT('',(10.49,17.720458146424,63.520458146424));
#3474 = DIRECTION('',(-0.,-1.,2.22044604925E-16));
#3475 = DIRECTION('',(1.,0.,0.));
#3476 = ADVANCED_FACE('',(#3477),#3480,.F.);
#3477 = FACE_BOUND('',#3478,.T.);
#3478 = EDGE_LOOP('',(#3479));
#3479 = ORIENTED_EDGE('',*,*,#2383,.F.);
#3480 = PLANE('',#3481);
#3481 = AXIS2_PLACEMENT_3D('',#3482,#3483,#3484);
#3482 = CARTESIAN_POINT('',(-7.,19.220458146424,91.030905907619));
#3483 = DIRECTION('',(1.,0.,2.22044604925E-16));
#3484 = DIRECTION('',(2.22044604925E-16,0.,-1.));
#3485 = ADVANCED_FACE('',(#3486),#3489,.F.);
#3486 = FACE_BOUND('',#3487,.T.);
#3487 = EDGE_LOOP('',(#3488));
#3488 = ORIENTED_EDGE('',*,*,#2433,.F.);
#3489 = PLANE('',#3490);
#3490 = AXIS2_PLACEMENT_3D('',#3491,#3492,#3493);
#3491 = CARTESIAN_POINT('',(-7.,-21.47954185357,91.030905907619));
#3492 = DIRECTION('',(1.,0.,2.22044604925E-16));
#3493 = DIRECTION('',(2.22044604925E-16,0.,-1.));
#3494 = ADVANCED_FACE('',(#3495),#3527,.T.);
#3495 = FACE_BOUND('',#3496,.T.);
#3496 = EDGE_LOOP('',(#3497,#3505,#3506,#3512,#3513,#3521));
#3497 = ORIENTED_EDGE('',*,*,#3498,.T.);
#3498 = EDGE_CURVE('',#3499,#3051,#3501,.T.);
#3499 = VERTEX_POINT('',#3500);
#3500 = CARTESIAN_POINT('',(15.2,-12.06955758473,21.802754058019));
#3501 = LINE('',#3502,#3503);
#3502 = CARTESIAN_POINT('',(13.49,-12.06955758473,21.802754058019));
#3503 = VECTOR('',#3504,1.);
#3504 = DIRECTION('',(1.,0.,0.));
#3505 = ORIENTED_EDGE('',*,*,#3050,.F.);
#3506 = ORIENTED_EDGE('',*,*,#3507,.F.);
#3507 = EDGE_CURVE('',#2564,#3043,#3508,.T.);
#3508 = LINE('',#3509,#3510);
#3509 = CARTESIAN_POINT('',(13.49,-12.06955758473,20.702754058019));
#3510 = VECTOR('',#3511,1.);
#3511 = DIRECTION('',(1.,0.,0.));
#3512 = ORIENTED_EDGE('',*,*,#2563,.T.);
#3513 = ORIENTED_EDGE('',*,*,#3514,.F.);
#3514 = EDGE_CURVE('',#3515,#2566,#3517,.T.);
#3515 = VERTEX_POINT('',#3516);
#3516 = CARTESIAN_POINT('',(15.2,-12.06955758473,21.752754058019));
#3517 = LINE('',#3518,#3519);
#3518 = CARTESIAN_POINT('',(13.49,-12.06955758473,21.752754058019));
#3519 = VECTOR('',#3520,1.);
#3520 = DIRECTION('',(-1.,0.,0.));
#3521 = ORIENTED_EDGE('',*,*,#3522,.T.);
#3522 = EDGE_CURVE('',#3515,#3499,#3523,.T.);
#3523 = LINE('',#3524,#3525);
#3524 = CARTESIAN_POINT('',(15.2,-12.06955758473,21.227754058019));
#3525 = VECTOR('',#3526,1.);
#3526 = DIRECTION('',(0.,0.,1.));
#3527 = PLANE('',#3528);
#3528 = AXIS2_PLACEMENT_3D('',#3529,#3530,#3531);
#3529 = CARTESIAN_POINT('',(13.49,-12.06955758473,20.702754058019));
#3530 = DIRECTION('',(0.,1.,0.));
#3531 = DIRECTION('',(0.,0.,1.));
#3532 = ADVANCED_FACE('',(#3533),#3544,.T.);
#3533 = FACE_BOUND('',#3534,.T.);
#3534 = EDGE_LOOP('',(#3535,#3541,#3542,#3543));
#3535 = ORIENTED_EDGE('',*,*,#3536,.F.);
#3536 = EDGE_CURVE('',#2614,#3033,#3537,.T.);
#3537 = LINE('',#3538,#3539);
#3538 = CARTESIAN_POINT('',(13.49,-8.469557584734,20.702754058019));
#3539 = VECTOR('',#3540,1.);
#3540 = DIRECTION('',(1.,0.,0.));
#3541 = ORIENTED_EDGE('',*,*,#2621,.T.);
#3542 = ORIENTED_EDGE('',*,*,#3507,.T.);
#3543 = ORIENTED_EDGE('',*,*,#3042,.F.);
#3544 = PLANE('',#3545);
#3545 = AXIS2_PLACEMENT_3D('',#3546,#3547,#3548);
#3546 = CARTESIAN_POINT('',(13.49,-12.06955758473,20.702754058019));
#3547 = DIRECTION('',(0.,0.,1.));
#3548 = DIRECTION('',(1.,0.,0.));
#3549 = ADVANCED_FACE('',(#3550),#3577,.F.);
#3550 = FACE_BOUND('',#3551,.F.);
#3551 = EDGE_LOOP('',(#3552,#3560,#3561,#3562,#3563,#3571));
#3552 = ORIENTED_EDGE('',*,*,#3553,.T.);
#3553 = EDGE_CURVE('',#3554,#3035,#3556,.T.);
#3554 = VERTEX_POINT('',#3555);
#3555 = CARTESIAN_POINT('',(15.2,-8.469557584734,21.802754058019));
#3556 = LINE('',#3557,#3558);
#3557 = CARTESIAN_POINT('',(13.49,-8.469557584734,21.802754058019));
#3558 = VECTOR('',#3559,1.);
#3559 = DIRECTION('',(1.,0.,0.));
#3560 = ORIENTED_EDGE('',*,*,#3032,.F.);
#3561 = ORIENTED_EDGE('',*,*,#3536,.F.);
#3562 = ORIENTED_EDGE('',*,*,#2613,.T.);
#3563 = ORIENTED_EDGE('',*,*,#3564,.F.);
#3564 = EDGE_CURVE('',#3565,#2606,#3567,.T.);
#3565 = VERTEX_POINT('',#3566);
#3566 = CARTESIAN_POINT('',(15.2,-8.469557584734,21.752754058019));
#3567 = LINE('',#3568,#3569);
#3568 = CARTESIAN_POINT('',(13.49,-8.469557584734,21.752754058019));
#3569 = VECTOR('',#3570,1.);
#3570 = DIRECTION('',(-1.,0.,0.));
#3571 = ORIENTED_EDGE('',*,*,#3572,.T.);
#3572 = EDGE_CURVE('',#3565,#3554,#3573,.T.);
#3573 = LINE('',#3574,#3575);
#3574 = CARTESIAN_POINT('',(15.2,-8.469557584734,21.227754058019));
#3575 = VECTOR('',#3576,1.);
#3576 = DIRECTION('',(0.,0.,1.));
#3577 = PLANE('',#3578);
#3578 = AXIS2_PLACEMENT_3D('',#3579,#3580,#3581);
#3579 = CARTESIAN_POINT('',(13.49,-8.469557584734,20.702754058019));
#3580 = DIRECTION('',(0.,1.,0.));
#3581 = DIRECTION('',(0.,0.,1.));
#3582 = ADVANCED_FACE('',(#3583),#3601,.T.);
#3583 = FACE_BOUND('',#3584,.T.);
#3584 = EDGE_LOOP('',(#3585,#3586,#3587,#3595));
#3585 = ORIENTED_EDGE('',*,*,#2605,.T.);
#3586 = ORIENTED_EDGE('',*,*,#3564,.F.);
#3587 = ORIENTED_EDGE('',*,*,#3588,.T.);
#3588 = EDGE_CURVE('',#3565,#3589,#3591,.T.);
#3589 = VERTEX_POINT('',#3590);
#3590 = CARTESIAN_POINT('',(15.2,-8.019557584734,21.752754058019));
#3591 = LINE('',#3592,#3593);
#3592 = CARTESIAN_POINT('',(15.2,-12.51955758473,21.752754058019));
#3593 = VECTOR('',#3594,1.);
#3594 = DIRECTION('',(0.,1.,0.));
#3595 = ORIENTED_EDGE('',*,*,#3596,.F.);
#3596 = EDGE_CURVE('',#2598,#3589,#3597,.T.);
#3597 = LINE('',#3598,#3599);
#3598 = CARTESIAN_POINT('',(13.49,-8.019557584734,21.752754058019));
#3599 = VECTOR('',#3600,1.);
#3600 = DIRECTION('',(1.,0.,0.));
#3601 = PLANE('',#3602);
#3602 = AXIS2_PLACEMENT_3D('',#3603,#3604,#3605);
#3603 = CARTESIAN_POINT('',(13.49,-12.51955758473,21.752754058019));
#3604 = DIRECTION('',(0.,0.,1.));
#3605 = DIRECTION('',(1.,0.,0.));
#3606 = ADVANCED_FACE('',(#3607),#3625,.F.);
#3607 = FACE_BOUND('',#3608,.F.);
#3608 = EDGE_LOOP('',(#3609,#3610,#3611,#3619));
#3609 = ORIENTED_EDGE('',*,*,#3596,.F.);
#3610 = ORIENTED_EDGE('',*,*,#2597,.T.);
#3611 = ORIENTED_EDGE('',*,*,#3612,.T.);
#3612 = EDGE_CURVE('',#2590,#3613,#3615,.T.);
#3613 = VERTEX_POINT('',#3614);
#3614 = CARTESIAN_POINT('',(15.2,-8.019557584734,25.052754058019));
#3615 = LINE('',#3616,#3617);
#3616 = CARTESIAN_POINT('',(13.49,-8.019557584734,25.052754058019));
#3617 = VECTOR('',#3618,1.);
#3618 = DIRECTION('',(1.,0.,0.));
#3619 = ORIENTED_EDGE('',*,*,#3620,.F.);
#3620 = EDGE_CURVE('',#3589,#3613,#3621,.T.);
#3621 = LINE('',#3622,#3623);
#3622 = CARTESIAN_POINT('',(15.2,-8.019557584734,21.752754058019));
#3623 = VECTOR('',#3624,1.);
#3624 = DIRECTION('',(0.,0.,1.));
#3625 = PLANE('',#3626);
#3626 = AXIS2_PLACEMENT_3D('',#3627,#3628,#3629);
#3627 = CARTESIAN_POINT('',(13.49,-8.019557584734,21.752754058019));
#3628 = DIRECTION('',(0.,1.,0.));
#3629 = DIRECTION('',(0.,0.,1.));
#3630 = ADVANCED_FACE('',(#3631),#3649,.F.);
#3631 = FACE_BOUND('',#3632,.F.);
#3632 = EDGE_LOOP('',(#3633,#3634,#3635,#3643));
#3633 = ORIENTED_EDGE('',*,*,#3612,.F.);
#3634 = ORIENTED_EDGE('',*,*,#2589,.T.);
#3635 = ORIENTED_EDGE('',*,*,#3636,.T.);
#3636 = EDGE_CURVE('',#2582,#3637,#3639,.T.);
#3637 = VERTEX_POINT('',#3638);
#3638 = CARTESIAN_POINT('',(15.2,-12.51955758473,25.052754058019));
#3639 = LINE('',#3640,#3641);
#3640 = CARTESIAN_POINT('',(13.49,-12.51955758473,25.052754058019));
#3641 = VECTOR('',#3642,1.);
#3642 = DIRECTION('',(1.,0.,0.));
#3643 = ORIENTED_EDGE('',*,*,#3644,.T.);
#3644 = EDGE_CURVE('',#3637,#3613,#3645,.T.);
#3645 = LINE('',#3646,#3647);
#3646 = CARTESIAN_POINT('',(15.2,-12.51955758473,25.052754058019));
#3647 = VECTOR('',#3648,1.);
#3648 = DIRECTION('',(0.,1.,0.));
#3649 = PLANE('',#3650);
#3650 = AXIS2_PLACEMENT_3D('',#3651,#3652,#3653);
#3651 = CARTESIAN_POINT('',(13.49,-12.51955758473,25.052754058019));
#3652 = DIRECTION('',(0.,0.,1.));
#3653 = DIRECTION('',(1.,0.,0.));
#3654 = ADVANCED_FACE('',(#3655),#3673,.T.);
#3655 = FACE_BOUND('',#3656,.T.);
#3656 = EDGE_LOOP('',(#3657,#3665,#3666,#3667));
#3657 = ORIENTED_EDGE('',*,*,#3658,.F.);
#3658 = EDGE_CURVE('',#2574,#3659,#3661,.T.);
#3659 = VERTEX_POINT('',#3660);
#3660 = CARTESIAN_POINT('',(15.2,-12.51955758473,21.752754058019));
#3661 = LINE('',#3662,#3663);
#3662 = CARTESIAN_POINT('',(13.49,-12.51955758473,21.752754058019));
#3663 = VECTOR('',#3664,1.);
#3664 = DIRECTION('',(1.,0.,0.));
#3665 = ORIENTED_EDGE('',*,*,#2581,.T.);
#3666 = ORIENTED_EDGE('',*,*,#3636,.T.);
#3667 = ORIENTED_EDGE('',*,*,#3668,.F.);
#3668 = EDGE_CURVE('',#3659,#3637,#3669,.T.);
#3669 = LINE('',#3670,#3671);
#3670 = CARTESIAN_POINT('',(15.2,-12.51955758473,21.752754058019));
#3671 = VECTOR('',#3672,1.);
#3672 = DIRECTION('',(0.,0.,1.));
#3673 = PLANE('',#3674);
#3674 = AXIS2_PLACEMENT_3D('',#3675,#3676,#3677);
#3675 = CARTESIAN_POINT('',(13.49,-12.51955758473,21.752754058019));
#3676 = DIRECTION('',(0.,1.,0.));
#3677 = DIRECTION('',(0.,0.,1.));
#3678 = ADVANCED_FACE('',(#3679),#3690,.T.);
#3679 = FACE_BOUND('',#3680,.T.);
#3680 = EDGE_LOOP('',(#3681,#3682,#3683,#3689));
#3681 = ORIENTED_EDGE('',*,*,#2573,.T.);
#3682 = ORIENTED_EDGE('',*,*,#3658,.T.);
#3683 = ORIENTED_EDGE('',*,*,#3684,.T.);
#3684 = EDGE_CURVE('',#3659,#3515,#3685,.T.);
#3685 = LINE('',#3686,#3687);
#3686 = CARTESIAN_POINT('',(15.2,-12.51955758473,21.752754058019));
#3687 = VECTOR('',#3688,1.);
#3688 = DIRECTION('',(0.,1.,0.));
#3689 = ORIENTED_EDGE('',*,*,#3514,.T.);
#3690 = PLANE('',#3691);
#3691 = AXIS2_PLACEMENT_3D('',#3692,#3693,#3694);
#3692 = CARTESIAN_POINT('',(13.49,-12.51955758473,21.752754058019));
#3693 = DIRECTION('',(0.,0.,1.));
#3694 = DIRECTION('',(1.,0.,0.));
#3695 = ADVANCED_FACE('',(#3696),#3706,.T.);
#3696 = FACE_BOUND('',#3697,.T.);
#3697 = EDGE_LOOP('',(#3698,#3699,#3700,#3701,#3702,#3703,#3704,#3705));
#3698 = ORIENTED_EDGE('',*,*,#3399,.F.);
#3699 = ORIENTED_EDGE('',*,*,#3416,.F.);
#3700 = ORIENTED_EDGE('',*,*,#3366,.T.);
#3701 = ORIENTED_EDGE('',*,*,#2684,.F.);
#3702 = ORIENTED_EDGE('',*,*,#2652,.F.);
#3703 = ORIENTED_EDGE('',*,*,#2733,.T.);
#3704 = ORIENTED_EDGE('',*,*,#3375,.T.);
#3705 = ORIENTED_EDGE('',*,*,#3342,.T.);
#3706 = PLANE('',#3707);
#3707 = AXIS2_PLACEMENT_3D('',#3708,#3709,#3710);
#3708 = CARTESIAN_POINT('',(10.,22.220458146424,19.120458146424));
#3709 = DIRECTION('',(0.,1.,0.));
#3710 = DIRECTION('',(-1.,0.,2.22044604925E-16));
#3711 = ADVANCED_FACE('',(#3712),#3737,.T.);
#3712 = FACE_BOUND('',#3713,.T.);
#3713 = EDGE_LOOP('',(#3714,#3722,#3730,#3736));
#3714 = ORIENTED_EDGE('',*,*,#3715,.F.);
#3715 = EDGE_CURVE('',#3716,#2999,#3718,.T.);
#3716 = VERTEX_POINT('',#3717);
#3717 = CARTESIAN_POINT('',(15.2,-4.669557584734,14.002754058019));
#3718 = LINE('',#3719,#3720);
#3719 = CARTESIAN_POINT('',(15.2,-4.669557584734,14.002754058019));
#3720 = VECTOR('',#3721,1.);
#3721 = DIRECTION('',(1.,0.,0.));
#3722 = ORIENTED_EDGE('',*,*,#3723,.F.);
#3723 = EDGE_CURVE('',#3724,#3716,#3726,.T.);
#3724 = VERTEX_POINT('',#3725);
#3725 = CARTESIAN_POINT('',(15.2,-15.86955758473,14.002754058019));
#3726 = LINE('',#3727,#3728);
#3727 = CARTESIAN_POINT('',(15.2,-15.86955758473,14.002754058019));
#3728 = VECTOR('',#3729,1.);
#3729 = DIRECTION('',(0.,1.,0.));
#3730 = ORIENTED_EDGE('',*,*,#3731,.T.);
#3731 = EDGE_CURVE('',#3724,#3001,#3732,.T.);
#3732 = LINE('',#3733,#3734);
#3733 = CARTESIAN_POINT('',(15.2,-15.86955758473,14.002754058019));
#3734 = VECTOR('',#3735,1.);
#3735 = DIRECTION('',(1.,0.,0.));
#3736 = ORIENTED_EDGE('',*,*,#2998,.F.);
#3737 = PLANE('',#3738);
#3738 = AXIS2_PLACEMENT_3D('',#3739,#3740,#3741);
#3739 = CARTESIAN_POINT('',(15.2,-15.86955758473,14.002754058019));
#3740 = DIRECTION('',(0.,0.,1.));
#3741 = DIRECTION('',(1.,0.,0.));
#3742 = ADVANCED_FACE('',(#3743),#3761,.F.);
#3743 = FACE_BOUND('',#3744,.F.);
#3744 = EDGE_LOOP('',(#3745,#3746,#3754,#3760));
#3745 = ORIENTED_EDGE('',*,*,#3715,.F.);
#3746 = ORIENTED_EDGE('',*,*,#3747,.T.);
#3747 = EDGE_CURVE('',#3716,#3748,#3750,.T.);
#3748 = VERTEX_POINT('',#3749);
#3749 = CARTESIAN_POINT('',(15.2,-4.669557584734,19.402754058019));
#3750 = LINE('',#3751,#3752);
#3751 = CARTESIAN_POINT('',(15.2,-4.669557584734,14.002754058019));
#3752 = VECTOR('',#3753,1.);
#3753 = DIRECTION('',(0.,0.,1.));
#3754 = ORIENTED_EDGE('',*,*,#3755,.T.);
#3755 = EDGE_CURVE('',#3748,#3017,#3756,.T.);
#3756 = LINE('',#3757,#3758);
#3757 = CARTESIAN_POINT('',(15.2,-4.669557584734,19.402754058019));
#3758 = VECTOR('',#3759,1.);
#3759 = DIRECTION('',(1.,0.,0.));
#3760 = ORIENTED_EDGE('',*,*,#3024,.F.);
#3761 = PLANE('',#3762);
#3762 = AXIS2_PLACEMENT_3D('',#3763,#3764,#3765);
#3763 = CARTESIAN_POINT('',(15.2,-4.669557584734,14.002754058019));
#3764 = DIRECTION('',(0.,1.,0.));
#3765 = DIRECTION('',(0.,0.,1.));
#3766 = ADVANCED_FACE('',(#3767),#3785,.F.);
#3767 = FACE_BOUND('',#3768,.F.);
#3768 = EDGE_LOOP('',(#3769,#3770,#3778,#3784));
#3769 = ORIENTED_EDGE('',*,*,#3755,.F.);
#3770 = ORIENTED_EDGE('',*,*,#3771,.F.);
#3771 = EDGE_CURVE('',#3772,#3748,#3774,.T.);
#3772 = VERTEX_POINT('',#3773);
#3773 = CARTESIAN_POINT('',(15.2,-15.86955758473,19.402754058019));
#3774 = LINE('',#3775,#3776);
#3775 = CARTESIAN_POINT('',(15.2,-15.86955758473,19.402754058019));
#3776 = VECTOR('',#3777,1.);
#3777 = DIRECTION('',(0.,1.,0.));
#3778 = ORIENTED_EDGE('',*,*,#3779,.T.);
#3779 = EDGE_CURVE('',#3772,#3009,#3780,.T.);
#3780 = LINE('',#3781,#3782);
#3781 = CARTESIAN_POINT('',(15.2,-15.86955758473,19.402754058019));
#3782 = VECTOR('',#3783,1.);
#3783 = DIRECTION('',(1.,0.,0.));
#3784 = ORIENTED_EDGE('',*,*,#3016,.F.);
#3785 = PLANE('',#3786);
#3786 = AXIS2_PLACEMENT_3D('',#3787,#3788,#3789);
#3787 = CARTESIAN_POINT('',(15.2,-15.86955758473,19.402754058019));
#3788 = DIRECTION('',(0.,0.,1.));
#3789 = DIRECTION('',(1.,0.,0.));
#3790 = ADVANCED_FACE('',(#3791),#3802,.T.);
#3791 = FACE_BOUND('',#3792,.T.);
#3792 = EDGE_LOOP('',(#3793,#3794,#3800,#3801));
#3793 = ORIENTED_EDGE('',*,*,#3731,.F.);
#3794 = ORIENTED_EDGE('',*,*,#3795,.T.);
#3795 = EDGE_CURVE('',#3724,#3772,#3796,.T.);
#3796 = LINE('',#3797,#3798);
#3797 = CARTESIAN_POINT('',(15.2,-15.86955758473,14.002754058019));
#3798 = VECTOR('',#3799,1.);
#3799 = DIRECTION('',(0.,0.,1.));
#3800 = ORIENTED_EDGE('',*,*,#3779,.T.);
#3801 = ORIENTED_EDGE('',*,*,#3008,.F.);
#3802 = PLANE('',#3803);
#3803 = AXIS2_PLACEMENT_3D('',#3804,#3805,#3806);
#3804 = CARTESIAN_POINT('',(15.2,-15.86955758473,14.002754058019));
#3805 = DIRECTION('',(0.,1.,0.));
#3806 = DIRECTION('',(0.,0.,1.));
#3807 = ADVANCED_FACE('',(#3808),#3819,.F.);
#3808 = FACE_BOUND('',#3809,.F.);
#3809 = EDGE_LOOP('',(#3810,#3811,#3817,#3818));
#3810 = ORIENTED_EDGE('',*,*,#3553,.F.);
#3811 = ORIENTED_EDGE('',*,*,#3812,.T.);
#3812 = EDGE_CURVE('',#3554,#3499,#3813,.T.);
#3813 = LINE('',#3814,#3815);
#3814 = CARTESIAN_POINT('',(15.2,-12.29455758473,21.802754058019));
#3815 = VECTOR('',#3816,1.);
#3816 = DIRECTION('',(0.,-1.,0.));
#3817 = ORIENTED_EDGE('',*,*,#3498,.T.);
#3818 = ORIENTED_EDGE('',*,*,#3058,.F.);
#3819 = PLANE('',#3820);
#3820 = AXIS2_PLACEMENT_3D('',#3821,#3822,#3823);
#3821 = CARTESIAN_POINT('',(13.49,-12.06955758473,21.802754058019));
#3822 = DIRECTION('',(0.,0.,1.));
#3823 = DIRECTION('',(1.,0.,0.));
#3824 = ADVANCED_FACE('',(#3825),#3844,.T.);
#3825 = FACE_BOUND('',#3826,.F.);
#3826 = EDGE_LOOP('',(#3827,#3828,#3836,#3843));
#3827 = ORIENTED_EDGE('',*,*,#3211,.T.);
#3828 = ORIENTED_EDGE('',*,*,#3829,.T.);
#3829 = EDGE_CURVE('',#3212,#3830,#3832,.T.);
#3830 = VERTEX_POINT('',#3831);
#3831 = CARTESIAN_POINT('',(17.5,-21.60911387934,120.50855099067));
#3832 = LINE('',#3833,#3834);
#3833 = CARTESIAN_POINT('',(17.5,-20.29661387934,117.26396415257));
#3834 = VECTOR('',#3835,1.);
#3835 = DIRECTION('',(0.,-0.375,0.927024810887));
#3836 = ORIENTED_EDGE('',*,*,#3837,.T.);
#3837 = EDGE_CURVE('',#3830,#3830,#3838,.T.);
#3838 = CIRCLE('',#3839,3.);
#3839 = AXIS2_PLACEMENT_3D('',#3840,#3841,#3842);
#3840 = CARTESIAN_POINT('',(14.5,-21.60911387934,120.50855099067));
#3841 = DIRECTION('',(0.,-0.375,0.927024810887));
#3842 = DIRECTION('',(1.,0.,0.));
#3843 = ORIENTED_EDGE('',*,*,#3829,.F.);
#3844 = CYLINDRICAL_SURFACE('',#3845,3.);
#3845 = AXIS2_PLACEMENT_3D('',#3846,#3847,#3848);
#3846 = CARTESIAN_POINT('',(14.5,-20.29661387934,117.26396415257));
#3847 = DIRECTION('',(-0.,0.375,-0.927024810887));
#3848 = DIRECTION('',(1.,0.,0.));
#3849 = ADVANCED_FACE('',(#3850),#3869,.T.);
#3850 = FACE_BOUND('',#3851,.F.);
#3851 = EDGE_LOOP('',(#3852,#3853,#3861,#3868));
#3852 = ORIENTED_EDGE('',*,*,#3222,.T.);
#3853 = ORIENTED_EDGE('',*,*,#3854,.T.);
#3854 = EDGE_CURVE('',#3223,#3855,#3857,.T.);
#3855 = VERTEX_POINT('',#3856);
#3856 = CARTESIAN_POINT('',(17.5,5.274605636379,131.38355099067));
#3857 = LINE('',#3858,#3859);
#3858 = CARTESIAN_POINT('',(17.5,6.587105636379,128.13896415257));
#3859 = VECTOR('',#3860,1.);
#3860 = DIRECTION('',(0.,-0.375,0.927024810887));
#3861 = ORIENTED_EDGE('',*,*,#3862,.T.);
#3862 = EDGE_CURVE('',#3855,#3855,#3863,.T.);
#3863 = CIRCLE('',#3864,3.);
#3864 = AXIS2_PLACEMENT_3D('',#3865,#3866,#3867);
#3865 = CARTESIAN_POINT('',(14.5,5.274605636379,131.38355099067));
#3866 = DIRECTION('',(0.,-0.375,0.927024810887));
#3867 = DIRECTION('',(1.,0.,0.));
#3868 = ORIENTED_EDGE('',*,*,#3854,.F.);
#3869 = CYLINDRICAL_SURFACE('',#3870,3.);
#3870 = AXIS2_PLACEMENT_3D('',#3871,#3872,#3873);
#3871 = CARTESIAN_POINT('',(14.5,6.587105636379,128.13896415257));
#3872 = DIRECTION('',(-0.,0.375,-0.927024810887));
#3873 = DIRECTION('',(1.,0.,0.));
#3874 = ADVANCED_FACE('',(#3875),#3894,.T.);
#3875 = FACE_BOUND('',#3876,.F.);
#3876 = EDGE_LOOP('',(#3877,#3878,#3886,#3893));
#3877 = ORIENTED_EDGE('',*,*,#3233,.T.);
#3878 = ORIENTED_EDGE('',*,*,#3879,.T.);
#3879 = EDGE_CURVE('',#3234,#3880,#3882,.T.);
#3880 = VERTEX_POINT('',#3881);
#3881 = CARTESIAN_POINT('',(-11.5,-21.60911387934,120.50855099067));
#3882 = LINE('',#3883,#3884);
#3883 = CARTESIAN_POINT('',(-11.5,-20.29661387934,117.26396415257));
#3884 = VECTOR('',#3885,1.);
#3885 = DIRECTION('',(0.,-0.375,0.927024810887));
#3886 = ORIENTED_EDGE('',*,*,#3887,.T.);
#3887 = EDGE_CURVE('',#3880,#3880,#3888,.T.);
#3888 = CIRCLE('',#3889,3.);
#3889 = AXIS2_PLACEMENT_3D('',#3890,#3891,#3892);
#3890 = CARTESIAN_POINT('',(-14.5,-21.60911387934,120.50855099067));
#3891 = DIRECTION('',(0.,-0.375,0.927024810887));
#3892 = DIRECTION('',(1.,0.,0.));
#3893 = ORIENTED_EDGE('',*,*,#3879,.F.);
#3894 = CYLINDRICAL_SURFACE('',#3895,3.);
#3895 = AXIS2_PLACEMENT_3D('',#3896,#3897,#3898);
#3896 = CARTESIAN_POINT('',(-14.5,-20.29661387934,117.26396415257));
#3897 = DIRECTION('',(-0.,0.375,-0.927024810887));
#3898 = DIRECTION('',(1.,0.,0.));
#3899 = ADVANCED_FACE('',(#3900),#3919,.T.);
#3900 = FACE_BOUND('',#3901,.F.);
#3901 = EDGE_LOOP('',(#3902,#3903,#3911,#3918));
#3902 = ORIENTED_EDGE('',*,*,#3247,.T.);
#3903 = ORIENTED_EDGE('',*,*,#3904,.T.);
#3904 = EDGE_CURVE('',#3248,#3905,#3907,.T.);
#3905 = VERTEX_POINT('',#3906);
#3906 = CARTESIAN_POINT('',(-11.5,5.274605636379,131.38355099067));
#3907 = LINE('',#3908,#3909);
#3908 = CARTESIAN_POINT('',(-11.5,6.587105636379,128.13896415257));
#3909 = VECTOR('',#3910,1.);
#3910 = DIRECTION('',(0.,-0.375,0.927024810887));
#3911 = ORIENTED_EDGE('',*,*,#3912,.T.);
#3912 = EDGE_CURVE('',#3905,#3905,#3913,.T.);
#3913 = CIRCLE('',#3914,3.);
#3914 = AXIS2_PLACEMENT_3D('',#3915,#3916,#3917);
#3915 = CARTESIAN_POINT('',(-14.5,5.274605636379,131.38355099067));
#3916 = DIRECTION('',(0.,-0.375,0.927024810887));
#3917 = DIRECTION('',(1.,0.,0.));
#3918 = ORIENTED_EDGE('',*,*,#3904,.F.);
#3919 = CYLINDRICAL_SURFACE('',#3920,3.);
#3920 = AXIS2_PLACEMENT_3D('',#3921,#3922,#3923);
#3921 = CARTESIAN_POINT('',(-14.5,6.587105636379,128.13896415257));
#3922 = DIRECTION('',(-0.,0.375,-0.927024810887));
#3923 = DIRECTION('',(1.,0.,0.));
#3924 = ADVANCED_FACE('',(#3925,#3928),#3939,.T.);
#3925 = FACE_BOUND('',#3926,.T.);
#3926 = EDGE_LOOP('',(#3927));
#3927 = ORIENTED_EDGE('',*,*,#3284,.T.);
#3928 = FACE_BOUND('',#3929,.T.);
#3929 = EDGE_LOOP('',(#3930));
#3930 = ORIENTED_EDGE('',*,*,#3931,.T.);
#3931 = EDGE_CURVE('',#3932,#3932,#3934,.T.);
#3932 = VERTEX_POINT('',#3933);
#3933 = CARTESIAN_POINT('',(-9.065,21.720458146424,51.000458146424));
#3934 = CIRCLE('',#3935,1.425);
#3935 = AXIS2_PLACEMENT_3D('',#3936,#3937,#3938);
#3936 = CARTESIAN_POINT('',(-10.49,21.720458146424,51.000458146424));
#3937 = DIRECTION('',(0.,-1.,2.22044604925E-16));
#3938 = DIRECTION('',(1.,0.,0.));
#3939 = PLANE('',#3940);
#3940 = AXIS2_PLACEMENT_3D('',#3941,#3942,#3943);
#3941 = CARTESIAN_POINT('',(-10.49,21.720458146424,51.000458146424));
#3942 = DIRECTION('',(0.,1.,-2.22044604925E-16));
#3943 = DIRECTION('',(1.,0.,0.));
#3944 = ADVANCED_FACE('',(#3945,#3948),#3959,.T.);
#3945 = FACE_BOUND('',#3946,.T.);
#3946 = EDGE_LOOP('',(#3947));
#3947 = ORIENTED_EDGE('',*,*,#3309,.T.);
#3948 = FACE_BOUND('',#3949,.T.);
#3949 = EDGE_LOOP('',(#3950));
#3950 = ORIENTED_EDGE('',*,*,#3951,.T.);
#3951 = EDGE_CURVE('',#3952,#3952,#3954,.T.);
#3952 = VERTEX_POINT('',#3953);
#3953 = CARTESIAN_POINT('',(-9.065,21.720458146424,63.520458146424));
#3954 = CIRCLE('',#3955,1.425);
#3955 = AXIS2_PLACEMENT_3D('',#3956,#3957,#3958);
#3956 = CARTESIAN_POINT('',(-10.49,21.720458146424,63.520458146424));
#3957 = DIRECTION('',(0.,-1.,2.22044604925E-16));
#3958 = DIRECTION('',(1.,0.,0.));
#3959 = PLANE('',#3960);
#3960 = AXIS2_PLACEMENT_3D('',#3961,#3962,#3963);
#3961 = CARTESIAN_POINT('',(-10.49,21.720458146424,63.520458146424));
#3962 = DIRECTION('',(0.,1.,-2.22044604925E-16));
#3963 = DIRECTION('',(1.,0.,0.));
#3964 = ADVANCED_FACE('',(#3965,#3968),#3979,.T.);
#3965 = FACE_BOUND('',#3966,.T.);
#3966 = EDGE_LOOP('',(#3967));
#3967 = ORIENTED_EDGE('',*,*,#3439,.T.);
#3968 = FACE_BOUND('',#3969,.T.);
#3969 = EDGE_LOOP('',(#3970));
#3970 = ORIENTED_EDGE('',*,*,#3971,.T.);
#3971 = EDGE_CURVE('',#3972,#3972,#3974,.T.);
#3972 = VERTEX_POINT('',#3973);
#3973 = CARTESIAN_POINT('',(11.915,21.720458146424,51.000458146424));
#3974 = CIRCLE('',#3975,1.425);
#3975 = AXIS2_PLACEMENT_3D('',#3976,#3977,#3978);
#3976 = CARTESIAN_POINT('',(10.49,21.720458146424,51.000458146424));
#3977 = DIRECTION('',(0.,-1.,2.22044604925E-16));
#3978 = DIRECTION('',(1.,0.,0.));
#3979 = PLANE('',#3980);
#3980 = AXIS2_PLACEMENT_3D('',#3981,#3982,#3983);
#3981 = CARTESIAN_POINT('',(10.49,21.720458146424,51.000458146424));
#3982 = DIRECTION('',(0.,1.,-2.22044604925E-16));
#3983 = DIRECTION('',(1.,0.,0.));
#3984 = ADVANCED_FACE('',(#3985,#3988),#3999,.T.);
#3985 = FACE_BOUND('',#3986,.T.);
#3986 = EDGE_LOOP('',(#3987));
#3987 = ORIENTED_EDGE('',*,*,#3464,.T.);
#3988 = FACE_BOUND('',#3989,.T.);
#3989 = EDGE_LOOP('',(#3990));
#3990 = ORIENTED_EDGE('',*,*,#3991,.T.);
#3991 = EDGE_CURVE('',#3992,#3992,#3994,.T.);
#3992 = VERTEX_POINT('',#3993);
#3993 = CARTESIAN_POINT('',(11.915,21.720458146424,63.520458146424));
#3994 = CIRCLE('',#3995,1.425);
#3995 = AXIS2_PLACEMENT_3D('',#3996,#3997,#3998);
#3996 = CARTESIAN_POINT('',(10.49,21.720458146424,63.520458146424));
#3997 = DIRECTION('',(0.,-1.,2.22044604925E-16));
#3998 = DIRECTION('',(1.,0.,0.));
#3999 = PLANE('',#4000);
#4000 = AXIS2_PLACEMENT_3D('',#4001,#4002,#4003);
#4001 = CARTESIAN_POINT('',(10.49,21.720458146424,63.520458146424));
#4002 = DIRECTION('',(0.,1.,-2.22044604925E-16));
#4003 = DIRECTION('',(1.,0.,0.));
#4004 = ADVANCED_FACE('',(#4005),#4015,.F.);
#4005 = FACE_BOUND('',#4006,.F.);
#4006 = EDGE_LOOP('',(#4007,#4008,#4009,#4010,#4011,#4012,#4013,#4014));
#4007 = ORIENTED_EDGE('',*,*,#3644,.F.);
#4008 = ORIENTED_EDGE('',*,*,#3668,.F.);
#4009 = ORIENTED_EDGE('',*,*,#3684,.T.);
#4010 = ORIENTED_EDGE('',*,*,#3522,.T.);
#4011 = ORIENTED_EDGE('',*,*,#3812,.F.);
#4012 = ORIENTED_EDGE('',*,*,#3572,.F.);
#4013 = ORIENTED_EDGE('',*,*,#3588,.T.);
#4014 = ORIENTED_EDGE('',*,*,#3620,.T.);
#4015 = PLANE('',#4016);
#4016 = AXIS2_PLACEMENT_3D('',#4017,#4018,#4019);
#4017 = CARTESIAN_POINT('',(15.2,-12.51955758473,21.752754058019));
#4018 = DIRECTION('',(1.,0.,0.));
#4019 = DIRECTION('',(0.,0.,1.));
#4020 = ADVANCED_FACE('',(#4021),#4027,.T.);
#4021 = FACE_BOUND('',#4022,.T.);
#4022 = EDGE_LOOP('',(#4023,#4024,#4025,#4026));
#4023 = ORIENTED_EDGE('',*,*,#3795,.F.);
#4024 = ORIENTED_EDGE('',*,*,#3723,.T.);
#4025 = ORIENTED_EDGE('',*,*,#3747,.T.);
#4026 = ORIENTED_EDGE('',*,*,#3771,.F.);
#4027 = PLANE('',#4028);
#4028 = AXIS2_PLACEMENT_3D('',#4029,#4030,#4031);
#4029 = CARTESIAN_POINT('',(15.2,-15.86955758473,14.002754058019));
#4030 = DIRECTION('',(1.,0.,0.));
#4031 = DIRECTION('',(0.,0.,1.));
#4032 = ADVANCED_FACE('',(#4033,#4036),#4047,.T.);
#4033 = FACE_BOUND('',#4034,.T.);
#4034 = EDGE_LOOP('',(#4035));
#4035 = ORIENTED_EDGE('',*,*,#3837,.T.);
#4036 = FACE_BOUND('',#4037,.T.);
#4037 = EDGE_LOOP('',(#4038));
#4038 = ORIENTED_EDGE('',*,*,#4039,.T.);
#4039 = EDGE_CURVE('',#4040,#4040,#4042,.T.);
#4040 = VERTEX_POINT('',#4041);
#4041 = CARTESIAN_POINT('',(15.925,-21.60911387934,120.50855099067));
#4042 = CIRCLE('',#4043,1.425);
#4043 = AXIS2_PLACEMENT_3D('',#4044,#4045,#4046);
#4044 = CARTESIAN_POINT('',(14.5,-21.60911387934,120.50855099067));
#4045 = DIRECTION('',(0.,0.375,-0.927024810887));
#4046 = DIRECTION('',(1.,0.,0.));
#4047 = PLANE('',#4048);
#4048 = AXIS2_PLACEMENT_3D('',#4049,#4050,#4051);
#4049 = CARTESIAN_POINT('',(14.5,-21.60911387934,120.50855099067));
#4050 = DIRECTION('',(0.,-0.375,0.927024810887));
#4051 = DIRECTION('',(1.,0.,0.));
#4052 = ADVANCED_FACE('',(#4053,#4056),#4067,.T.);
#4053 = FACE_BOUND('',#4054,.T.);
#4054 = EDGE_LOOP('',(#4055));
#4055 = ORIENTED_EDGE('',*,*,#3862,.T.);
#4056 = FACE_BOUND('',#4057,.T.);
#4057 = EDGE_LOOP('',(#4058));
#4058 = ORIENTED_EDGE('',*,*,#4059,.T.);
#4059 = EDGE_CURVE('',#4060,#4060,#4062,.T.);
#4060 = VERTEX_POINT('',#4061);
#4061 = CARTESIAN_POINT('',(15.925,5.274605636379,131.38355099067));
#4062 = CIRCLE('',#4063,1.425);
#4063 = AXIS2_PLACEMENT_3D('',#4064,#4065,#4066);
#4064 = CARTESIAN_POINT('',(14.5,5.274605636379,131.38355099067));
#4065 = DIRECTION('',(0.,0.375,-0.927024810887));
#4066 = DIRECTION('',(1.,0.,0.));
#4067 = PLANE('',#4068);
#4068 = AXIS2_PLACEMENT_3D('',#4069,#4070,#4071);
#4069 = CARTESIAN_POINT('',(14.5,5.274605636379,131.38355099067));
#4070 = DIRECTION('',(0.,-0.375,0.927024810887));
#4071 = DIRECTION('',(1.,0.,0.));
#4072 = ADVANCED_FACE('',(#4073,#4076),#4087,.T.);
#4073 = FACE_BOUND('',#4074,.T.);
#4074 = EDGE_LOOP('',(#4075));
#4075 = ORIENTED_EDGE('',*,*,#3887,.T.);
#4076 = FACE_BOUND('',#4077,.T.);
#4077 = EDGE_LOOP('',(#4078));
#4078 = ORIENTED_EDGE('',*,*,#4079,.T.);
#4079 = EDGE_CURVE('',#4080,#4080,#4082,.T.);
#4080 = VERTEX_POINT('',#4081);
#4081 = CARTESIAN_POINT('',(-13.075,-21.60911387934,120.50855099067));
#4082 = CIRCLE('',#4083,1.425);
#4083 = AXIS2_PLACEMENT_3D('',#4084,#4085,#4086);
#4084 = CARTESIAN_POINT('',(-14.5,-21.60911387934,120.50855099067));
#4085 = DIRECTION('',(0.,0.375,-0.927024810887));
#4086 = DIRECTION('',(1.,0.,0.));
#4087 = PLANE('',#4088);
#4088 = AXIS2_PLACEMENT_3D('',#4089,#4090,#4091);
#4089 = CARTESIAN_POINT('',(-14.5,-21.60911387934,120.50855099067));
#4090 = DIRECTION('',(0.,-0.375,0.927024810887));
#4091 = DIRECTION('',(1.,0.,0.));
#4092 = ADVANCED_FACE('',(#4093,#4096),#4107,.T.);
#4093 = FACE_BOUND('',#4094,.T.);
#4094 = EDGE_LOOP('',(#4095));
#4095 = ORIENTED_EDGE('',*,*,#3912,.T.);
#4096 = FACE_BOUND('',#4097,.T.);
#4097 = EDGE_LOOP('',(#4098));
#4098 = ORIENTED_EDGE('',*,*,#4099,.T.);
#4099 = EDGE_CURVE('',#4100,#4100,#4102,.T.);
#4100 = VERTEX_POINT('',#4101);
#4101 = CARTESIAN_POINT('',(-13.075,5.274605636379,131.38355099067));
#4102 = CIRCLE('',#4103,1.425);
#4103 = AXIS2_PLACEMENT_3D('',#4104,#4105,#4106);
#4104 = CARTESIAN_POINT('',(-14.5,5.274605636379,131.38355099067));
#4105 = DIRECTION('',(0.,0.375,-0.927024810887));
#4106 = DIRECTION('',(1.,0.,0.));
#4107 = PLANE('',#4108);
#4108 = AXIS2_PLACEMENT_3D('',#4109,#4110,#4111);
#4109 = CARTESIAN_POINT('',(-14.5,5.274605636379,131.38355099067));
#4110 = DIRECTION('',(0.,-0.375,0.927024810887));
#4111 = DIRECTION('',(1.,0.,0.));
#4112 = ADVANCED_FACE('',(#4113),#4132,.F.);
#4113 = FACE_BOUND('',#4114,.T.);
#4114 = EDGE_LOOP('',(#4115,#4124,#4130,#4131));
#4115 = ORIENTED_EDGE('',*,*,#4116,.F.);
#4116 = EDGE_CURVE('',#4117,#4117,#4119,.T.);
#4117 = VERTEX_POINT('',#4118);
#4118 = CARTESIAN_POINT('',(-9.065,17.220458146424,51.000458146424));
#4119 = CIRCLE('',#4120,1.425);
#4120 = AXIS2_PLACEMENT_3D('',#4121,#4122,#4123);
#4121 = CARTESIAN_POINT('',(-10.49,17.220458146424,51.000458146424));
#4122 = DIRECTION('',(0.,1.,-2.22044604925E-16));
#4123 = DIRECTION('',(1.,0.,0.));
#4124 = ORIENTED_EDGE('',*,*,#4125,.T.);
#4125 = EDGE_CURVE('',#4117,#3932,#4126,.T.);
#4126 = LINE('',#4127,#4128);
#4127 = CARTESIAN_POINT('',(-9.065,17.220458146424,51.000458146424));
#4128 = VECTOR('',#4129,1.);
#4129 = DIRECTION('',(0.,1.,-2.22044604925E-16));
#4130 = ORIENTED_EDGE('',*,*,#3931,.F.);
#4131 = ORIENTED_EDGE('',*,*,#4125,.F.);
#4132 = CYLINDRICAL_SURFACE('',#4133,1.425);
#4133 = AXIS2_PLACEMENT_3D('',#4134,#4135,#4136);
#4134 = CARTESIAN_POINT('',(-10.49,17.220458146424,51.000458146424));
#4135 = DIRECTION('',(-0.,-1.,2.22044604925E-16));
#4136 = DIRECTION('',(1.,0.,0.));
#4137 = ADVANCED_FACE('',(#4138),#4157,.F.);
#4138 = FACE_BOUND('',#4139,.T.);
#4139 = EDGE_LOOP('',(#4140,#4149,#4155,#4156));
#4140 = ORIENTED_EDGE('',*,*,#4141,.F.);
#4141 = EDGE_CURVE('',#4142,#4142,#4144,.T.);
#4142 = VERTEX_POINT('',#4143);
#4143 = CARTESIAN_POINT('',(-9.065,17.220458146424,63.520458146424));
#4144 = CIRCLE('',#4145,1.425);
#4145 = AXIS2_PLACEMENT_3D('',#4146,#4147,#4148);
#4146 = CARTESIAN_POINT('',(-10.49,17.220458146424,63.520458146424));
#4147 = DIRECTION('',(0.,1.,-2.22044604925E-16));
#4148 = DIRECTION('',(1.,0.,0.));
#4149 = ORIENTED_EDGE('',*,*,#4150,.T.);
#4150 = EDGE_CURVE('',#4142,#3952,#4151,.T.);
#4151 = LINE('',#4152,#4153);
#4152 = CARTESIAN_POINT('',(-9.065,17.220458146424,63.520458146424));
#4153 = VECTOR('',#4154,1.);
#4154 = DIRECTION('',(0.,1.,-2.22044604925E-16));
#4155 = ORIENTED_EDGE('',*,*,#3951,.F.);
#4156 = ORIENTED_EDGE('',*,*,#4150,.F.);
#4157 = CYLINDRICAL_SURFACE('',#4158,1.425);
#4158 = AXIS2_PLACEMENT_3D('',#4159,#4160,#4161);
#4159 = CARTESIAN_POINT('',(-10.49,17.220458146424,63.520458146424));
#4160 = DIRECTION('',(-0.,-1.,2.22044604925E-16));
#4161 = DIRECTION('',(1.,0.,0.));
#4162 = ADVANCED_FACE('',(#4163),#4182,.F.);
#4163 = FACE_BOUND('',#4164,.T.);
#4164 = EDGE_LOOP('',(#4165,#4174,#4180,#4181));
#4165 = ORIENTED_EDGE('',*,*,#4166,.F.);
#4166 = EDGE_CURVE('',#4167,#4167,#4169,.T.);
#4167 = VERTEX_POINT('',#4168);
#4168 = CARTESIAN_POINT('',(11.915,17.220458146424,51.000458146424));
#4169 = CIRCLE('',#4170,1.425);
#4170 = AXIS2_PLACEMENT_3D('',#4171,#4172,#4173);
#4171 = CARTESIAN_POINT('',(10.49,17.220458146424,51.000458146424));
#4172 = DIRECTION('',(0.,1.,-2.22044604925E-16));
#4173 = DIRECTION('',(1.,0.,0.));
#4174 = ORIENTED_EDGE('',*,*,#4175,.T.);
#4175 = EDGE_CURVE('',#4167,#3972,#4176,.T.);
#4176 = LINE('',#4177,#4178);
#4177 = CARTESIAN_POINT('',(11.915,17.220458146424,51.000458146424));
#4178 = VECTOR('',#4179,1.);
#4179 = DIRECTION('',(0.,1.,-2.22044604925E-16));
#4180 = ORIENTED_EDGE('',*,*,#3971,.F.);
#4181 = ORIENTED_EDGE('',*,*,#4175,.F.);
#4182 = CYLINDRICAL_SURFACE('',#4183,1.425);
#4183 = AXIS2_PLACEMENT_3D('',#4184,#4185,#4186);
#4184 = CARTESIAN_POINT('',(10.49,17.220458146424,51.000458146424));
#4185 = DIRECTION('',(-0.,-1.,2.22044604925E-16));
#4186 = DIRECTION('',(1.,0.,0.));
#4187 = ADVANCED_FACE('',(#4188),#4207,.F.);
#4188 = FACE_BOUND('',#4189,.T.);
#4189 = EDGE_LOOP('',(#4190,#4199,#4205,#4206));
#4190 = ORIENTED_EDGE('',*,*,#4191,.F.);
#4191 = EDGE_CURVE('',#4192,#4192,#4194,.T.);
#4192 = VERTEX_POINT('',#4193);
#4193 = CARTESIAN_POINT('',(11.915,17.220458146424,63.520458146424));
#4194 = CIRCLE('',#4195,1.425);
#4195 = AXIS2_PLACEMENT_3D('',#4196,#4197,#4198);
#4196 = CARTESIAN_POINT('',(10.49,17.220458146424,63.520458146424));
#4197 = DIRECTION('',(0.,1.,-2.22044604925E-16));
#4198 = DIRECTION('',(1.,0.,0.));
#4199 = ORIENTED_EDGE('',*,*,#4200,.T.);
#4200 = EDGE_CURVE('',#4192,#3992,#4201,.T.);
#4201 = LINE('',#4202,#4203);
#4202 = CARTESIAN_POINT('',(11.915,17.220458146424,63.520458146424));
#4203 = VECTOR('',#4204,1.);
#4204 = DIRECTION('',(0.,1.,-2.22044604925E-16));
#4205 = ORIENTED_EDGE('',*,*,#3991,.F.);
#4206 = ORIENTED_EDGE('',*,*,#4200,.F.);
#4207 = CYLINDRICAL_SURFACE('',#4208,1.425);
#4208 = AXIS2_PLACEMENT_3D('',#4209,#4210,#4211);
#4209 = CARTESIAN_POINT('',(10.49,17.220458146424,63.520458146424));
#4210 = DIRECTION('',(-0.,-1.,2.22044604925E-16));
#4211 = DIRECTION('',(1.,0.,0.));
#4212 = ADVANCED_FACE('',(#4213),#4232,.F.);
#4213 = FACE_BOUND('',#4214,.T.);
#4214 = EDGE_LOOP('',(#4215,#4224,#4230,#4231));
#4215 = ORIENTED_EDGE('',*,*,#4216,.F.);
#4216 = EDGE_CURVE('',#4217,#4217,#4219,.T.);
#4217 = VERTEX_POINT('',#4218);
#4218 = CARTESIAN_POINT('',(15.925,-20.10911387934,116.80045174713));
#4219 = CIRCLE('',#4220,1.425);
#4220 = AXIS2_PLACEMENT_3D('',#4221,#4222,#4223);
#4221 = CARTESIAN_POINT('',(14.5,-20.10911387934,116.80045174713));
#4222 = DIRECTION('',(0.,-0.375,0.927024810887));
#4223 = DIRECTION('',(1.,0.,0.));
#4224 = ORIENTED_EDGE('',*,*,#4225,.T.);
#4225 = EDGE_CURVE('',#4217,#4040,#4226,.T.);
#4226 = LINE('',#4227,#4228);
#4227 = CARTESIAN_POINT('',(15.925,-20.10911387934,116.80045174713));
#4228 = VECTOR('',#4229,1.);
#4229 = DIRECTION('',(0.,-0.375,0.927024810887));
#4230 = ORIENTED_EDGE('',*,*,#4039,.F.);
#4231 = ORIENTED_EDGE('',*,*,#4225,.F.);
#4232 = CYLINDRICAL_SURFACE('',#4233,1.425);
#4233 = AXIS2_PLACEMENT_3D('',#4234,#4235,#4236);
#4234 = CARTESIAN_POINT('',(14.5,-20.10911387934,116.80045174713));
#4235 = DIRECTION('',(-0.,0.375,-0.927024810887));
#4236 = DIRECTION('',(1.,0.,0.));
#4237 = ADVANCED_FACE('',(#4238),#4257,.F.);
#4238 = FACE_BOUND('',#4239,.T.);
#4239 = EDGE_LOOP('',(#4240,#4249,#4255,#4256));
#4240 = ORIENTED_EDGE('',*,*,#4241,.F.);
#4241 = EDGE_CURVE('',#4242,#4242,#4244,.T.);
#4242 = VERTEX_POINT('',#4243);
#4243 = CARTESIAN_POINT('',(15.925,6.774605636379,127.67545174713));
#4244 = CIRCLE('',#4245,1.425);
#4245 = AXIS2_PLACEMENT_3D('',#4246,#4247,#4248);
#4246 = CARTESIAN_POINT('',(14.5,6.774605636379,127.67545174713));
#4247 = DIRECTION('',(0.,-0.375,0.927024810887));
#4248 = DIRECTION('',(1.,0.,0.));
#4249 = ORIENTED_EDGE('',*,*,#4250,.T.);
#4250 = EDGE_CURVE('',#4242,#4060,#4251,.T.);
#4251 = LINE('',#4252,#4253);
#4252 = CARTESIAN_POINT('',(15.925,6.774605636379,127.67545174713));
#4253 = VECTOR('',#4254,1.);
#4254 = DIRECTION('',(0.,-0.375,0.927024810887));
#4255 = ORIENTED_EDGE('',*,*,#4059,.F.);
#4256 = ORIENTED_EDGE('',*,*,#4250,.F.);
#4257 = CYLINDRICAL_SURFACE('',#4258,1.425);
#4258 = AXIS2_PLACEMENT_3D('',#4259,#4260,#4261);
#4259 = CARTESIAN_POINT('',(14.5,6.774605636379,127.67545174713));
#4260 = DIRECTION('',(-0.,0.375,-0.927024810887));
#4261 = DIRECTION('',(1.,0.,0.));
#4262 = ADVANCED_FACE('',(#4263),#4282,.F.);
#4263 = FACE_BOUND('',#4264,.T.);
#4264 = EDGE_LOOP('',(#4265,#4274,#4280,#4281));
#4265 = ORIENTED_EDGE('',*,*,#4266,.F.);
#4266 = EDGE_CURVE('',#4267,#4267,#4269,.T.);
#4267 = VERTEX_POINT('',#4268);
#4268 = CARTESIAN_POINT('',(-13.075,-20.10911387934,116.80045174713));
#4269 = CIRCLE('',#4270,1.425);
#4270 = AXIS2_PLACEMENT_3D('',#4271,#4272,#4273);
#4271 = CARTESIAN_POINT('',(-14.5,-20.10911387934,116.80045174713));
#4272 = DIRECTION('',(0.,-0.375,0.927024810887));
#4273 = DIRECTION('',(1.,0.,0.));
#4274 = ORIENTED_EDGE('',*,*,#4275,.T.);
#4275 = EDGE_CURVE('',#4267,#4080,#4276,.T.);
#4276 = LINE('',#4277,#4278);
#4277 = CARTESIAN_POINT('',(-13.075,-20.10911387934,116.80045174713));
#4278 = VECTOR('',#4279,1.);
#4279 = DIRECTION('',(0.,-0.375,0.927024810887));
#4280 = ORIENTED_EDGE('',*,*,#4079,.F.);
#4281 = ORIENTED_EDGE('',*,*,#4275,.F.);
#4282 = CYLINDRICAL_SURFACE('',#4283,1.425);
#4283 = AXIS2_PLACEMENT_3D('',#4284,#4285,#4286);
#4284 = CARTESIAN_POINT('',(-14.5,-20.10911387934,116.80045174713));
#4285 = DIRECTION('',(-0.,0.375,-0.927024810887));
#4286 = DIRECTION('',(1.,0.,0.));
#4287 = ADVANCED_FACE('',(#4288),#4307,.F.);
#4288 = FACE_BOUND('',#4289,.T.);
#4289 = EDGE_LOOP('',(#4290,#4299,#4305,#4306));
#4290 = ORIENTED_EDGE('',*,*,#4291,.F.);
#4291 = EDGE_CURVE('',#4292,#4292,#4294,.T.);
#4292 = VERTEX_POINT('',#4293);
#4293 = CARTESIAN_POINT('',(-13.075,6.774605636379,127.67545174713));
#4294 = CIRCLE('',#4295,1.425);
#4295 = AXIS2_PLACEMENT_3D('',#4296,#4297,#4298);
#4296 = CARTESIAN_POINT('',(-14.5,6.774605636379,127.67545174713));
#4297 = DIRECTION('',(0.,-0.375,0.927024810887));
#4298 = DIRECTION('',(1.,0.,0.));
#4299 = ORIENTED_EDGE('',*,*,#4300,.T.);
#4300 = EDGE_CURVE('',#4292,#4100,#4301,.T.);
#4301 = LINE('',#4302,#4303);
#4302 = CARTESIAN_POINT('',(-13.075,6.774605636379,127.67545174713));
#4303 = VECTOR('',#4304,1.);
#4304 = DIRECTION('',(0.,-0.375,0.927024810887));
#4305 = ORIENTED_EDGE('',*,*,#4099,.F.);
#4306 = ORIENTED_EDGE('',*,*,#4300,.F.);
#4307 = CYLINDRICAL_SURFACE('',#4308,1.425);
#4308 = AXIS2_PLACEMENT_3D('',#4309,#4310,#4311);
#4309 = CARTESIAN_POINT('',(-14.5,6.774605636379,127.67545174713));
#4310 = DIRECTION('',(-0.,0.375,-0.927024810887));
#4311 = DIRECTION('',(1.,0.,0.));
#4312 = ADVANCED_FACE('',(#4313),#4316,.T.);
#4313 = FACE_BOUND('',#4314,.F.);
#4314 = EDGE_LOOP('',(#4315));
#4315 = ORIENTED_EDGE('',*,*,#4116,.F.);
#4316 = PLANE('',#4317);
#4317 = AXIS2_PLACEMENT_3D('',#4318,#4319,#4320);
#4318 = CARTESIAN_POINT('',(-10.49,17.220458146424,51.000458146424));
#4319 = DIRECTION('',(0.,1.,-2.22044604925E-16));
#4320 = DIRECTION('',(1.,0.,0.));
#4321 = ADVANCED_FACE('',(#4322),#4325,.T.);
#4322 = FACE_BOUND('',#4323,.F.);
#4323 = EDGE_LOOP('',(#4324));
#4324 = ORIENTED_EDGE('',*,*,#4141,.F.);
#4325 = PLANE('',#4326);
#4326 = AXIS2_PLACEMENT_3D('',#4327,#4328,#4329);
#4327 = CARTESIAN_POINT('',(-10.49,17.220458146424,63.520458146424));
#4328 = DIRECTION('',(0.,1.,-2.22044604925E-16));
#4329 = DIRECTION('',(1.,0.,0.));
#4330 = ADVANCED_FACE('',(#4331),#4334,.T.);
#4331 = FACE_BOUND('',#4332,.F.);
#4332 = EDGE_LOOP('',(#4333));
#4333 = ORIENTED_EDGE('',*,*,#4166,.F.);
#4334 = PLANE('',#4335);
#4335 = AXIS2_PLACEMENT_3D('',#4336,#4337,#4338);
#4336 = CARTESIAN_POINT('',(10.49,17.220458146424,51.000458146424));
#4337 = DIRECTION('',(0.,1.,-2.22044604925E-16));
#4338 = DIRECTION('',(1.,0.,0.));
#4339 = ADVANCED_FACE('',(#4340),#4343,.T.);
#4340 = FACE_BOUND('',#4341,.F.);
#4341 = EDGE_LOOP('',(#4342));
#4342 = ORIENTED_EDGE('',*,*,#4191,.F.);
#4343 = PLANE('',#4344);
#4344 = AXIS2_PLACEMENT_3D('',#4345,#4346,#4347);
#4345 = CARTESIAN_POINT('',(10.49,17.220458146424,63.520458146424));
#4346 = DIRECTION('',(0.,1.,-2.22044604925E-16));
#4347 = DIRECTION('',(1.,0.,0.));
#4348 = ADVANCED_FACE('',(#4349),#4352,.T.);
#4349 = FACE_BOUND('',#4350,.F.);
#4350 = EDGE_LOOP('',(#4351));
#4351 = ORIENTED_EDGE('',*,*,#4216,.F.);
#4352 = PLANE('',#4353);
#4353 = AXIS2_PLACEMENT_3D('',#4354,#4355,#4356);
#4354 = CARTESIAN_POINT('',(14.5,-20.10911387934,116.80045174713));
#4355 = DIRECTION('',(0.,-0.375,0.927024810887));
#4356 = DIRECTION('',(1.,0.,0.));
#4357 = ADVANCED_FACE('',(#4358),#4361,.T.);
#4358 = FACE_BOUND('',#4359,.F.);
#4359 = EDGE_LOOP('',(#4360));
#4360 = ORIENTED_EDGE('',*,*,#4241,.F.);
#4361 = PLANE('',#4362);
#4362 = AXIS2_PLACEMENT_3D('',#4363,#4364,#4365);
#4363 = CARTESIAN_POINT('',(14.5,6.774605636379,127.67545174713));
#4364 = DIRECTION('',(0.,-0.375,0.927024810887));
#4365 = DIRECTION('',(1.,0.,0.));
#4366 = ADVANCED_FACE('',(#4367),#4370,.T.);
#4367 = FACE_BOUND('',#4368,.F.);
#4368 = EDGE_LOOP('',(#4369));
#4369 = ORIENTED_EDGE('',*,*,#4266,.F.);
#4370 = PLANE('',#4371);
#4371 = AXIS2_PLACEMENT_3D('',#4372,#4373,#4374);
#4372 = CARTESIAN_POINT('',(-14.5,-20.10911387934,116.80045174713));
#4373 = DIRECTION('',(0.,-0.375,0.927024810887));
#4374 = DIRECTION('',(1.,0.,0.));
#4375 = ADVANCED_FACE('',(#4376),#4379,.T.);
#4376 = FACE_BOUND('',#4377,.F.);
#4377 = EDGE_LOOP('',(#4378));
#4378 = ORIENTED_EDGE('',*,*,#4291,.F.);
#4379 = PLANE('',#4380);
#4380 = AXIS2_PLACEMENT_3D('',#4381,#4382,#4383);
#4381 = CARTESIAN_POINT('',(-14.5,6.774605636379,127.67545174713));
#4382 = DIRECTION('',(0.,-0.375,0.927024810887));
#4383 = DIRECTION('',(1.,0.,0.));
#4384 = ADVANCED_FACE('',(#4385),#4393,.F.);
#4385 = FACE_BOUND('',#4386,.T.);
#4386 = EDGE_LOOP('',(#4387,#4388,#4389,#4390,#4391,#4392));
#4387 = ORIENTED_EDGE('',*,*,#2969,.F.);
#4388 = ORIENTED_EDGE('',*,*,#1884,.T.);
#4389 = ORIENTED_EDGE('',*,*,#3106,.F.);
#4390 = ORIENTED_EDGE('',*,*,#3097,.F.);
#4391 = ORIENTED_EDGE('',*,*,#1900,.F.);
#4392 = ORIENTED_EDGE('',*,*,#2978,.F.);
#4393 = CYLINDRICAL_SURFACE('',#4394,2.9);
#4394 = AXIS2_PLACEMENT_3D('',#4395,#4396,#4397);
#4395 = CARTESIAN_POINT('',(13.,-17.8,8.6));
#4396 = DIRECTION('',(-1.,-0.,-2.22044604925E-16));
#4397 = DIRECTION('',(2.22044604925E-16,0.,-1.));
#4398 = ( GEOMETRIC_REPRESENTATION_CONTEXT(3) 
GLOBAL_UNCERTAINTY_ASSIGNED_CONTEXT((#4402)) 
GLOBAL_UNIT_ASSIGNED_CONTEXT((#4399,#4400,#4401)) REPRESENTATION_CONTEXT
('Context #1','3D Context with UNIT and UNCERTAINTY') );
#4399 = ( LENGTH_UNIT() NAMED_UNIT(*) SI_UNIT(.MILLI.,.METRE.) );
#4400 = ( NAMED_UNIT(*) PLANE_ANGLE_UNIT() SI_UNIT($,.RADIAN.) );
#4401 = ( NAMED_UNIT(*) SI_UNIT($,.STERADIAN.) SOLID_ANGLE_UNIT() );
#4402 = UNCERTAINTY_MEASURE_WITH_UNIT(LENGTH_MEASURE(2.E-04),#4399,
  'distance_accuracy_value','confusion accuracy');
#4403 = CONTEXT_DEPENDENT_SHAPE_REPRESENTATION(#4404,#4406);
#4404 = ( REPRESENTATION_RELATIONSHIP('','',#124,#10) 
REPRESENTATION_RELATIONSHIP_WITH_TRANSFORMATION(#4405) 
SHAPE_REPRESENTATION_RELATIONSHIP() );
#4405 = ITEM_DEFINED_TRANSFORMATION('','',#11,#15);
#4406 = PRODUCT_DEFINITION_SHAPE('Placement','Placement of an item',
  #4407);
#4407 = NEXT_ASSEMBLY_USAGE_OCCURRENCE('1','Housing (printed)','',#5,
  #119,$);
#4408 = PRODUCT_RELATED_PRODUCT_CATEGORY('part',$,(#121));
#4409 = SHAPE_DEFINITION_REPRESENTATION(#4410,#4416);
#4410 = PRODUCT_DEFINITION_SHAPE('','',#4411);
#4411 = PRODUCT_DEFINITION('design','',#4412,#4415);
#4412 = PRODUCT_DEFINITION_FORMATION('','',#4413);
#4413 = PRODUCT('Lid with motor mount (printed)',
  'Lid with motor mount (printed)','',(#4414));
#4414 = PRODUCT_CONTEXT('',#2,'mechanical');
#4415 = PRODUCT_DEFINITION_CONTEXT('part definition',#2,'design');
#4416 = ADVANCED_BREP_SHAPE_REPRESENTATION('',(#11,#4417),#5451);
#4417 = MANIFOLD_SOLID_BREP('',#4418);
#4418 = CLOSED_SHELL('',(#4419,#4459,#4657,#4681,#4795,#4814,#4831,#4848
    ,#4867,#4884,#4917,#4941,#4967,#4992,#5017,#5042,#5059,#5084,#5109,
    #5134,#5159,#5176,#5193,#5266,#5286,#5306,#5326,#5346,#5366,#5383,
    #5400,#5417,#5434));
#4419 = ADVANCED_FACE('',(#4420),#4454,.F.);
#4420 = FACE_BOUND('',#4421,.F.);
#4421 = EDGE_LOOP('',(#4422,#4432,#4440,#4448));
#4422 = ORIENTED_EDGE('',*,*,#4423,.F.);
#4423 = EDGE_CURVE('',#4424,#4426,#4428,.T.);
#4424 = VERTEX_POINT('',#4425);
#4425 = CARTESIAN_POINT('',(-13.5,-20.47954185357,94.385007873868));
#4426 = VERTEX_POINT('',#4427);
#4427 = CARTESIAN_POINT('',(-13.5,-20.47954185357,114.22348674869));
#4428 = LINE('',#4429,#4430);
#4429 = CARTESIAN_POINT('',(-13.5,-20.47954185357,5.2));
#4430 = VECTOR('',#4431,1.);
#4431 = DIRECTION('',(0.,0.,1.));
#4432 = ORIENTED_EDGE('',*,*,#4433,.T.);
#4433 = EDGE_CURVE('',#4424,#4434,#4436,.T.);
#4434 = VERTEX_POINT('',#4435);
#4435 = CARTESIAN_POINT('',(-16.,-20.47954185357,94.385007873868));
#4436 = LINE('',#4437,#4438);
#4437 = CARTESIAN_POINT('',(-16.,-20.47954185357,94.385007873868));
#4438 = VECTOR('',#4439,1.);
#4439 = DIRECTION('',(-1.,-0.,-2.22044604925E-16));
#4440 = ORIENTED_EDGE('',*,*,#4441,.T.);
#4441 = EDGE_CURVE('',#4434,#4442,#4444,.T.);
#4442 = VERTEX_POINT('',#4443);
#4443 = CARTESIAN_POINT('',(-16.,-20.47954185357,114.22348674869));
#4444 = LINE('',#4445,#4446);
#4445 = CARTESIAN_POINT('',(-16.,-20.47954185357,5.2));
#4446 = VECTOR('',#4447,1.);
#4447 = DIRECTION('',(0.,0.,1.));
#4448 = ORIENTED_EDGE('',*,*,#4449,.T.);
#4449 = EDGE_CURVE('',#4442,#4426,#4450,.T.);
#4450 = LINE('',#4451,#4452);
#4451 = CARTESIAN_POINT('',(-38.,-20.47954185357,114.22348674869));
#4452 = VECTOR('',#4453,1.);
#4453 = DIRECTION('',(1.,0.,0.));
#4454 = PLANE('',#4455);
#4455 = AXIS2_PLACEMENT_3D('',#4456,#4457,#4458);
#4456 = CARTESIAN_POINT('',(-16.,-20.47954185357,5.2));
#4457 = DIRECTION('',(0.,1.,0.));
#4458 = DIRECTION('',(0.,0.,1.));
#4459 = ADVANCED_FACE('',(#4460,#4553,#4564,#4575,#4586,#4597,#4608,
    #4619,#4630,#4641),#4652,.T.);
#4460 = FACE_BOUND('',#4461,.T.);
#4461 = EDGE_LOOP('',(#4462,#4472,#4480,#4488,#4496,#4504,#4513,#4522,
    #4530,#4536,#4537,#4546));
#4462 = ORIENTED_EDGE('',*,*,#4463,.F.);
#4463 = EDGE_CURVE('',#4464,#4466,#4468,.T.);
#4464 = VERTEX_POINT('',#4465);
#4465 = CARTESIAN_POINT('',(-13.5,-20.47954185357,43.6));
#4466 = VERTEX_POINT('',#4467);
#4467 = CARTESIAN_POINT('',(-13.5,-20.47954185357,87.676803941369));
#4468 = LINE('',#4469,#4470);
#4469 = CARTESIAN_POINT('',(-13.5,-20.47954185357,5.2));
#4470 = VECTOR('',#4471,1.);
#4471 = DIRECTION('',(0.,0.,1.));
#4472 = ORIENTED_EDGE('',*,*,#4473,.F.);
#4473 = EDGE_CURVE('',#4474,#4464,#4476,.T.);
#4474 = VERTEX_POINT('',#4475);
#4475 = CARTESIAN_POINT('',(-13.5,-21.8,43.6));
#4476 = LINE('',#4477,#4478);
#4477 = CARTESIAN_POINT('',(-13.5,-21.8,43.6));
#4478 = VECTOR('',#4479,1.);
#4479 = DIRECTION('',(0.,1.,0.));
#4480 = ORIENTED_EDGE('',*,*,#4481,.F.);
#4481 = EDGE_CURVE('',#4482,#4474,#4484,.T.);
#4482 = VERTEX_POINT('',#4483);
#4483 = CARTESIAN_POINT('',(-13.5,-21.8,5.2));
#4484 = LINE('',#4485,#4486);
#4485 = CARTESIAN_POINT('',(-13.5,-21.8,5.2));
#4486 = VECTOR('',#4487,1.);
#4487 = DIRECTION('',(0.,0.,1.));
#4488 = ORIENTED_EDGE('',*,*,#4489,.T.);
#4489 = EDGE_CURVE('',#4482,#4490,#4492,.T.);
#4490 = VERTEX_POINT('',#4491);
#4491 = CARTESIAN_POINT('',(-13.5,18.220458146424,5.2));
#4492 = LINE('',#4493,#4494);
#4493 = CARTESIAN_POINT('',(-13.5,-20.47954185357,5.2));
#4494 = VECTOR('',#4495,1.);
#4495 = DIRECTION('',(0.,1.,0.));
#4496 = ORIENTED_EDGE('',*,*,#4497,.T.);
#4497 = EDGE_CURVE('',#4490,#4498,#4500,.T.);
#4498 = VERTEX_POINT('',#4499);
#4499 = CARTESIAN_POINT('',(-13.5,18.220458146424,87.676803941369));
#4500 = LINE('',#4501,#4502);
#4501 = CARTESIAN_POINT('',(-13.5,18.220458146424,5.2));
#4502 = VECTOR('',#4503,1.);
#4503 = DIRECTION('',(0.,0.,1.));
#4504 = ORIENTED_EDGE('',*,*,#4505,.T.);
#4505 = EDGE_CURVE('',#4498,#4506,#4508,.T.);
#4506 = VERTEX_POINT('',#4507);
#4507 = CARTESIAN_POINT('',(-13.5,19.220458146424,87.530905907619));
#4508 = CIRCLE('',#4509,3.5);
#4509 = AXIS2_PLACEMENT_3D('',#4510,#4511,#4512);
#4510 = CARTESIAN_POINT('',(-13.5,19.220458146424,91.030905907619));
#4511 = DIRECTION('',(1.,-0.,2.22044604925E-16));
#4512 = DIRECTION('',(2.22044604925E-16,0.,-1.));
#4513 = ORIENTED_EDGE('',*,*,#4514,.T.);
#4514 = EDGE_CURVE('',#4506,#4515,#4517,.T.);
#4515 = VERTEX_POINT('',#4516);
#4516 = CARTESIAN_POINT('',(-13.5,18.220458146424,94.385007873868));
#4517 = CIRCLE('',#4518,3.5);
#4518 = AXIS2_PLACEMENT_3D('',#4519,#4520,#4521);
#4519 = CARTESIAN_POINT('',(-13.5,19.220458146424,91.030905907619));
#4520 = DIRECTION('',(1.,-0.,2.22044604925E-16));
#4521 = DIRECTION('',(2.22044604925E-16,0.,-1.));
#4522 = ORIENTED_EDGE('',*,*,#4523,.T.);
#4523 = EDGE_CURVE('',#4515,#4524,#4526,.T.);
#4524 = VERTEX_POINT('',#4525);
#4525 = CARTESIAN_POINT('',(-13.5,18.220458146424,129.87840755509));
#4526 = LINE('',#4527,#4528);
#4527 = CARTESIAN_POINT('',(-13.5,18.220458146424,5.2));
#4528 = VECTOR('',#4529,1.);
#4529 = DIRECTION('',(0.,0.,1.));
#4530 = ORIENTED_EDGE('',*,*,#4531,.T.);
#4531 = EDGE_CURVE('',#4524,#4426,#4532,.T.);
#4532 = LINE('',#4533,#4534);
#4533 = CARTESIAN_POINT('',(-13.5,-47.12669040372,103.44418441616));
#4534 = VECTOR('',#4535,1.);
#4535 = DIRECTION('',(0.,-0.927024810887,-0.375));
#4536 = ORIENTED_EDGE('',*,*,#4423,.F.);
#4537 = ORIENTED_EDGE('',*,*,#4538,.T.);
#4538 = EDGE_CURVE('',#4424,#4539,#4541,.T.);
#4539 = VERTEX_POINT('',#4540);
#4540 = CARTESIAN_POINT('',(-13.5,-21.47954185357,87.530905907619));
#4541 = CIRCLE('',#4542,3.5);
#4542 = AXIS2_PLACEMENT_3D('',#4543,#4544,#4545);
#4543 = CARTESIAN_POINT('',(-13.5,-21.47954185357,91.030905907619));
#4544 = DIRECTION('',(1.,-0.,2.22044604925E-16));
#4545 = DIRECTION('',(2.22044604925E-16,0.,-1.));
#4546 = ORIENTED_EDGE('',*,*,#4547,.T.);
#4547 = EDGE_CURVE('',#4539,#4466,#4548,.T.);
#4548 = CIRCLE('',#4549,3.5);
#4549 = AXIS2_PLACEMENT_3D('',#4550,#4551,#4552);
#4550 = CARTESIAN_POINT('',(-13.5,-21.47954185357,91.030905907619));
#4551 = DIRECTION('',(1.,-0.,2.22044604925E-16));
#4552 = DIRECTION('',(2.22044604925E-16,0.,-1.));
#4553 = FACE_BOUND('',#4554,.T.);
#4554 = EDGE_LOOP('',(#4555));
#4555 = ORIENTED_EDGE('',*,*,#4556,.T.);
#4556 = EDGE_CURVE('',#4557,#4557,#4559,.T.);
#4557 = VERTEX_POINT('',#4558);
#4558 = CARTESIAN_POINT('',(-13.5,13.2,6.95));
#4559 = CIRCLE('',#4560,1.65);
#4560 = AXIS2_PLACEMENT_3D('',#4561,#4562,#4563);
#4561 = CARTESIAN_POINT('',(-13.5,13.2,8.6));
#4562 = DIRECTION('',(-1.,-0.,-2.22044604925E-16));
#4563 = DIRECTION('',(2.22044604925E-16,0.,-1.));
#4564 = FACE_BOUND('',#4565,.T.);
#4565 = EDGE_LOOP('',(#4566));
#4566 = ORIENTED_EDGE('',*,*,#4567,.T.);
#4567 = EDGE_CURVE('',#4568,#4568,#4570,.T.);
#4568 = VERTEX_POINT('',#4569);
#4569 = CARTESIAN_POINT('',(-13.5,5.7,14.));
#4570 = CIRCLE('',#4571,2.1);
#4571 = AXIS2_PLACEMENT_3D('',#4572,#4573,#4574);
#4572 = CARTESIAN_POINT('',(-13.5,5.7,16.1));
#4573 = DIRECTION('',(-1.,-0.,-2.22044604925E-16));
#4574 = DIRECTION('',(2.22044604925E-16,0.,-1.));
#4575 = FACE_BOUND('',#4576,.T.);
#4576 = EDGE_LOOP('',(#4577));
#4577 = ORIENTED_EDGE('',*,*,#4578,.T.);
#4578 = EDGE_CURVE('',#4579,#4579,#4581,.T.);
#4579 = VERTEX_POINT('',#4580);
#4580 = CARTESIAN_POINT('',(-13.5,5.7,30.));
#4581 = CIRCLE('',#4582,2.1);
#4582 = AXIS2_PLACEMENT_3D('',#4583,#4584,#4585);
#4583 = CARTESIAN_POINT('',(-13.5,5.7,32.1));
#4584 = DIRECTION('',(-1.,-0.,-2.22044604925E-16));
#4585 = DIRECTION('',(2.22044604925E-16,0.,-1.));
#4586 = FACE_BOUND('',#4587,.T.);
#4587 = EDGE_LOOP('',(#4588));
#4588 = ORIENTED_EDGE('',*,*,#4589,.T.);
#4589 = EDGE_CURVE('',#4590,#4590,#4592,.T.);
#4590 = VERTEX_POINT('',#4591);
#4591 = CARTESIAN_POINT('',(-13.5,19.220458146424,89.380905907619));
#4592 = CIRCLE('',#4593,1.65);
#4593 = AXIS2_PLACEMENT_3D('',#4594,#4595,#4596);
#4594 = CARTESIAN_POINT('',(-13.5,19.220458146424,91.030905907619));
#4595 = DIRECTION('',(-1.,-0.,-2.22044604925E-16));
#4596 = DIRECTION('',(2.22044604925E-16,0.,-1.));
#4597 = FACE_BOUND('',#4598,.T.);
#4598 = EDGE_LOOP('',(#4599));
#4599 = ORIENTED_EDGE('',*,*,#4600,.T.);
#4600 = EDGE_CURVE('',#4601,#4601,#4603,.T.);
#4601 = VERTEX_POINT('',#4602);
#4602 = CARTESIAN_POINT('',(-13.5,-2.3,21.1));
#4603 = CIRCLE('',#4604,3.);
#4604 = AXIS2_PLACEMENT_3D('',#4605,#4606,#4607);
#4605 = CARTESIAN_POINT('',(-13.5,-2.3,24.1));
#4606 = DIRECTION('',(-1.,-0.,-2.22044604925E-16));
#4607 = DIRECTION('',(2.22044604925E-16,0.,-1.));
#4608 = FACE_BOUND('',#4609,.T.);
#4609 = EDGE_LOOP('',(#4610));
#4610 = ORIENTED_EDGE('',*,*,#4611,.T.);
#4611 = EDGE_CURVE('',#4612,#4612,#4614,.T.);
#4612 = VERTEX_POINT('',#4613);
#4613 = CARTESIAN_POINT('',(-13.5,-10.3,14.));
#4614 = CIRCLE('',#4615,2.1);
#4615 = AXIS2_PLACEMENT_3D('',#4616,#4617,#4618);
#4616 = CARTESIAN_POINT('',(-13.5,-10.3,16.1));
#4617 = DIRECTION('',(-1.,-0.,-2.22044604925E-16));
#4618 = DIRECTION('',(2.22044604925E-16,0.,-1.));
#4619 = FACE_BOUND('',#4620,.T.);
#4620 = EDGE_LOOP('',(#4621));
#4621 = ORIENTED_EDGE('',*,*,#4622,.T.);
#4622 = EDGE_CURVE('',#4623,#4623,#4625,.T.);
#4623 = VERTEX_POINT('',#4624);
#4624 = CARTESIAN_POINT('',(-13.5,-10.3,30.));
#4625 = CIRCLE('',#4626,2.1);
#4626 = AXIS2_PLACEMENT_3D('',#4627,#4628,#4629);
#4627 = CARTESIAN_POINT('',(-13.5,-10.3,32.1));
#4628 = DIRECTION('',(-1.,-0.,-2.22044604925E-16));
#4629 = DIRECTION('',(2.22044604925E-16,0.,-1.));
#4630 = FACE_BOUND('',#4631,.T.);
#4631 = EDGE_LOOP('',(#4632));
#4632 = ORIENTED_EDGE('',*,*,#4633,.T.);
#4633 = EDGE_CURVE('',#4634,#4634,#4636,.T.);
#4634 = VERTEX_POINT('',#4635);
#4635 = CARTESIAN_POINT('',(-13.5,-17.8,6.95));
#4636 = CIRCLE('',#4637,1.65);
#4637 = AXIS2_PLACEMENT_3D('',#4638,#4639,#4640);
#4638 = CARTESIAN_POINT('',(-13.5,-17.8,8.6));
#4639 = DIRECTION('',(-1.,-0.,-2.22044604925E-16));
#4640 = DIRECTION('',(2.22044604925E-16,0.,-1.));
#4641 = FACE_BOUND('',#4642,.T.);
#4642 = EDGE_LOOP('',(#4643));
#4643 = ORIENTED_EDGE('',*,*,#4644,.T.);
#4644 = EDGE_CURVE('',#4645,#4645,#4647,.T.);
#4645 = VERTEX_POINT('',#4646);
#4646 = CARTESIAN_POINT('',(-13.5,-21.47954185357,89.380905907619));
#4647 = CIRCLE('',#4648,1.65);
#4648 = AXIS2_PLACEMENT_3D('',#4649,#4650,#4651);
#4649 = CARTESIAN_POINT('',(-13.5,-21.47954185357,91.030905907619));
#4650 = DIRECTION('',(-1.,-0.,-2.22044604925E-16));
#4651 = DIRECTION('',(2.22044604925E-16,0.,-1.));
#4652 = PLANE('',#4653);
#4653 = AXIS2_PLACEMENT_3D('',#4654,#4655,#4656);
#4654 = CARTESIAN_POINT('',(-13.5,-1.381477480019,84.880154077968));
#4655 = DIRECTION('',(1.,0.,0.));
#4656 = DIRECTION('',(0.,0.,1.));
#4657 = ADVANCED_FACE('',(#4658),#4676,.T.);
#4658 = FACE_BOUND('',#4659,.T.);
#4659 = EDGE_LOOP('',(#4660,#4668,#4669,#4670));
#4660 = ORIENTED_EDGE('',*,*,#4661,.F.);
#4661 = EDGE_CURVE('',#4442,#4662,#4664,.T.);
#4662 = VERTEX_POINT('',#4663);
#4663 = CARTESIAN_POINT('',(-16.,18.220458146424,129.87840755509));
#4664 = LINE('',#4665,#4666);
#4665 = CARTESIAN_POINT('',(-16.,-44.8122341371,104.38042807414));
#4666 = VECTOR('',#4667,1.);
#4667 = DIRECTION('',(0.,0.927024810887,0.375));
#4668 = ORIENTED_EDGE('',*,*,#4449,.T.);
#4669 = ORIENTED_EDGE('',*,*,#4531,.F.);
#4670 = ORIENTED_EDGE('',*,*,#4671,.F.);
#4671 = EDGE_CURVE('',#4662,#4524,#4672,.T.);
#4672 = LINE('',#4673,#4674);
#4673 = CARTESIAN_POINT('',(-38.,18.220458146424,129.87840755509));
#4674 = VECTOR('',#4675,1.);
#4675 = DIRECTION('',(1.,0.,0.));
#4676 = PLANE('',#4677);
#4677 = AXIS2_PLACEMENT_3D('',#4678,#4679,#4680);
#4678 = CARTESIAN_POINT('',(-60.,-79.98548899243,90.152145922636));
#4679 = DIRECTION('',(0.,-0.375,0.927024810887));
#4680 = DIRECTION('',(1.,0.,0.));
#4681 = ADVANCED_FACE('',(#4682,#4768,#4779),#4790,.T.);
#4682 = FACE_BOUND('',#4683,.T.);
#4683 = EDGE_LOOP('',(#4684,#4693,#4694,#4695,#4703,#4712,#4721,#4729,
    #4737,#4745,#4753,#4761));
#4684 = ORIENTED_EDGE('',*,*,#4685,.F.);
#4685 = EDGE_CURVE('',#4434,#4686,#4688,.T.);
#4686 = VERTEX_POINT('',#4687);
#4687 = CARTESIAN_POINT('',(-16.,-21.47954185357,87.530905907619));
#4688 = CIRCLE('',#4689,3.5);
#4689 = AXIS2_PLACEMENT_3D('',#4690,#4691,#4692);
#4690 = CARTESIAN_POINT('',(-16.,-21.47954185357,91.030905907619));
#4691 = DIRECTION('',(1.,-0.,2.22044604925E-16));
#4692 = DIRECTION('',(2.22044604925E-16,0.,-1.));
#4693 = ORIENTED_EDGE('',*,*,#4441,.T.);
#4694 = ORIENTED_EDGE('',*,*,#4661,.T.);
#4695 = ORIENTED_EDGE('',*,*,#4696,.F.);
#4696 = EDGE_CURVE('',#4697,#4662,#4699,.T.);
#4697 = VERTEX_POINT('',#4698);
#4698 = CARTESIAN_POINT('',(-16.,18.220458146424,94.385007873868));
#4699 = LINE('',#4700,#4701);
#4700 = CARTESIAN_POINT('',(-16.,18.220458146424,5.2));
#4701 = VECTOR('',#4702,1.);
#4702 = DIRECTION('',(0.,0.,1.));
#4703 = ORIENTED_EDGE('',*,*,#4704,.F.);
#4704 = EDGE_CURVE('',#4705,#4697,#4707,.T.);
#4705 = VERTEX_POINT('',#4706);
#4706 = CARTESIAN_POINT('',(-16.,19.220458146424,87.530905907619));
#4707 = CIRCLE('',#4708,3.5);
#4708 = AXIS2_PLACEMENT_3D('',#4709,#4710,#4711);
#4709 = CARTESIAN_POINT('',(-16.,19.220458146424,91.030905907619));
#4710 = DIRECTION('',(1.,-0.,2.22044604925E-16));
#4711 = DIRECTION('',(2.22044604925E-16,0.,-1.));
#4712 = ORIENTED_EDGE('',*,*,#4713,.F.);
#4713 = EDGE_CURVE('',#4714,#4705,#4716,.T.);
#4714 = VERTEX_POINT('',#4715);
#4715 = CARTESIAN_POINT('',(-16.,18.220458146424,87.676803941369));
#4716 = CIRCLE('',#4717,3.5);
#4717 = AXIS2_PLACEMENT_3D('',#4718,#4719,#4720);
#4718 = CARTESIAN_POINT('',(-16.,19.220458146424,91.030905907619));
#4719 = DIRECTION('',(1.,-0.,2.22044604925E-16));
#4720 = DIRECTION('',(2.22044604925E-16,0.,-1.));
#4721 = ORIENTED_EDGE('',*,*,#4722,.F.);
#4722 = EDGE_CURVE('',#4723,#4714,#4725,.T.);
#4723 = VERTEX_POINT('',#4724);
#4724 = CARTESIAN_POINT('',(-16.,18.220458146424,5.2));
#4725 = LINE('',#4726,#4727);
#4726 = CARTESIAN_POINT('',(-16.,18.220458146424,5.2));
#4727 = VECTOR('',#4728,1.);
#4728 = DIRECTION('',(0.,0.,1.));
#4729 = ORIENTED_EDGE('',*,*,#4730,.F.);
#4730 = EDGE_CURVE('',#4731,#4723,#4733,.T.);
#4731 = VERTEX_POINT('',#4732);
#4732 = CARTESIAN_POINT('',(-16.,17.2,5.2));
#4733 = LINE('',#4734,#4735);
#4734 = CARTESIAN_POINT('',(-16.,-20.47954185357,5.2));
#4735 = VECTOR('',#4736,1.);
#4736 = DIRECTION('',(0.,1.,0.));
#4737 = ORIENTED_EDGE('',*,*,#4738,.T.);
#4738 = EDGE_CURVE('',#4731,#4739,#4741,.T.);
#4739 = VERTEX_POINT('',#4740);
#4740 = CARTESIAN_POINT('',(-16.,17.2,43.6));
#4741 = LINE('',#4742,#4743);
#4742 = CARTESIAN_POINT('',(-16.,17.2,5.2));
#4743 = VECTOR('',#4744,1.);
#4744 = DIRECTION('',(0.,0.,1.));
#4745 = ORIENTED_EDGE('',*,*,#4746,.T.);
#4746 = EDGE_CURVE('',#4739,#4747,#4749,.T.);
#4747 = VERTEX_POINT('',#4748);
#4748 = CARTESIAN_POINT('',(-16.,-20.47954185357,43.6));
#4749 = LINE('',#4750,#4751);
#4750 = CARTESIAN_POINT('',(-16.,-21.13977092678,43.6));
#4751 = VECTOR('',#4752,1.);
#4752 = DIRECTION('',(0.,-1.,0.));
#4753 = ORIENTED_EDGE('',*,*,#4754,.T.);
#4754 = EDGE_CURVE('',#4747,#4755,#4757,.T.);
#4755 = VERTEX_POINT('',#4756);
#4756 = CARTESIAN_POINT('',(-16.,-20.47954185357,87.676803941369));
#4757 = LINE('',#4758,#4759);
#4758 = CARTESIAN_POINT('',(-16.,-20.47954185357,5.2));
#4759 = VECTOR('',#4760,1.);
#4760 = DIRECTION('',(0.,0.,1.));
#4761 = ORIENTED_EDGE('',*,*,#4762,.F.);
#4762 = EDGE_CURVE('',#4686,#4755,#4763,.T.);
#4763 = CIRCLE('',#4764,3.5);
#4764 = AXIS2_PLACEMENT_3D('',#4765,#4766,#4767);
#4765 = CARTESIAN_POINT('',(-16.,-21.47954185357,91.030905907619));
#4766 = DIRECTION('',(1.,-0.,2.22044604925E-16));
#4767 = DIRECTION('',(2.22044604925E-16,0.,-1.));
#4768 = FACE_BOUND('',#4769,.T.);
#4769 = EDGE_LOOP('',(#4770));
#4770 = ORIENTED_EDGE('',*,*,#4771,.F.);
#4771 = EDGE_CURVE('',#4772,#4772,#4774,.T.);
#4772 = VERTEX_POINT('',#4773);
#4773 = CARTESIAN_POINT('',(-16.,19.220458146424,89.380905907619));
#4774 = CIRCLE('',#4775,1.65);
#4775 = AXIS2_PLACEMENT_3D('',#4776,#4777,#4778);
#4776 = CARTESIAN_POINT('',(-16.,19.220458146424,91.030905907619));
#4777 = DIRECTION('',(-1.,-0.,-2.22044604925E-16));
#4778 = DIRECTION('',(2.22044604925E-16,0.,-1.));
#4779 = FACE_BOUND('',#4780,.T.);
#4780 = EDGE_LOOP('',(#4781));
#4781 = ORIENTED_EDGE('',*,*,#4782,.F.);
#4782 = EDGE_CURVE('',#4783,#4783,#4785,.T.);
#4783 = VERTEX_POINT('',#4784);
#4784 = CARTESIAN_POINT('',(-16.,-21.47954185357,89.380905907619));
#4785 = CIRCLE('',#4786,1.65);
#4786 = AXIS2_PLACEMENT_3D('',#4787,#4788,#4789);
#4787 = CARTESIAN_POINT('',(-16.,-21.47954185357,91.030905907619));
#4788 = DIRECTION('',(-1.,-0.,-2.22044604925E-16));
#4789 = DIRECTION('',(2.22044604925E-16,0.,-1.));
#4790 = PLANE('',#4791);
#4791 = AXIS2_PLACEMENT_3D('',#4792,#4793,#4794);
#4792 = CARTESIAN_POINT('',(-16.,2.413463946549,88.814273147102));
#4793 = DIRECTION('',(-1.,-0.,-0.));
#4794 = DIRECTION('',(0.,0.,-1.));
#4795 = ADVANCED_FACE('',(#4796),#4809,.T.);
#4796 = FACE_BOUND('',#4797,.F.);
#4797 = EDGE_LOOP('',(#4798,#4804,#4805,#4806,#4807,#4808));
#4798 = ORIENTED_EDGE('',*,*,#4799,.T.);
#4799 = EDGE_CURVE('',#4466,#4755,#4800,.T.);
#4800 = LINE('',#4801,#4802);
#4801 = CARTESIAN_POINT('',(-16.,-20.47954185357,87.676803941369));
#4802 = VECTOR('',#4803,1.);
#4803 = DIRECTION('',(-1.,-0.,-2.22044604925E-16));
#4804 = ORIENTED_EDGE('',*,*,#4762,.F.);
#4805 = ORIENTED_EDGE('',*,*,#4685,.F.);
#4806 = ORIENTED_EDGE('',*,*,#4433,.F.);
#4807 = ORIENTED_EDGE('',*,*,#4538,.T.);
#4808 = ORIENTED_EDGE('',*,*,#4547,.T.);
#4809 = CYLINDRICAL_SURFACE('',#4810,3.5);
#4810 = AXIS2_PLACEMENT_3D('',#4811,#4812,#4813);
#4811 = CARTESIAN_POINT('',(-16.,-21.47954185357,91.030905907619));
#4812 = DIRECTION('',(-1.,-0.,-2.22044604925E-16));
#4813 = DIRECTION('',(2.22044604925E-16,0.,-1.));
#4814 = ADVANCED_FACE('',(#4815),#4826,.F.);
#4815 = FACE_BOUND('',#4816,.F.);
#4816 = EDGE_LOOP('',(#4817,#4823,#4824,#4825));
#4817 = ORIENTED_EDGE('',*,*,#4818,.F.);
#4818 = EDGE_CURVE('',#4747,#4464,#4819,.T.);
#4819 = LINE('',#4820,#4821);
#4820 = CARTESIAN_POINT('',(-16.75,-20.47954185357,43.6));
#4821 = VECTOR('',#4822,1.);
#4822 = DIRECTION('',(1.,0.,0.));
#4823 = ORIENTED_EDGE('',*,*,#4754,.T.);
#4824 = ORIENTED_EDGE('',*,*,#4799,.F.);
#4825 = ORIENTED_EDGE('',*,*,#4463,.F.);
#4826 = PLANE('',#4827);
#4827 = AXIS2_PLACEMENT_3D('',#4828,#4829,#4830);
#4828 = CARTESIAN_POINT('',(-16.,-20.47954185357,5.2));
#4829 = DIRECTION('',(0.,1.,0.));
#4830 = DIRECTION('',(0.,0.,1.));
#4831 = ADVANCED_FACE('',(#4832),#4843,.T.);
#4832 = FACE_BOUND('',#4833,.T.);
#4833 = EDGE_LOOP('',(#4834,#4835,#4841,#4842));
#4834 = ORIENTED_EDGE('',*,*,#4523,.F.);
#4835 = ORIENTED_EDGE('',*,*,#4836,.T.);
#4836 = EDGE_CURVE('',#4515,#4697,#4837,.T.);
#4837 = LINE('',#4838,#4839);
#4838 = CARTESIAN_POINT('',(-16.,18.220458146424,94.385007873868));
#4839 = VECTOR('',#4840,1.);
#4840 = DIRECTION('',(-1.,-0.,-2.22044604925E-16));
#4841 = ORIENTED_EDGE('',*,*,#4696,.T.);
#4842 = ORIENTED_EDGE('',*,*,#4671,.T.);
#4843 = PLANE('',#4844);
#4844 = AXIS2_PLACEMENT_3D('',#4845,#4846,#4847);
#4845 = CARTESIAN_POINT('',(-16.,18.220458146424,5.2));
#4846 = DIRECTION('',(0.,1.,0.));
#4847 = DIRECTION('',(0.,0.,1.));
#4848 = ADVANCED_FACE('',(#4849),#4862,.T.);
#4849 = FACE_BOUND('',#4850,.F.);
#4850 = EDGE_LOOP('',(#4851,#4857,#4858,#4859,#4860,#4861));
#4851 = ORIENTED_EDGE('',*,*,#4852,.F.);
#4852 = EDGE_CURVE('',#4498,#4714,#4853,.T.);
#4853 = LINE('',#4854,#4855);
#4854 = CARTESIAN_POINT('',(-16.,18.220458146424,87.676803941369));
#4855 = VECTOR('',#4856,1.);
#4856 = DIRECTION('',(-1.,-0.,-2.22044604925E-16));
#4857 = ORIENTED_EDGE('',*,*,#4505,.T.);
#4858 = ORIENTED_EDGE('',*,*,#4514,.T.);
#4859 = ORIENTED_EDGE('',*,*,#4836,.T.);
#4860 = ORIENTED_EDGE('',*,*,#4704,.F.);
#4861 = ORIENTED_EDGE('',*,*,#4713,.F.);
#4862 = CYLINDRICAL_SURFACE('',#4863,3.5);
#4863 = AXIS2_PLACEMENT_3D('',#4864,#4865,#4866);
#4864 = CARTESIAN_POINT('',(-16.,19.220458146424,91.030905907619));
#4865 = DIRECTION('',(-1.,-0.,-2.22044604925E-16));
#4866 = DIRECTION('',(2.22044604925E-16,0.,-1.));
#4867 = ADVANCED_FACE('',(#4868),#4879,.T.);
#4868 = FACE_BOUND('',#4869,.T.);
#4869 = EDGE_LOOP('',(#4870,#4871,#4877,#4878));
#4870 = ORIENTED_EDGE('',*,*,#4497,.F.);
#4871 = ORIENTED_EDGE('',*,*,#4872,.F.);
#4872 = EDGE_CURVE('',#4723,#4490,#4873,.T.);
#4873 = LINE('',#4874,#4875);
#4874 = CARTESIAN_POINT('',(-16.,18.220458146424,5.2));
#4875 = VECTOR('',#4876,1.);
#4876 = DIRECTION('',(1.,0.,0.));
#4877 = ORIENTED_EDGE('',*,*,#4722,.T.);
#4878 = ORIENTED_EDGE('',*,*,#4852,.F.);
#4879 = PLANE('',#4880);
#4880 = AXIS2_PLACEMENT_3D('',#4881,#4882,#4883);
#4881 = CARTESIAN_POINT('',(-16.,18.220458146424,5.2));
#4882 = DIRECTION('',(0.,1.,0.));
#4883 = DIRECTION('',(0.,0.,1.));
#4884 = ADVANCED_FACE('',(#4885),#4912,.T.);
#4885 = FACE_BOUND('',#4886,.T.);
#4886 = EDGE_LOOP('',(#4887,#4888,#4889,#4890,#4898,#4906));
#4887 = ORIENTED_EDGE('',*,*,#4730,.T.);
#4888 = ORIENTED_EDGE('',*,*,#4872,.T.);
#4889 = ORIENTED_EDGE('',*,*,#4489,.F.);
#4890 = ORIENTED_EDGE('',*,*,#4891,.F.);
#4891 = EDGE_CURVE('',#4892,#4482,#4894,.T.);
#4892 = VERTEX_POINT('',#4893);
#4893 = CARTESIAN_POINT('',(-17.5,-21.8,5.2));
#4894 = LINE('',#4895,#4896);
#4895 = CARTESIAN_POINT('',(-17.5,-21.8,5.2));
#4896 = VECTOR('',#4897,1.);
#4897 = DIRECTION('',(1.,0.,0.));
#4898 = ORIENTED_EDGE('',*,*,#4899,.T.);
#4899 = EDGE_CURVE('',#4892,#4900,#4902,.T.);
#4900 = VERTEX_POINT('',#4901);
#4901 = CARTESIAN_POINT('',(-17.5,17.2,5.2));
#4902 = LINE('',#4903,#4904);
#4903 = CARTESIAN_POINT('',(-17.5,-21.8,5.2));
#4904 = VECTOR('',#4905,1.);
#4905 = DIRECTION('',(0.,1.,0.));
#4906 = ORIENTED_EDGE('',*,*,#4907,.T.);
#4907 = EDGE_CURVE('',#4900,#4731,#4908,.T.);
#4908 = LINE('',#4909,#4910);
#4909 = CARTESIAN_POINT('',(-17.5,17.2,5.2));
#4910 = VECTOR('',#4911,1.);
#4911 = DIRECTION('',(1.,0.,0.));
#4912 = PLANE('',#4913);
#4913 = AXIS2_PLACEMENT_3D('',#4914,#4915,#4916);
#4914 = CARTESIAN_POINT('',(-15.48261391084,-1.807157015939,5.2));
#4915 = DIRECTION('',(-0.,-0.,-1.));
#4916 = DIRECTION('',(-1.,0.,0.));
#4917 = ADVANCED_FACE('',(#4918),#4936,.F.);
#4918 = FACE_BOUND('',#4919,.F.);
#4919 = EDGE_LOOP('',(#4920,#4921,#4929,#4935));
#4920 = ORIENTED_EDGE('',*,*,#4891,.F.);
#4921 = ORIENTED_EDGE('',*,*,#4922,.T.);
#4922 = EDGE_CURVE('',#4892,#4923,#4925,.T.);
#4923 = VERTEX_POINT('',#4924);
#4924 = CARTESIAN_POINT('',(-17.5,-21.8,43.6));
#4925 = LINE('',#4926,#4927);
#4926 = CARTESIAN_POINT('',(-17.5,-21.8,5.2));
#4927 = VECTOR('',#4928,1.);
#4928 = DIRECTION('',(0.,0.,1.));
#4929 = ORIENTED_EDGE('',*,*,#4930,.T.);
#4930 = EDGE_CURVE('',#4923,#4474,#4931,.T.);
#4931 = LINE('',#4932,#4933);
#4932 = CARTESIAN_POINT('',(-17.5,-21.8,43.6));
#4933 = VECTOR('',#4934,1.);
#4934 = DIRECTION('',(1.,0.,0.));
#4935 = ORIENTED_EDGE('',*,*,#4481,.F.);
#4936 = PLANE('',#4937);
#4937 = AXIS2_PLACEMENT_3D('',#4938,#4939,#4940);
#4938 = CARTESIAN_POINT('',(-17.5,-21.8,5.2));
#4939 = DIRECTION('',(0.,1.,0.));
#4940 = DIRECTION('',(0.,0.,1.));
#4941 = ADVANCED_FACE('',(#4942),#4962,.T.);
#4942 = FACE_BOUND('',#4943,.T.);
#4943 = EDGE_LOOP('',(#4944,#4952,#4958,#4959,#4960,#4961));
#4944 = ORIENTED_EDGE('',*,*,#4945,.F.);
#4945 = EDGE_CURVE('',#4946,#4739,#4948,.T.);
#4946 = VERTEX_POINT('',#4947);
#4947 = CARTESIAN_POINT('',(-17.5,17.2,43.6));
#4948 = LINE('',#4949,#4950);
#4949 = CARTESIAN_POINT('',(-17.5,17.2,43.6));
#4950 = VECTOR('',#4951,1.);
#4951 = DIRECTION('',(1.,0.,0.));
#4952 = ORIENTED_EDGE('',*,*,#4953,.F.);
#4953 = EDGE_CURVE('',#4923,#4946,#4954,.T.);
#4954 = LINE('',#4955,#4956);
#4955 = CARTESIAN_POINT('',(-17.5,-21.8,43.6));
#4956 = VECTOR('',#4957,1.);
#4957 = DIRECTION('',(0.,1.,0.));
#4958 = ORIENTED_EDGE('',*,*,#4930,.T.);
#4959 = ORIENTED_EDGE('',*,*,#4473,.T.);
#4960 = ORIENTED_EDGE('',*,*,#4818,.F.);
#4961 = ORIENTED_EDGE('',*,*,#4746,.F.);
#4962 = PLANE('',#4963);
#4963 = AXIS2_PLACEMENT_3D('',#4964,#4965,#4966);
#4964 = CARTESIAN_POINT('',(-17.5,-21.8,43.6));
#4965 = DIRECTION('',(0.,0.,1.));
#4966 = DIRECTION('',(1.,0.,0.));
#4967 = ADVANCED_FACE('',(#4968),#4987,.F.);
#4968 = FACE_BOUND('',#4969,.T.);
#4969 = EDGE_LOOP('',(#4970,#4979,#4985,#4986));
#4970 = ORIENTED_EDGE('',*,*,#4971,.T.);
#4971 = EDGE_CURVE('',#4972,#4972,#4974,.T.);
#4972 = VERTEX_POINT('',#4973);
#4973 = CARTESIAN_POINT('',(-17.5,13.2,6.95));
#4974 = CIRCLE('',#4975,1.65);
#4975 = AXIS2_PLACEMENT_3D('',#4976,#4977,#4978);
#4976 = CARTESIAN_POINT('',(-17.5,13.2,8.6));
#4977 = DIRECTION('',(-1.,-0.,-2.22044604925E-16));
#4978 = DIRECTION('',(2.22044604925E-16,0.,-1.));
#4979 = ORIENTED_EDGE('',*,*,#4980,.T.);
#4980 = EDGE_CURVE('',#4972,#4557,#4981,.T.);
#4981 = LINE('',#4982,#4983);
#4982 = CARTESIAN_POINT('',(-17.6,13.2,6.95));
#4983 = VECTOR('',#4984,1.);
#4984 = DIRECTION('',(1.,0.,2.22044604925E-16));
#4985 = ORIENTED_EDGE('',*,*,#4556,.F.);
#4986 = ORIENTED_EDGE('',*,*,#4980,.F.);
#4987 = CYLINDRICAL_SURFACE('',#4988,1.65);
#4988 = AXIS2_PLACEMENT_3D('',#4989,#4990,#4991);
#4989 = CARTESIAN_POINT('',(-17.6,13.2,8.6));
#4990 = DIRECTION('',(-1.,-0.,-2.22044604925E-16));
#4991 = DIRECTION('',(2.22044604925E-16,0.,-1.));
#4992 = ADVANCED_FACE('',(#4993),#5012,.F.);
#4993 = FACE_BOUND('',#4994,.T.);
#4994 = EDGE_LOOP('',(#4995,#5004,#5010,#5011));
#4995 = ORIENTED_EDGE('',*,*,#4996,.F.);
#4996 = EDGE_CURVE('',#4997,#4997,#4999,.T.);
#4997 = VERTEX_POINT('',#4998);
#4998 = CARTESIAN_POINT('',(-15.7,5.7,14.));
#4999 = CIRCLE('',#5000,2.1);
#5000 = AXIS2_PLACEMENT_3D('',#5001,#5002,#5003);
#5001 = CARTESIAN_POINT('',(-15.7,5.7,16.1));
#5002 = DIRECTION('',(1.,-0.,2.22044604925E-16));
#5003 = DIRECTION('',(2.22044604925E-16,0.,-1.));
#5004 = ORIENTED_EDGE('',*,*,#5005,.T.);
#5005 = EDGE_CURVE('',#4997,#4568,#5006,.T.);
#5006 = LINE('',#5007,#5008);
#5007 = CARTESIAN_POINT('',(-15.7,5.7,14.));
#5008 = VECTOR('',#5009,1.);
#5009 = DIRECTION('',(1.,0.,2.22044604925E-16));
#5010 = ORIENTED_EDGE('',*,*,#4567,.F.);
#5011 = ORIENTED_EDGE('',*,*,#5005,.F.);
#5012 = CYLINDRICAL_SURFACE('',#5013,2.1);
#5013 = AXIS2_PLACEMENT_3D('',#5014,#5015,#5016);
#5014 = CARTESIAN_POINT('',(-15.7,5.7,16.1));
#5015 = DIRECTION('',(-1.,-0.,-2.22044604925E-16));
#5016 = DIRECTION('',(2.22044604925E-16,0.,-1.));
#5017 = ADVANCED_FACE('',(#5018),#5037,.F.);
#5018 = FACE_BOUND('',#5019,.T.);
#5019 = EDGE_LOOP('',(#5020,#5029,#5035,#5036));
#5020 = ORIENTED_EDGE('',*,*,#5021,.F.);
#5021 = EDGE_CURVE('',#5022,#5022,#5024,.T.);
#5022 = VERTEX_POINT('',#5023);
#5023 = CARTESIAN_POINT('',(-15.7,5.7,30.));
#5024 = CIRCLE('',#5025,2.1);
#5025 = AXIS2_PLACEMENT_3D('',#5026,#5027,#5028);
#5026 = CARTESIAN_POINT('',(-15.7,5.7,32.1));
#5027 = DIRECTION('',(1.,-0.,2.22044604925E-16));
#5028 = DIRECTION('',(2.22044604925E-16,0.,-1.));
#5029 = ORIENTED_EDGE('',*,*,#5030,.T.);
#5030 = EDGE_CURVE('',#5022,#4579,#5031,.T.);
#5031 = LINE('',#5032,#5033);
#5032 = CARTESIAN_POINT('',(-15.7,5.7,30.));
#5033 = VECTOR('',#5034,1.);
#5034 = DIRECTION('',(1.,0.,2.22044604925E-16));
#5035 = ORIENTED_EDGE('',*,*,#4578,.F.);
#5036 = ORIENTED_EDGE('',*,*,#5030,.F.);
#5037 = CYLINDRICAL_SURFACE('',#5038,2.1);
#5038 = AXIS2_PLACEMENT_3D('',#5039,#5040,#5041);
#5039 = CARTESIAN_POINT('',(-15.7,5.7,32.1));
#5040 = DIRECTION('',(-1.,-0.,-2.22044604925E-16));
#5041 = DIRECTION('',(2.22044604925E-16,0.,-1.));
#5042 = ADVANCED_FACE('',(#5043),#5054,.F.);
#5043 = FACE_BOUND('',#5044,.T.);
#5044 = EDGE_LOOP('',(#5045,#5046,#5052,#5053));
#5045 = ORIENTED_EDGE('',*,*,#4771,.T.);
#5046 = ORIENTED_EDGE('',*,*,#5047,.T.);
#5047 = EDGE_CURVE('',#4772,#4590,#5048,.T.);
#5048 = LINE('',#5049,#5050);
#5049 = CARTESIAN_POINT('',(-16.1,19.220458146424,89.380905907619));
#5050 = VECTOR('',#5051,1.);
#5051 = DIRECTION('',(1.,0.,2.22044604925E-16));
#5052 = ORIENTED_EDGE('',*,*,#4589,.F.);
#5053 = ORIENTED_EDGE('',*,*,#5047,.F.);
#5054 = CYLINDRICAL_SURFACE('',#5055,1.65);
#5055 = AXIS2_PLACEMENT_3D('',#5056,#5057,#5058);
#5056 = CARTESIAN_POINT('',(-16.1,19.220458146424,91.030905907619));
#5057 = DIRECTION('',(-1.,-0.,-2.22044604925E-16));
#5058 = DIRECTION('',(2.22044604925E-16,0.,-1.));
#5059 = ADVANCED_FACE('',(#5060),#5079,.F.);
#5060 = FACE_BOUND('',#5061,.T.);
#5061 = EDGE_LOOP('',(#5062,#5070,#5077,#5078));
#5062 = ORIENTED_EDGE('',*,*,#5063,.F.);
#5063 = EDGE_CURVE('',#5064,#4601,#5066,.T.);
#5064 = VERTEX_POINT('',#5065);
#5065 = CARTESIAN_POINT('',(-15.8,-2.3,21.1));
#5066 = LINE('',#5067,#5068);
#5067 = CARTESIAN_POINT('',(-17.6,-2.3,21.1));
#5068 = VECTOR('',#5069,1.);
#5069 = DIRECTION('',(1.,0.,2.22044604925E-16));
#5070 = ORIENTED_EDGE('',*,*,#5071,.T.);
#5071 = EDGE_CURVE('',#5064,#5064,#5072,.T.);
#5072 = CIRCLE('',#5073,3.);
#5073 = AXIS2_PLACEMENT_3D('',#5074,#5075,#5076);
#5074 = CARTESIAN_POINT('',(-15.8,-2.3,24.1));
#5075 = DIRECTION('',(-1.,-0.,-2.22044604925E-16));
#5076 = DIRECTION('',(2.22044604925E-16,0.,-1.));
#5077 = ORIENTED_EDGE('',*,*,#5063,.T.);
#5078 = ORIENTED_EDGE('',*,*,#4600,.F.);
#5079 = CYLINDRICAL_SURFACE('',#5080,3.);
#5080 = AXIS2_PLACEMENT_3D('',#5081,#5082,#5083);
#5081 = CARTESIAN_POINT('',(-17.6,-2.3,24.1));
#5082 = DIRECTION('',(-1.,-0.,-2.22044604925E-16));
#5083 = DIRECTION('',(2.22044604925E-16,0.,-1.));
#5084 = ADVANCED_FACE('',(#5085),#5104,.F.);
#5085 = FACE_BOUND('',#5086,.T.);
#5086 = EDGE_LOOP('',(#5087,#5096,#5102,#5103));
#5087 = ORIENTED_EDGE('',*,*,#5088,.F.);
#5088 = EDGE_CURVE('',#5089,#5089,#5091,.T.);
#5089 = VERTEX_POINT('',#5090);
#5090 = CARTESIAN_POINT('',(-15.7,-10.3,14.));
#5091 = CIRCLE('',#5092,2.1);
#5092 = AXIS2_PLACEMENT_3D('',#5093,#5094,#5095);
#5093 = CARTESIAN_POINT('',(-15.7,-10.3,16.1));
#5094 = DIRECTION('',(1.,-0.,2.22044604925E-16));
#5095 = DIRECTION('',(2.22044604925E-16,0.,-1.));
#5096 = ORIENTED_EDGE('',*,*,#5097,.T.);
#5097 = EDGE_CURVE('',#5089,#4612,#5098,.T.);
#5098 = LINE('',#5099,#5100);
#5099 = CARTESIAN_POINT('',(-15.7,-10.3,14.));
#5100 = VECTOR('',#5101,1.);
#5101 = DIRECTION('',(1.,0.,2.22044604925E-16));
#5102 = ORIENTED_EDGE('',*,*,#4611,.F.);
#5103 = ORIENTED_EDGE('',*,*,#5097,.F.);
#5104 = CYLINDRICAL_SURFACE('',#5105,2.1);
#5105 = AXIS2_PLACEMENT_3D('',#5106,#5107,#5108);
#5106 = CARTESIAN_POINT('',(-15.7,-10.3,16.1));
#5107 = DIRECTION('',(-1.,-0.,-2.22044604925E-16));
#5108 = DIRECTION('',(2.22044604925E-16,0.,-1.));
#5109 = ADVANCED_FACE('',(#5110),#5129,.F.);
#5110 = FACE_BOUND('',#5111,.T.);
#5111 = EDGE_LOOP('',(#5112,#5121,#5127,#5128));
#5112 = ORIENTED_EDGE('',*,*,#5113,.F.);
#5113 = EDGE_CURVE('',#5114,#5114,#5116,.T.);
#5114 = VERTEX_POINT('',#5115);
#5115 = CARTESIAN_POINT('',(-15.7,-10.3,30.));
#5116 = CIRCLE('',#5117,2.1);
#5117 = AXIS2_PLACEMENT_3D('',#5118,#5119,#5120);
#5118 = CARTESIAN_POINT('',(-15.7,-10.3,32.1));
#5119 = DIRECTION('',(1.,-0.,2.22044604925E-16));
#5120 = DIRECTION('',(2.22044604925E-16,0.,-1.));
#5121 = ORIENTED_EDGE('',*,*,#5122,.T.);
#5122 = EDGE_CURVE('',#5114,#4623,#5123,.T.);
#5123 = LINE('',#5124,#5125);
#5124 = CARTESIAN_POINT('',(-15.7,-10.3,30.));
#5125 = VECTOR('',#5126,1.);
#5126 = DIRECTION('',(1.,0.,2.22044604925E-16));
#5127 = ORIENTED_EDGE('',*,*,#4622,.F.);
#5128 = ORIENTED_EDGE('',*,*,#5122,.F.);
#5129 = CYLINDRICAL_SURFACE('',#5130,2.1);
#5130 = AXIS2_PLACEMENT_3D('',#5131,#5132,#5133);
#5131 = CARTESIAN_POINT('',(-15.7,-10.3,32.1));
#5132 = DIRECTION('',(-1.,-0.,-2.22044604925E-16));
#5133 = DIRECTION('',(2.22044604925E-16,0.,-1.));
#5134 = ADVANCED_FACE('',(#5135),#5154,.F.);
#5135 = FACE_BOUND('',#5136,.T.);
#5136 = EDGE_LOOP('',(#5137,#5146,#5152,#5153));
#5137 = ORIENTED_EDGE('',*,*,#5138,.T.);
#5138 = EDGE_CURVE('',#5139,#5139,#5141,.T.);
#5139 = VERTEX_POINT('',#5140);
#5140 = CARTESIAN_POINT('',(-17.5,-17.8,6.95));
#5141 = CIRCLE('',#5142,1.65);
#5142 = AXIS2_PLACEMENT_3D('',#5143,#5144,#5145);
#5143 = CARTESIAN_POINT('',(-17.5,-17.8,8.6));
#5144 = DIRECTION('',(-1.,-0.,-2.22044604925E-16));
#5145 = DIRECTION('',(2.22044604925E-16,0.,-1.));
#5146 = ORIENTED_EDGE('',*,*,#5147,.T.);
#5147 = EDGE_CURVE('',#5139,#4634,#5148,.T.);
#5148 = LINE('',#5149,#5150);
#5149 = CARTESIAN_POINT('',(-17.6,-17.8,6.95));
#5150 = VECTOR('',#5151,1.);
#5151 = DIRECTION('',(1.,0.,2.22044604925E-16));
#5152 = ORIENTED_EDGE('',*,*,#4633,.F.);
#5153 = ORIENTED_EDGE('',*,*,#5147,.F.);
#5154 = CYLINDRICAL_SURFACE('',#5155,1.65);
#5155 = AXIS2_PLACEMENT_3D('',#5156,#5157,#5158);
#5156 = CARTESIAN_POINT('',(-17.6,-17.8,8.6));
#5157 = DIRECTION('',(-1.,-0.,-2.22044604925E-16));
#5158 = DIRECTION('',(2.22044604925E-16,0.,-1.));
#5159 = ADVANCED_FACE('',(#5160),#5171,.F.);
#5160 = FACE_BOUND('',#5161,.T.);
#5161 = EDGE_LOOP('',(#5162,#5163,#5169,#5170));
#5162 = ORIENTED_EDGE('',*,*,#4782,.T.);
#5163 = ORIENTED_EDGE('',*,*,#5164,.T.);
#5164 = EDGE_CURVE('',#4783,#4645,#5165,.T.);
#5165 = LINE('',#5166,#5167);
#5166 = CARTESIAN_POINT('',(-16.1,-21.47954185357,89.380905907619));
#5167 = VECTOR('',#5168,1.);
#5168 = DIRECTION('',(1.,0.,2.22044604925E-16));
#5169 = ORIENTED_EDGE('',*,*,#4644,.F.);
#5170 = ORIENTED_EDGE('',*,*,#5164,.F.);
#5171 = CYLINDRICAL_SURFACE('',#5172,1.65);
#5172 = AXIS2_PLACEMENT_3D('',#5173,#5174,#5175);
#5173 = CARTESIAN_POINT('',(-16.1,-21.47954185357,91.030905907619));
#5174 = DIRECTION('',(-1.,-0.,-2.22044604925E-16));
#5175 = DIRECTION('',(2.22044604925E-16,0.,-1.));
#5176 = ADVANCED_FACE('',(#5177),#5188,.T.);
#5177 = FACE_BOUND('',#5178,.T.);
#5178 = EDGE_LOOP('',(#5179,#5180,#5186,#5187));
#5179 = ORIENTED_EDGE('',*,*,#4907,.F.);
#5180 = ORIENTED_EDGE('',*,*,#5181,.T.);
#5181 = EDGE_CURVE('',#4900,#4946,#5182,.T.);
#5182 = LINE('',#5183,#5184);
#5183 = CARTESIAN_POINT('',(-17.5,17.2,5.2));
#5184 = VECTOR('',#5185,1.);
#5185 = DIRECTION('',(0.,0.,1.));
#5186 = ORIENTED_EDGE('',*,*,#4945,.T.);
#5187 = ORIENTED_EDGE('',*,*,#4738,.F.);
#5188 = PLANE('',#5189);
#5189 = AXIS2_PLACEMENT_3D('',#5190,#5191,#5192);
#5190 = CARTESIAN_POINT('',(-17.5,17.2,5.2));
#5191 = DIRECTION('',(0.,1.,0.));
#5192 = DIRECTION('',(0.,0.,1.));
#5193 = ADVANCED_FACE('',(#5194,#5200,#5203,#5214,#5225,#5236,#5239,
    #5250),#5261,.F.);
#5194 = FACE_BOUND('',#5195,.F.);
#5195 = EDGE_LOOP('',(#5196,#5197,#5198,#5199));
#5196 = ORIENTED_EDGE('',*,*,#4922,.F.);
#5197 = ORIENTED_EDGE('',*,*,#4899,.T.);
#5198 = ORIENTED_EDGE('',*,*,#5181,.T.);
#5199 = ORIENTED_EDGE('',*,*,#4953,.F.);
#5200 = FACE_BOUND('',#5201,.F.);
#5201 = EDGE_LOOP('',(#5202));
#5202 = ORIENTED_EDGE('',*,*,#4971,.T.);
#5203 = FACE_BOUND('',#5204,.F.);
#5204 = EDGE_LOOP('',(#5205));
#5205 = ORIENTED_EDGE('',*,*,#5206,.T.);
#5206 = EDGE_CURVE('',#5207,#5207,#5209,.T.);
#5207 = VERTEX_POINT('',#5208);
#5208 = CARTESIAN_POINT('',(-17.5,5.7,14.9));
#5209 = CIRCLE('',#5210,1.2);
#5210 = AXIS2_PLACEMENT_3D('',#5211,#5212,#5213);
#5211 = CARTESIAN_POINT('',(-17.5,5.7,16.1));
#5212 = DIRECTION('',(-1.,-0.,-2.22044604925E-16));
#5213 = DIRECTION('',(2.22044604925E-16,0.,-1.));
#5214 = FACE_BOUND('',#5215,.F.);
#5215 = EDGE_LOOP('',(#5216));
#5216 = ORIENTED_EDGE('',*,*,#5217,.T.);
#5217 = EDGE_CURVE('',#5218,#5218,#5220,.T.);
#5218 = VERTEX_POINT('',#5219);
#5219 = CARTESIAN_POINT('',(-17.5,5.7,30.9));
#5220 = CIRCLE('',#5221,1.2);
#5221 = AXIS2_PLACEMENT_3D('',#5222,#5223,#5224);
#5222 = CARTESIAN_POINT('',(-17.5,5.7,32.1));
#5223 = DIRECTION('',(-1.,-0.,-2.22044604925E-16));
#5224 = DIRECTION('',(2.22044604925E-16,0.,-1.));
#5225 = FACE_BOUND('',#5226,.F.);
#5226 = EDGE_LOOP('',(#5227));
#5227 = ORIENTED_EDGE('',*,*,#5228,.T.);
#5228 = EDGE_CURVE('',#5229,#5229,#5231,.T.);
#5229 = VERTEX_POINT('',#5230);
#5230 = CARTESIAN_POINT('',(-17.5,-10.3,14.9));
#5231 = CIRCLE('',#5232,1.2);
#5232 = AXIS2_PLACEMENT_3D('',#5233,#5234,#5235);
#5233 = CARTESIAN_POINT('',(-17.5,-10.3,16.1));
#5234 = DIRECTION('',(-1.,-0.,-2.22044604925E-16));
#5235 = DIRECTION('',(2.22044604925E-16,0.,-1.));
#5236 = FACE_BOUND('',#5237,.F.);
#5237 = EDGE_LOOP('',(#5238));
#5238 = ORIENTED_EDGE('',*,*,#5138,.T.);
#5239 = FACE_BOUND('',#5240,.F.);
#5240 = EDGE_LOOP('',(#5241));
#5241 = ORIENTED_EDGE('',*,*,#5242,.T.);
#5242 = EDGE_CURVE('',#5243,#5243,#5245,.T.);
#5243 = VERTEX_POINT('',#5244);
#5244 = CARTESIAN_POINT('',(-17.5,-2.3,16.35));
#5245 = CIRCLE('',#5246,7.75);
#5246 = AXIS2_PLACEMENT_3D('',#5247,#5248,#5249);
#5247 = CARTESIAN_POINT('',(-17.5,-2.3,24.1));
#5248 = DIRECTION('',(-1.,-0.,-2.22044604925E-16));
#5249 = DIRECTION('',(2.22044604925E-16,0.,-1.));
#5250 = FACE_BOUND('',#5251,.F.);
#5251 = EDGE_LOOP('',(#5252));
#5252 = ORIENTED_EDGE('',*,*,#5253,.T.);
#5253 = EDGE_CURVE('',#5254,#5254,#5256,.T.);
#5254 = VERTEX_POINT('',#5255);
#5255 = CARTESIAN_POINT('',(-17.5,-10.3,30.9));
#5256 = CIRCLE('',#5257,1.2);
#5257 = AXIS2_PLACEMENT_3D('',#5258,#5259,#5260);
#5258 = CARTESIAN_POINT('',(-17.5,-10.3,32.1));
#5259 = DIRECTION('',(-1.,-0.,-2.22044604925E-16));
#5260 = DIRECTION('',(2.22044604925E-16,0.,-1.));
#5261 = PLANE('',#5262);
#5262 = AXIS2_PLACEMENT_3D('',#5263,#5264,#5265);
#5263 = CARTESIAN_POINT('',(-17.5,-21.8,5.2));
#5264 = DIRECTION('',(1.,0.,0.));
#5265 = DIRECTION('',(0.,0.,1.));
#5266 = ADVANCED_FACE('',(#5267,#5270),#5281,.T.);
#5267 = FACE_BOUND('',#5268,.T.);
#5268 = EDGE_LOOP('',(#5269));
#5269 = ORIENTED_EDGE('',*,*,#4996,.T.);
#5270 = FACE_BOUND('',#5271,.T.);
#5271 = EDGE_LOOP('',(#5272));
#5272 = ORIENTED_EDGE('',*,*,#5273,.T.);
#5273 = EDGE_CURVE('',#5274,#5274,#5276,.T.);
#5274 = VERTEX_POINT('',#5275);
#5275 = CARTESIAN_POINT('',(-15.7,5.7,14.9));
#5276 = CIRCLE('',#5277,1.2);
#5277 = AXIS2_PLACEMENT_3D('',#5278,#5279,#5280);
#5278 = CARTESIAN_POINT('',(-15.7,5.7,16.1));
#5279 = DIRECTION('',(-1.,-0.,-2.22044604925E-16));
#5280 = DIRECTION('',(2.22044604925E-16,0.,-1.));
#5281 = PLANE('',#5282);
#5282 = AXIS2_PLACEMENT_3D('',#5283,#5284,#5285);
#5283 = CARTESIAN_POINT('',(-15.7,5.7,16.1));
#5284 = DIRECTION('',(1.,0.,2.22044604925E-16));
#5285 = DIRECTION('',(2.22044604925E-16,0.,-1.));
#5286 = ADVANCED_FACE('',(#5287,#5290),#5301,.T.);
#5287 = FACE_BOUND('',#5288,.T.);
#5288 = EDGE_LOOP('',(#5289));
#5289 = ORIENTED_EDGE('',*,*,#5021,.T.);
#5290 = FACE_BOUND('',#5291,.T.);
#5291 = EDGE_LOOP('',(#5292));
#5292 = ORIENTED_EDGE('',*,*,#5293,.T.);
#5293 = EDGE_CURVE('',#5294,#5294,#5296,.T.);
#5294 = VERTEX_POINT('',#5295);
#5295 = CARTESIAN_POINT('',(-15.7,5.7,30.9));
#5296 = CIRCLE('',#5297,1.2);
#5297 = AXIS2_PLACEMENT_3D('',#5298,#5299,#5300);
#5298 = CARTESIAN_POINT('',(-15.7,5.7,32.1));
#5299 = DIRECTION('',(-1.,-0.,-2.22044604925E-16));
#5300 = DIRECTION('',(2.22044604925E-16,0.,-1.));
#5301 = PLANE('',#5302);
#5302 = AXIS2_PLACEMENT_3D('',#5303,#5304,#5305);
#5303 = CARTESIAN_POINT('',(-15.7,5.7,32.1));
#5304 = DIRECTION('',(1.,0.,2.22044604925E-16));
#5305 = DIRECTION('',(2.22044604925E-16,0.,-1.));
#5306 = ADVANCED_FACE('',(#5307,#5318),#5321,.F.);
#5307 = FACE_BOUND('',#5308,.F.);
#5308 = EDGE_LOOP('',(#5309));
#5309 = ORIENTED_EDGE('',*,*,#5310,.T.);
#5310 = EDGE_CURVE('',#5311,#5311,#5313,.T.);
#5311 = VERTEX_POINT('',#5312);
#5312 = CARTESIAN_POINT('',(-15.8,-2.3,16.35));
#5313 = CIRCLE('',#5314,7.75);
#5314 = AXIS2_PLACEMENT_3D('',#5315,#5316,#5317);
#5315 = CARTESIAN_POINT('',(-15.8,-2.3,24.1));
#5316 = DIRECTION('',(1.,-0.,2.22044604925E-16));
#5317 = DIRECTION('',(2.22044604925E-16,0.,-1.));
#5318 = FACE_BOUND('',#5319,.F.);
#5319 = EDGE_LOOP('',(#5320));
#5320 = ORIENTED_EDGE('',*,*,#5071,.T.);
#5321 = PLANE('',#5322);
#5322 = AXIS2_PLACEMENT_3D('',#5323,#5324,#5325);
#5323 = CARTESIAN_POINT('',(-15.8,-2.3,24.1));
#5324 = DIRECTION('',(1.,0.,2.22044604925E-16));
#5325 = DIRECTION('',(2.22044604925E-16,0.,-1.));
#5326 = ADVANCED_FACE('',(#5327,#5330),#5341,.T.);
#5327 = FACE_BOUND('',#5328,.T.);
#5328 = EDGE_LOOP('',(#5329));
#5329 = ORIENTED_EDGE('',*,*,#5088,.T.);
#5330 = FACE_BOUND('',#5331,.T.);
#5331 = EDGE_LOOP('',(#5332));
#5332 = ORIENTED_EDGE('',*,*,#5333,.T.);
#5333 = EDGE_CURVE('',#5334,#5334,#5336,.T.);
#5334 = VERTEX_POINT('',#5335);
#5335 = CARTESIAN_POINT('',(-15.7,-10.3,14.9));
#5336 = CIRCLE('',#5337,1.2);
#5337 = AXIS2_PLACEMENT_3D('',#5338,#5339,#5340);
#5338 = CARTESIAN_POINT('',(-15.7,-10.3,16.1));
#5339 = DIRECTION('',(-1.,-0.,-2.22044604925E-16));
#5340 = DIRECTION('',(2.22044604925E-16,0.,-1.));
#5341 = PLANE('',#5342);
#5342 = AXIS2_PLACEMENT_3D('',#5343,#5344,#5345);
#5343 = CARTESIAN_POINT('',(-15.7,-10.3,16.1));
#5344 = DIRECTION('',(1.,0.,2.22044604925E-16));
#5345 = DIRECTION('',(2.22044604925E-16,0.,-1.));
#5346 = ADVANCED_FACE('',(#5347,#5350),#5361,.T.);
#5347 = FACE_BOUND('',#5348,.T.);
#5348 = EDGE_LOOP('',(#5349));
#5349 = ORIENTED_EDGE('',*,*,#5113,.T.);
#5350 = FACE_BOUND('',#5351,.T.);
#5351 = EDGE_LOOP('',(#5352));
#5352 = ORIENTED_EDGE('',*,*,#5353,.T.);
#5353 = EDGE_CURVE('',#5354,#5354,#5356,.T.);
#5354 = VERTEX_POINT('',#5355);
#5355 = CARTESIAN_POINT('',(-15.7,-10.3,30.9));
#5356 = CIRCLE('',#5357,1.2);
#5357 = AXIS2_PLACEMENT_3D('',#5358,#5359,#5360);
#5358 = CARTESIAN_POINT('',(-15.7,-10.3,32.1));
#5359 = DIRECTION('',(-1.,-0.,-2.22044604925E-16));
#5360 = DIRECTION('',(2.22044604925E-16,0.,-1.));
#5361 = PLANE('',#5362);
#5362 = AXIS2_PLACEMENT_3D('',#5363,#5364,#5365);
#5363 = CARTESIAN_POINT('',(-15.7,-10.3,32.1));
#5364 = DIRECTION('',(1.,0.,2.22044604925E-16));
#5365 = DIRECTION('',(2.22044604925E-16,0.,-1.));
#5366 = ADVANCED_FACE('',(#5367),#5378,.F.);
#5367 = FACE_BOUND('',#5368,.T.);
#5368 = EDGE_LOOP('',(#5369,#5370,#5376,#5377));
#5369 = ORIENTED_EDGE('',*,*,#5206,.T.);
#5370 = ORIENTED_EDGE('',*,*,#5371,.T.);
#5371 = EDGE_CURVE('',#5207,#5274,#5372,.T.);
#5372 = LINE('',#5373,#5374);
#5373 = CARTESIAN_POINT('',(-17.6,5.7,14.9));
#5374 = VECTOR('',#5375,1.);
#5375 = DIRECTION('',(1.,0.,2.22044604925E-16));
#5376 = ORIENTED_EDGE('',*,*,#5273,.F.);
#5377 = ORIENTED_EDGE('',*,*,#5371,.F.);
#5378 = CYLINDRICAL_SURFACE('',#5379,1.2);
#5379 = AXIS2_PLACEMENT_3D('',#5380,#5381,#5382);
#5380 = CARTESIAN_POINT('',(-17.6,5.7,16.1));
#5381 = DIRECTION('',(-1.,-0.,-2.22044604925E-16));
#5382 = DIRECTION('',(2.22044604925E-16,0.,-1.));
#5383 = ADVANCED_FACE('',(#5384),#5395,.F.);
#5384 = FACE_BOUND('',#5385,.T.);
#5385 = EDGE_LOOP('',(#5386,#5387,#5393,#5394));
#5386 = ORIENTED_EDGE('',*,*,#5217,.T.);
#5387 = ORIENTED_EDGE('',*,*,#5388,.T.);
#5388 = EDGE_CURVE('',#5218,#5294,#5389,.T.);
#5389 = LINE('',#5390,#5391);
#5390 = CARTESIAN_POINT('',(-17.6,5.7,30.9));
#5391 = VECTOR('',#5392,1.);
#5392 = DIRECTION('',(1.,0.,2.22044604925E-16));
#5393 = ORIENTED_EDGE('',*,*,#5293,.F.);
#5394 = ORIENTED_EDGE('',*,*,#5388,.F.);
#5395 = CYLINDRICAL_SURFACE('',#5396,1.2);
#5396 = AXIS2_PLACEMENT_3D('',#5397,#5398,#5399);
#5397 = CARTESIAN_POINT('',(-17.6,5.7,32.1));
#5398 = DIRECTION('',(-1.,-0.,-2.22044604925E-16));
#5399 = DIRECTION('',(2.22044604925E-16,0.,-1.));
#5400 = ADVANCED_FACE('',(#5401),#5412,.F.);
#5401 = FACE_BOUND('',#5402,.T.);
#5402 = EDGE_LOOP('',(#5403,#5404,#5410,#5411));
#5403 = ORIENTED_EDGE('',*,*,#5228,.T.);
#5404 = ORIENTED_EDGE('',*,*,#5405,.T.);
#5405 = EDGE_CURVE('',#5229,#5334,#5406,.T.);
#5406 = LINE('',#5407,#5408);
#5407 = CARTESIAN_POINT('',(-17.6,-10.3,14.9));
#5408 = VECTOR('',#5409,1.);
#5409 = DIRECTION('',(1.,0.,2.22044604925E-16));
#5410 = ORIENTED_EDGE('',*,*,#5333,.F.);
#5411 = ORIENTED_EDGE('',*,*,#5405,.F.);
#5412 = CYLINDRICAL_SURFACE('',#5413,1.2);
#5413 = AXIS2_PLACEMENT_3D('',#5414,#5415,#5416);
#5414 = CARTESIAN_POINT('',(-17.6,-10.3,16.1));
#5415 = DIRECTION('',(-1.,-0.,-2.22044604925E-16));
#5416 = DIRECTION('',(2.22044604925E-16,0.,-1.));
#5417 = ADVANCED_FACE('',(#5418),#5429,.F.);
#5418 = FACE_BOUND('',#5419,.T.);
#5419 = EDGE_LOOP('',(#5420,#5421,#5427,#5428));
#5420 = ORIENTED_EDGE('',*,*,#5242,.T.);
#5421 = ORIENTED_EDGE('',*,*,#5422,.T.);
#5422 = EDGE_CURVE('',#5243,#5311,#5423,.T.);
#5423 = LINE('',#5424,#5425);
#5424 = CARTESIAN_POINT('',(-17.6,-2.3,16.35));
#5425 = VECTOR('',#5426,1.);
#5426 = DIRECTION('',(1.,0.,2.22044604925E-16));
#5427 = ORIENTED_EDGE('',*,*,#5310,.T.);
#5428 = ORIENTED_EDGE('',*,*,#5422,.F.);
#5429 = CYLINDRICAL_SURFACE('',#5430,7.75);
#5430 = AXIS2_PLACEMENT_3D('',#5431,#5432,#5433);
#5431 = CARTESIAN_POINT('',(-17.6,-2.3,24.1));
#5432 = DIRECTION('',(-1.,-0.,-2.22044604925E-16));
#5433 = DIRECTION('',(2.22044604925E-16,0.,-1.));
#5434 = ADVANCED_FACE('',(#5435),#5446,.F.);
#5435 = FACE_BOUND('',#5436,.T.);
#5436 = EDGE_LOOP('',(#5437,#5438,#5444,#5445));
#5437 = ORIENTED_EDGE('',*,*,#5253,.T.);
#5438 = ORIENTED_EDGE('',*,*,#5439,.T.);
#5439 = EDGE_CURVE('',#5254,#5354,#5440,.T.);
#5440 = LINE('',#5441,#5442);
#5441 = CARTESIAN_POINT('',(-17.6,-10.3,30.9));
#5442 = VECTOR('',#5443,1.);
#5443 = DIRECTION('',(1.,0.,2.22044604925E-16));
#5444 = ORIENTED_EDGE('',*,*,#5353,.F.);
#5445 = ORIENTED_EDGE('',*,*,#5439,.F.);
#5446 = CYLINDRICAL_SURFACE('',#5447,1.2);
#5447 = AXIS2_PLACEMENT_3D('',#5448,#5449,#5450);
#5448 = CARTESIAN_POINT('',(-17.6,-10.3,32.1));
#5449 = DIRECTION('',(-1.,-0.,-2.22044604925E-16));
#5450 = DIRECTION('',(2.22044604925E-16,0.,-1.));
#5451 = ( GEOMETRIC_REPRESENTATION_CONTEXT(3) 
GLOBAL_UNCERTAINTY_ASSIGNED_CONTEXT((#5455)) 
GLOBAL_UNIT_ASSIGNED_CONTEXT((#5452,#5453,#5454)) REPRESENTATION_CONTEXT
('Context #1','3D Context with UNIT and UNCERTAINTY') );
#5452 = ( LENGTH_UNIT() NAMED_UNIT(*) SI_UNIT(.MILLI.,.METRE.) );
#5453 = ( NAMED_UNIT(*) PLANE_ANGLE_UNIT() SI_UNIT($,.RADIAN.) );
#5454 = ( NAMED_UNIT(*) SI_UNIT($,.STERADIAN.) SOLID_ANGLE_UNIT() );
#5455 = UNCERTAINTY_MEASURE_WITH_UNIT(LENGTH_MEASURE(5.E-05),#5452,
  'distance_accuracy_value','confusion accuracy');
#5456 = CONTEXT_DEPENDENT_SHAPE_REPRESENTATION(#5457,#5459);
#5457 = ( REPRESENTATION_RELATIONSHIP('','',#4416,#10) 
REPRESENTATION_RELATIONSHIP_WITH_TRANSFORMATION(#5458) 
SHAPE_REPRESENTATION_RELATIONSHIP() );
#5458 = ITEM_DEFINED_TRANSFORMATION('','',#11,#19);
#5459 = PRODUCT_DEFINITION_SHAPE('Placement','Placement of an item',
  #5460);
#5460 = NEXT_ASSEMBLY_USAGE_OCCURRENCE('2',
  'Lid with motor mount (printed)','',#5,#4411,$);
#5461 = PRODUCT_RELATED_PRODUCT_CATEGORY('part',$,(#4413));
#5462 = SHAPE_DEFINITION_REPRESENTATION(#5463,#5469);
#5463 = PRODUCT_DEFINITION_SHAPE('','',#5464);
#5464 = PRODUCT_DEFINITION('design','',#5465,#5468);
#5465 = PRODUCT_DEFINITION_FORMATION('','',#5466);
#5466 = PRODUCT('Mirror clamp (printed)','Mirror clamp (printed)','',(
    #5467));
#5467 = PRODUCT_CONTEXT('',#2,'mechanical');
#5468 = PRODUCT_DEFINITION_CONTEXT('part definition',#2,'design');
#5469 = ADVANCED_BREP_SHAPE_REPRESENTATION('',(#11,#5470),#6922);
#5470 = MANIFOLD_SOLID_BREP('',#5471);
#5471 = CLOSED_SHELL('',(#5472,#5562,#5658,#5682,#5889,#5939,#5970,#5994
    ,#6018,#6042,#6066,#6083,#6105,#6133,#6150,#6173,#6197,#6349,#6366,
    #6389,#6445,#6469,#6493,#6510,#6527,#6544,#6561,#6578,#6595,#6612,
    #6629,#6641,#6658,#6675,#6692,#6709,#6726,#6743,#6760,#6772,#6797,
    #6822,#6839,#6864,#6876,#6901,#6913));
#5472 = ADVANCED_FACE('',(#5473,#5507),#5557,.F.);
#5473 = FACE_BOUND('',#5474,.F.);
#5474 = EDGE_LOOP('',(#5475,#5485,#5493,#5501));
#5475 = ORIENTED_EDGE('',*,*,#5476,.F.);
#5476 = EDGE_CURVE('',#5477,#5479,#5481,.T.);
#5477 = VERTEX_POINT('',#5478);
#5478 = CARTESIAN_POINT('',(-13.,-4.774873734153,14.554058453982));
#5479 = VERTEX_POINT('',#5480);
#5480 = CARTESIAN_POINT('',(-13.,2.720458146424,22.049390334559));
#5481 = LINE('',#5482,#5483);
#5482 = CARTESIAN_POINT('',(-13.,-4.774873734153,14.554058453982));
#5483 = VECTOR('',#5484,1.);
#5484 = DIRECTION('',(-1.238144307851E-16,0.707106781187,0.707106781187)
  );
#5485 = ORIENTED_EDGE('',*,*,#5486,.T.);
#5486 = EDGE_CURVE('',#5477,#5487,#5489,.T.);
#5487 = VERTEX_POINT('',#5488);
#5488 = CARTESIAN_POINT('',(-4.,-4.774873734153,14.554058453982));
#5489 = LINE('',#5490,#5491);
#5490 = CARTESIAN_POINT('',(-13.,-4.774873734153,14.554058453982));
#5491 = VECTOR('',#5492,1.);
#5492 = DIRECTION('',(1.,8.132803500968E-17,9.377201222413E-17));
#5493 = ORIENTED_EDGE('',*,*,#5494,.T.);
#5494 = EDGE_CURVE('',#5487,#5495,#5497,.T.);
#5495 = VERTEX_POINT('',#5496);
#5496 = CARTESIAN_POINT('',(-4.,2.720458146424,22.049390334559));
#5497 = LINE('',#5498,#5499);
#5498 = CARTESIAN_POINT('',(-4.,-4.774873734153,14.554058453982));
#5499 = VECTOR('',#5500,1.);
#5500 = DIRECTION('',(-1.238144307851E-16,0.707106781187,0.707106781187)
  );
#5501 = ORIENTED_EDGE('',*,*,#5502,.T.);
#5502 = EDGE_CURVE('',#5495,#5479,#5503,.T.);
#5503 = LINE('',#5504,#5505);
#5504 = CARTESIAN_POINT('',(-13.,2.720458146424,22.049390334559));
#5505 = VECTOR('',#5506,1.);
#5506 = DIRECTION('',(-1.,-8.132803500968E-17,-9.377201222413E-17));
#5507 = FACE_BOUND('',#5508,.F.);
#5508 = EDGE_LOOP('',(#5509,#5519,#5527,#5535,#5543,#5551));
#5509 = ORIENTED_EDGE('',*,*,#5510,.T.);
#5510 = EDGE_CURVE('',#5511,#5513,#5515,.T.);
#5511 = VERTEX_POINT('',#5512);
#5512 = CARTESIAN_POINT('',(-11.065,-0.614353179726,18.714579008408));
#5513 = VERTEX_POINT('',#5514);
#5514 = CARTESIAN_POINT('',(-7.735,-0.614353179726,18.714579008408));
#5515 = LINE('',#5516,#5517);
#5516 = CARTESIAN_POINT('',(-10.3675,-0.614353179726,18.714579008408));
#5517 = VECTOR('',#5518,1.);
#5518 = DIRECTION('',(1.,-1.297181235871E-17,-5.278351442665E-19));
#5519 = ORIENTED_EDGE('',*,*,#5520,.T.);
#5520 = EDGE_CURVE('',#5513,#5521,#5523,.T.);
#5521 = VERTEX_POINT('',#5522);
#5522 = CARTESIAN_POINT('',(-6.07,-2.653553390593,16.675378797541));
#5523 = LINE('',#5524,#5525);
#5524 = CARTESIAN_POINT('',(-6.286730947162,-2.388113274585,
    16.940818913549));
#5525 = VECTOR('',#5526,1.);
#5526 = DIRECTION('',(0.5,-0.612372435696,-0.612372435696));
#5527 = ORIENTED_EDGE('',*,*,#5528,.T.);
#5528 = EDGE_CURVE('',#5521,#5529,#5531,.T.);
#5529 = VERTEX_POINT('',#5530);
#5530 = CARTESIAN_POINT('',(-7.735,-4.69275360146,14.636178586674));
#5531 = LINE('',#5532,#5533);
#5532 = CARTESIAN_POINT('',(-8.418269052838,-5.529583869705,
    13.79934831843));
#5533 = VECTOR('',#5534,1.);
#5534 = DIRECTION('',(-0.5,-0.612372435696,-0.612372435696));
#5535 = ORIENTED_EDGE('',*,*,#5536,.T.);
#5536 = EDGE_CURVE('',#5529,#5537,#5539,.T.);
#5537 = VERTEX_POINT('',#5538);
#5538 = CARTESIAN_POINT('',(-11.065,-4.69275360146,14.636178586674));
#5539 = LINE('',#5540,#5541);
#5540 = CARTESIAN_POINT('',(-12.0325,-4.69275360146,14.636178586674));
#5541 = VECTOR('',#5542,1.);
#5542 = DIRECTION('',(-1.,2.015715070955E-16,1.891275298811E-16));
#5543 = ORIENTED_EDGE('',*,*,#5544,.T.);
#5544 = EDGE_CURVE('',#5537,#5545,#5547,.T.);
#5545 = VERTEX_POINT('',#5546);
#5546 = CARTESIAN_POINT('',(-12.73,-2.653553390593,16.675378797541));
#5547 = LINE('',#5548,#5549);
#5548 = CARTESIAN_POINT('',(-12.11423094716,-3.407713380019,
    15.921218808116));
#5549 = VECTOR('',#5550,1.);
#5550 = DIRECTION('',(-0.5,0.612372435696,0.612372435696));
#5551 = ORIENTED_EDGE('',*,*,#5552,.T.);
#5552 = EDGE_CURVE('',#5545,#5511,#5553,.T.);
#5553 = LINE('',#5554,#5555);
#5554 = CARTESIAN_POINT('',(-12.58076905283,-2.470783553404,
    16.85814863473));
#5555 = VECTOR('',#5556,1.);
#5556 = DIRECTION('',(0.5,0.612372435696,0.612372435696));
#5557 = PLANE('',#5558);
#5558 = AXIS2_PLACEMENT_3D('',#5559,#5560,#5561);
#5559 = CARTESIAN_POINT('',(-13.,-4.774873734153,14.554058453982));
#5560 = DIRECTION('',(-8.799220673267E-18,-0.707106781187,0.707106781187
    ));
#5561 = DIRECTION('',(1.,8.132803500968E-17,9.377201222413E-17));
#5562 = ADVANCED_FACE('',(#5563),#5653,.T.);
#5563 = FACE_BOUND('',#5564,.T.);
#5564 = EDGE_LOOP('',(#5565,#5575,#5583,#5591,#5599,#5607,#5615,#5621,
    #5622,#5630,#5638,#5647));
#5565 = ORIENTED_EDGE('',*,*,#5566,.T.);
#5566 = EDGE_CURVE('',#5567,#5569,#5571,.T.);
#5567 = VERTEX_POINT('',#5568);
#5568 = CARTESIAN_POINT('',(-13.,-8.734671708798,18.513856428626));
#5569 = VERTEX_POINT('',#5570);
#5570 = CARTESIAN_POINT('',(-13.,-11.84594154601,21.625126265847));
#5571 = LINE('',#5572,#5573);
#5572 = CARTESIAN_POINT('',(-13.,-4.774873734153,14.554058453982));
#5573 = VECTOR('',#5574,1.);
#5574 = DIRECTION('',(-8.799220673267E-18,-0.707106781187,0.707106781187
    ));
#5575 = ORIENTED_EDGE('',*,*,#5576,.T.);
#5576 = EDGE_CURVE('',#5569,#5577,#5579,.T.);
#5577 = VERTEX_POINT('',#5578);
#5578 = CARTESIAN_POINT('',(-13.,-4.350609665441,29.120458146424));
#5579 = LINE('',#5580,#5581);
#5580 = CARTESIAN_POINT('',(-13.,-11.84594154601,21.625126265847));
#5581 = VECTOR('',#5582,1.);
#5582 = DIRECTION('',(-1.238144307851E-16,0.707106781187,0.707106781187)
  );
#5583 = ORIENTED_EDGE('',*,*,#5584,.T.);
#5584 = EDGE_CURVE('',#5577,#5585,#5587,.T.);
#5585 = VERTEX_POINT('',#5586);
#5586 = CARTESIAN_POINT('',(-13.,-6.825483399594,31.595331880577));
#5587 = LINE('',#5588,#5589);
#5588 = CARTESIAN_POINT('',(-13.,5.195331880577,19.574516600406));
#5589 = VECTOR('',#5590,1.);
#5590 = DIRECTION('',(-8.799220673267E-18,-0.707106781187,0.707106781187
    ));
#5591 = ORIENTED_EDGE('',*,*,#5592,.T.);
#5592 = EDGE_CURVE('',#5585,#5593,#5595,.T.);
#5593 = VERTEX_POINT('',#5594);
#5594 = CARTESIAN_POINT('',(-13.,-5.411269837221,33.00954544295));
#5595 = LINE('',#5596,#5597);
#5596 = CARTESIAN_POINT('',(-13.,-6.825483399594,31.595331880577));
#5597 = VECTOR('',#5598,1.);
#5598 = DIRECTION('',(-1.238144307851E-16,0.707106781187,0.707106781187)
  );
#5599 = ORIENTED_EDGE('',*,*,#5600,.F.);
#5600 = EDGE_CURVE('',#5601,#5593,#5603,.T.);
#5601 = VERTEX_POINT('',#5602);
#5602 = CARTESIAN_POINT('',(-13.,6.60954544295,20.988730162779));
#5603 = LINE('',#5604,#5605);
#5604 = CARTESIAN_POINT('',(-13.,6.60954544295,20.988730162779));
#5605 = VECTOR('',#5606,1.);
#5606 = DIRECTION('',(-8.799220673267E-18,-0.707106781187,0.707106781187
    ));
#5607 = ORIENTED_EDGE('',*,*,#5608,.F.);
#5608 = EDGE_CURVE('',#5609,#5601,#5611,.T.);
#5609 = VERTEX_POINT('',#5610);
#5610 = CARTESIAN_POINT('',(-13.,5.195331880577,19.574516600406));
#5611 = LINE('',#5612,#5613);
#5612 = CARTESIAN_POINT('',(-13.,5.195331880577,19.574516600406));
#5613 = VECTOR('',#5614,1.);
#5614 = DIRECTION('',(-1.238144307851E-16,0.707106781187,0.707106781187)
  );
#5615 = ORIENTED_EDGE('',*,*,#5616,.T.);
#5616 = EDGE_CURVE('',#5609,#5479,#5617,.T.);
#5617 = LINE('',#5618,#5619);
#5618 = CARTESIAN_POINT('',(-13.,5.195331880577,19.574516600406));
#5619 = VECTOR('',#5620,1.);
#5620 = DIRECTION('',(-8.799220673267E-18,-0.707106781187,0.707106781187
    ));
#5621 = ORIENTED_EDGE('',*,*,#5476,.F.);
#5622 = ORIENTED_EDGE('',*,*,#5623,.T.);
#5623 = EDGE_CURVE('',#5477,#5624,#5626,.T.);
#5624 = VERTEX_POINT('',#5625);
#5625 = CARTESIAN_POINT('',(-13.,-7.886143571374,17.665328291202));
#5626 = LINE('',#5627,#5628);
#5627 = CARTESIAN_POINT('',(-13.,-4.774873734153,14.554058453982));
#5628 = VECTOR('',#5629,1.);
#5629 = DIRECTION('',(-8.799220673267E-18,-0.707106781187,0.707106781187
    ));
#5630 = ORIENTED_EDGE('',*,*,#5631,.T.);
#5631 = EDGE_CURVE('',#5624,#5632,#5634,.T.);
#5632 = VERTEX_POINT('',#5633);
#5633 = CARTESIAN_POINT('',(-13.,-3.261827558851,22.289644303725));
#5634 = LINE('',#5635,#5636);
#5635 = CARTESIAN_POINT('',(-13.,-5.392397730561,20.159074132015));
#5636 = VECTOR('',#5637,1.);
#5637 = DIRECTION('',(-1.238144307851E-16,0.707106781187,0.707106781187)
  );
#5638 = ORIENTED_EDGE('',*,*,#5639,.F.);
#5639 = EDGE_CURVE('',#5640,#5632,#5642,.T.);
#5640 = VERTEX_POINT('',#5641);
#5641 = CARTESIAN_POINT('',(-13.,-4.110355696275,23.138172441149));
#5642 = CIRCLE('',#5643,2.05);
#5643 = AXIS2_PLACEMENT_3D('',#5644,#5645,#5646);
#5644 = CARTESIAN_POINT('',(-13.,-2.3,24.1));
#5645 = DIRECTION('',(-1.,7.56812108587E-17,-2.507812580925E-16));
#5646 = DIRECTION('',(2.308438255983E-16,0.707106781187,-0.707106781187)
  );
#5647 = ORIENTED_EDGE('',*,*,#5648,.F.);
#5648 = EDGE_CURVE('',#5567,#5640,#5649,.T.);
#5649 = LINE('',#5650,#5651);
#5650 = CARTESIAN_POINT('',(-13.,-6.240925867985,21.007602269439));
#5651 = VECTOR('',#5652,1.);
#5652 = DIRECTION('',(-1.238144307851E-16,0.707106781187,0.707106781187)
  );
#5653 = PLANE('',#5654);
#5654 = AXIS2_PLACEMENT_3D('',#5655,#5656,#5657);
#5655 = CARTESIAN_POINT('',(-13.,-2.969362567866,23.430637432134));
#5656 = DIRECTION('',(-1.,-8.132803500968E-17,-9.377201222413E-17));
#5657 = DIRECTION('',(8.799220673267E-18,0.707106781187,-0.707106781187)
  );
#5658 = ADVANCED_FACE('',(#5659),#5677,.F.);
#5659 = FACE_BOUND('',#5660,.F.);
#5660 = EDGE_LOOP('',(#5661,#5669,#5670,#5671));
#5661 = ORIENTED_EDGE('',*,*,#5662,.F.);
#5662 = EDGE_CURVE('',#5487,#5663,#5665,.T.);
#5663 = VERTEX_POINT('',#5664);
#5664 = CARTESIAN_POINT('',(-4.,-7.886143571374,17.665328291202));
#5665 = LINE('',#5666,#5667);
#5666 = CARTESIAN_POINT('',(-4.,-4.774873734153,14.554058453982));
#5667 = VECTOR('',#5668,1.);
#5668 = DIRECTION('',(-8.799220673267E-18,-0.707106781187,0.707106781187
    ));
#5669 = ORIENTED_EDGE('',*,*,#5486,.F.);
#5670 = ORIENTED_EDGE('',*,*,#5623,.T.);
#5671 = ORIENTED_EDGE('',*,*,#5672,.T.);
#5672 = EDGE_CURVE('',#5624,#5663,#5673,.T.);
#5673 = LINE('',#5674,#5675);
#5674 = CARTESIAN_POINT('',(-13.5,-7.886143571374,17.665328291202));
#5675 = VECTOR('',#5676,1.);
#5676 = DIRECTION('',(1.,8.132803500968E-17,9.377201222413E-17));
#5677 = PLANE('',#5678);
#5678 = AXIS2_PLACEMENT_3D('',#5679,#5680,#5681);
#5679 = CARTESIAN_POINT('',(-13.,-4.774873734153,14.554058453982));
#5680 = DIRECTION('',(-1.238144307851E-16,0.707106781187,0.707106781187)
  );
#5681 = DIRECTION('',(-8.799220673267E-18,-0.707106781187,0.707106781187
    ));
#5682 = ADVANCED_FACE('',(#5683),#5884,.F.);
#5683 = FACE_BOUND('',#5684,.F.);
#5684 = EDGE_LOOP('',(#5685,#5695,#5703,#5711,#5719,#5727,#5735,#5743,
    #5751,#5759,#5765,#5766,#5767,#5775,#5781,#5782,#5790,#5798,#5806,
    #5814,#5822,#5830,#5838,#5846,#5854,#5862,#5870,#5878));
#5685 = ORIENTED_EDGE('',*,*,#5686,.F.);
#5686 = EDGE_CURVE('',#5687,#5689,#5691,.T.);
#5687 = VERTEX_POINT('',#5688);
#5688 = CARTESIAN_POINT('',(12.5,5.195331880577,19.574516600406));
#5689 = VERTEX_POINT('',#5690);
#5690 = CARTESIAN_POINT('',(12.5,1.659797974645,23.110050506339));
#5691 = LINE('',#5692,#5693);
#5692 = CARTESIAN_POINT('',(12.5,5.195331880577,19.574516600406));
#5693 = VECTOR('',#5694,1.);
#5694 = DIRECTION('',(-8.799220673267E-18,-0.707106781187,0.707106781187
    ));
#5695 = ORIENTED_EDGE('',*,*,#5696,.F.);
#5696 = EDGE_CURVE('',#5697,#5687,#5699,.T.);
#5697 = VERTEX_POINT('',#5698);
#5698 = CARTESIAN_POINT('',(10.3,5.195331880577,19.574516600406));
#5699 = LINE('',#5700,#5701);
#5700 = CARTESIAN_POINT('',(-13.,5.195331880577,19.574516600406));
#5701 = VECTOR('',#5702,1.);
#5702 = DIRECTION('',(1.,8.132803500968E-17,9.377201222413E-17));
#5703 = ORIENTED_EDGE('',*,*,#5704,.F.);
#5704 = EDGE_CURVE('',#5705,#5697,#5707,.T.);
#5705 = VERTEX_POINT('',#5706);
#5706 = CARTESIAN_POINT('',(10.3,4.771067811865,19.998780669118));
#5707 = LINE('',#5708,#5709);
#5708 = CARTESIAN_POINT('',(10.3,5.407463914933,19.36238456605));
#5709 = VECTOR('',#5710,1.);
#5710 = DIRECTION('',(8.799220673267E-18,0.707106781187,-0.707106781187)
  );
#5711 = ORIENTED_EDGE('',*,*,#5712,.F.);
#5712 = EDGE_CURVE('',#5713,#5705,#5715,.T.);
#5713 = VERTEX_POINT('',#5714);
#5714 = CARTESIAN_POINT('',(9.7,4.771067811865,19.998780669118));
#5715 = LINE('',#5716,#5717);
#5716 = CARTESIAN_POINT('',(-1.65,4.771067811865,19.998780669118));
#5717 = VECTOR('',#5718,1.);
#5718 = DIRECTION('',(1.,8.132803500968E-17,9.377201222413E-17));
#5719 = ORIENTED_EDGE('',*,*,#5720,.T.);
#5720 = EDGE_CURVE('',#5713,#5721,#5723,.T.);
#5721 = VERTEX_POINT('',#5722);
#5722 = CARTESIAN_POINT('',(9.7,5.195331880577,19.574516600406));
#5723 = LINE('',#5724,#5725);
#5724 = CARTESIAN_POINT('',(9.7,5.407463914933,19.36238456605));
#5725 = VECTOR('',#5726,1.);
#5726 = DIRECTION('',(8.799220673267E-18,0.707106781187,-0.707106781187)
  );
#5727 = ORIENTED_EDGE('',*,*,#5728,.F.);
#5728 = EDGE_CURVE('',#5729,#5721,#5731,.T.);
#5729 = VERTEX_POINT('',#5730);
#5730 = CARTESIAN_POINT('',(-9.7,5.195331880577,19.574516600406));
#5731 = LINE('',#5732,#5733);
#5732 = CARTESIAN_POINT('',(-13.,5.195331880577,19.574516600406));
#5733 = VECTOR('',#5734,1.);
#5734 = DIRECTION('',(1.,8.132803500968E-17,9.377201222413E-17));
#5735 = ORIENTED_EDGE('',*,*,#5736,.F.);
#5736 = EDGE_CURVE('',#5737,#5729,#5739,.T.);
#5737 = VERTEX_POINT('',#5738);
#5738 = CARTESIAN_POINT('',(-9.7,4.771067811865,19.998780669118));
#5739 = LINE('',#5740,#5741);
#5740 = CARTESIAN_POINT('',(-9.7,5.407463914933,19.36238456605));
#5741 = VECTOR('',#5742,1.);
#5742 = DIRECTION('',(8.799220673267E-18,0.707106781187,-0.707106781187)
  );
#5743 = ORIENTED_EDGE('',*,*,#5744,.F.);
#5744 = EDGE_CURVE('',#5745,#5737,#5747,.T.);
#5745 = VERTEX_POINT('',#5746);
#5746 = CARTESIAN_POINT('',(-10.3,4.771067811865,19.998780669118));
#5747 = LINE('',#5748,#5749);
#5748 = CARTESIAN_POINT('',(-11.65,4.771067811865,19.998780669118));
#5749 = VECTOR('',#5750,1.);
#5750 = DIRECTION('',(1.,8.132803500968E-17,9.377201222413E-17));
#5751 = ORIENTED_EDGE('',*,*,#5752,.T.);
#5752 = EDGE_CURVE('',#5745,#5753,#5755,.T.);
#5753 = VERTEX_POINT('',#5754);
#5754 = CARTESIAN_POINT('',(-10.3,5.195331880577,19.574516600406));
#5755 = LINE('',#5756,#5757);
#5756 = CARTESIAN_POINT('',(-10.3,5.407463914933,19.36238456605));
#5757 = VECTOR('',#5758,1.);
#5758 = DIRECTION('',(8.799220673267E-18,0.707106781187,-0.707106781187)
  );
#5759 = ORIENTED_EDGE('',*,*,#5760,.F.);
#5760 = EDGE_CURVE('',#5609,#5753,#5761,.T.);
#5761 = LINE('',#5762,#5763);
#5762 = CARTESIAN_POINT('',(-13.,5.195331880577,19.574516600406));
#5763 = VECTOR('',#5764,1.);
#5764 = DIRECTION('',(1.,8.132803500968E-17,9.377201222413E-17));
#5765 = ORIENTED_EDGE('',*,*,#5616,.T.);
#5766 = ORIENTED_EDGE('',*,*,#5502,.F.);
#5767 = ORIENTED_EDGE('',*,*,#5768,.T.);
#5768 = EDGE_CURVE('',#5495,#5769,#5771,.T.);
#5769 = VERTEX_POINT('',#5770);
#5770 = CARTESIAN_POINT('',(-4.,-4.350609665441,29.120458146424));
#5771 = LINE('',#5772,#5773);
#5772 = CARTESIAN_POINT('',(-4.,3.957895013501,20.811953467483));
#5773 = VECTOR('',#5774,1.);
#5774 = DIRECTION('',(-8.799220673267E-18,-0.707106781187,0.707106781187
    ));
#5775 = ORIENTED_EDGE('',*,*,#5776,.T.);
#5776 = EDGE_CURVE('',#5769,#5577,#5777,.T.);
#5777 = LINE('',#5778,#5779);
#5778 = CARTESIAN_POINT('',(-13.,-4.350609665441,29.120458146424));
#5779 = VECTOR('',#5780,1.);
#5780 = DIRECTION('',(-1.,-8.132803500968E-17,-9.377201222413E-17));
#5781 = ORIENTED_EDGE('',*,*,#5584,.T.);
#5782 = ORIENTED_EDGE('',*,*,#5783,.T.);
#5783 = EDGE_CURVE('',#5585,#5784,#5786,.T.);
#5784 = VERTEX_POINT('',#5785);
#5785 = CARTESIAN_POINT('',(-10.3,-6.825483399594,31.595331880577));
#5786 = LINE('',#5787,#5788);
#5787 = CARTESIAN_POINT('',(-13.,-6.825483399594,31.595331880577));
#5788 = VECTOR('',#5789,1.);
#5789 = DIRECTION('',(1.,8.132803500968E-17,9.377201222413E-17));
#5790 = ORIENTED_EDGE('',*,*,#5791,.T.);
#5791 = EDGE_CURVE('',#5784,#5792,#5794,.T.);
#5792 = VERTEX_POINT('',#5793);
#5793 = CARTESIAN_POINT('',(-10.3,-6.401219330882,31.171067811865));
#5794 = LINE('',#5795,#5796);
#5795 = CARTESIAN_POINT('',(-10.3,-0.602943725152,25.372792206136));
#5796 = VECTOR('',#5797,1.);
#5797 = DIRECTION('',(8.799220673267E-18,0.707106781187,-0.707106781187)
  );
#5798 = ORIENTED_EDGE('',*,*,#5799,.T.);
#5799 = EDGE_CURVE('',#5792,#5800,#5802,.T.);
#5800 = VERTEX_POINT('',#5801);
#5801 = CARTESIAN_POINT('',(-9.7,-6.401219330882,31.171067811865));
#5802 = LINE('',#5803,#5804);
#5803 = CARTESIAN_POINT('',(-11.65,-6.401219330882,31.171067811865));
#5804 = VECTOR('',#5805,1.);
#5805 = DIRECTION('',(1.,8.132803500968E-17,9.377201222413E-17));
#5806 = ORIENTED_EDGE('',*,*,#5807,.F.);
#5807 = EDGE_CURVE('',#5808,#5800,#5810,.T.);
#5808 = VERTEX_POINT('',#5809);
#5809 = CARTESIAN_POINT('',(-9.7,-6.825483399594,31.595331880577));
#5810 = LINE('',#5811,#5812);
#5811 = CARTESIAN_POINT('',(-9.7,-0.602943725152,25.372792206136));
#5812 = VECTOR('',#5813,1.);
#5813 = DIRECTION('',(8.799220673267E-18,0.707106781187,-0.707106781187)
  );
#5814 = ORIENTED_EDGE('',*,*,#5815,.T.);
#5815 = EDGE_CURVE('',#5808,#5816,#5818,.T.);
#5816 = VERTEX_POINT('',#5817);
#5817 = CARTESIAN_POINT('',(9.7,-6.825483399594,31.595331880577));
#5818 = LINE('',#5819,#5820);
#5819 = CARTESIAN_POINT('',(-13.,-6.825483399594,31.595331880577));
#5820 = VECTOR('',#5821,1.);
#5821 = DIRECTION('',(1.,8.132803500968E-17,9.377201222413E-17));
#5822 = ORIENTED_EDGE('',*,*,#5823,.T.);
#5823 = EDGE_CURVE('',#5816,#5824,#5826,.T.);
#5824 = VERTEX_POINT('',#5825);
#5825 = CARTESIAN_POINT('',(9.7,-6.401219330882,31.171067811865));
#5826 = LINE('',#5827,#5828);
#5827 = CARTESIAN_POINT('',(9.7,-0.602943725152,25.372792206136));
#5828 = VECTOR('',#5829,1.);
#5829 = DIRECTION('',(8.799220673267E-18,0.707106781187,-0.707106781187)
  );
#5830 = ORIENTED_EDGE('',*,*,#5831,.T.);
#5831 = EDGE_CURVE('',#5824,#5832,#5834,.T.);
#5832 = VERTEX_POINT('',#5833);
#5833 = CARTESIAN_POINT('',(10.3,-6.401219330882,31.171067811865));
#5834 = LINE('',#5835,#5836);
#5835 = CARTESIAN_POINT('',(-1.65,-6.401219330882,31.171067811865));
#5836 = VECTOR('',#5837,1.);
#5837 = DIRECTION('',(1.,8.132803500968E-17,9.377201222413E-17));
#5838 = ORIENTED_EDGE('',*,*,#5839,.F.);
#5839 = EDGE_CURVE('',#5840,#5832,#5842,.T.);
#5840 = VERTEX_POINT('',#5841);
#5841 = CARTESIAN_POINT('',(10.3,-6.825483399594,31.595331880577));
#5842 = LINE('',#5843,#5844);
#5843 = CARTESIAN_POINT('',(10.3,-0.602943725152,25.372792206136));
#5844 = VECTOR('',#5845,1.);
#5845 = DIRECTION('',(8.799220673267E-18,0.707106781187,-0.707106781187)
  );
#5846 = ORIENTED_EDGE('',*,*,#5847,.T.);
#5847 = EDGE_CURVE('',#5840,#5848,#5850,.T.);
#5848 = VERTEX_POINT('',#5849);
#5849 = CARTESIAN_POINT('',(12.5,-6.825483399594,31.595331880577));
#5850 = LINE('',#5851,#5852);
#5851 = CARTESIAN_POINT('',(-13.,-6.825483399594,31.595331880577));
#5852 = VECTOR('',#5853,1.);
#5853 = DIRECTION('',(1.,8.132803500968E-17,9.377201222413E-17));
#5854 = ORIENTED_EDGE('',*,*,#5855,.F.);
#5855 = EDGE_CURVE('',#5856,#5848,#5858,.T.);
#5856 = VERTEX_POINT('',#5857);
#5857 = CARTESIAN_POINT('',(12.5,-3.289949493661,28.059797974645));
#5858 = LINE('',#5859,#5860);
#5859 = CARTESIAN_POINT('',(12.5,5.195331880577,19.574516600406));
#5860 = VECTOR('',#5861,1.);
#5861 = DIRECTION('',(-8.799220673267E-18,-0.707106781187,0.707106781187
    ));
#5862 = ORIENTED_EDGE('',*,*,#5863,.F.);
#5863 = EDGE_CURVE('',#5864,#5856,#5866,.T.);
#5864 = VERTEX_POINT('',#5865);
#5865 = CARTESIAN_POINT('',(9.5,-3.289949493661,28.059797974645));
#5866 = LINE('',#5867,#5868);
#5867 = CARTESIAN_POINT('',(9.5,-3.289949493661,28.059797974645));
#5868 = VECTOR('',#5869,1.);
#5869 = DIRECTION('',(1.,8.132803500968E-17,9.377201222413E-17));
#5870 = ORIENTED_EDGE('',*,*,#5871,.F.);
#5871 = EDGE_CURVE('',#5872,#5864,#5874,.T.);
#5872 = VERTEX_POINT('',#5873);
#5873 = CARTESIAN_POINT('',(9.5,1.659797974645,23.110050506339));
#5874 = LINE('',#5875,#5876);
#5875 = CARTESIAN_POINT('',(9.5,1.659797974645,23.110050506339));
#5876 = VECTOR('',#5877,1.);
#5877 = DIRECTION('',(-8.799220673267E-18,-0.707106781187,0.707106781187
    ));
#5878 = ORIENTED_EDGE('',*,*,#5879,.T.);
#5879 = EDGE_CURVE('',#5872,#5689,#5880,.T.);
#5880 = LINE('',#5881,#5882);
#5881 = CARTESIAN_POINT('',(9.5,1.659797974645,23.110050506339));
#5882 = VECTOR('',#5883,1.);
#5883 = DIRECTION('',(1.,8.132803500968E-17,9.377201222413E-17));
#5884 = PLANE('',#5885);
#5885 = AXIS2_PLACEMENT_3D('',#5886,#5887,#5888);
#5886 = CARTESIAN_POINT('',(-13.,5.195331880577,19.574516600406));
#5887 = DIRECTION('',(-1.238144307851E-16,0.707106781187,0.707106781187)
  );
#5888 = DIRECTION('',(-8.799220673267E-18,-0.707106781187,0.707106781187
    ));
#5889 = ADVANCED_FACE('',(#5890),#5934,.T.);
#5890 = FACE_BOUND('',#5891,.T.);
#5891 = EDGE_LOOP('',(#5892,#5900,#5908,#5916,#5925,#5931,#5932,#5933));
#5892 = ORIENTED_EDGE('',*,*,#5893,.F.);
#5893 = EDGE_CURVE('',#5894,#5769,#5896,.T.);
#5894 = VERTEX_POINT('',#5895);
#5895 = CARTESIAN_POINT('',(-4.,-11.84594154601,21.625126265847));
#5896 = LINE('',#5897,#5898);
#5897 = CARTESIAN_POINT('',(-4.,-11.84594154601,21.625126265847));
#5898 = VECTOR('',#5899,1.);
#5899 = DIRECTION('',(-1.238144307851E-16,0.707106781187,0.707106781187)
  );
#5900 = ORIENTED_EDGE('',*,*,#5901,.F.);
#5901 = EDGE_CURVE('',#5902,#5894,#5904,.T.);
#5902 = VERTEX_POINT('',#5903);
#5903 = CARTESIAN_POINT('',(-4.,-8.734671708798,18.513856428626));
#5904 = LINE('',#5905,#5906);
#5905 = CARTESIAN_POINT('',(-4.,-4.774873734153,14.554058453982));
#5906 = VECTOR('',#5907,1.);
#5907 = DIRECTION('',(-8.799220673267E-18,-0.707106781187,0.707106781187
    ));
#5908 = ORIENTED_EDGE('',*,*,#5909,.F.);
#5909 = EDGE_CURVE('',#5910,#5902,#5912,.T.);
#5910 = VERTEX_POINT('',#5911);
#5911 = CARTESIAN_POINT('',(-4.,-4.110355696275,23.138172441149));
#5912 = LINE('',#5913,#5914);
#5913 = CARTESIAN_POINT('',(-4.,-8.911448404094,18.33707973333));
#5914 = VECTOR('',#5915,1.);
#5915 = DIRECTION('',(1.238144307851E-16,-0.707106781187,-0.707106781187
    ));
#5916 = ORIENTED_EDGE('',*,*,#5917,.T.);
#5917 = EDGE_CURVE('',#5910,#5918,#5920,.T.);
#5918 = VERTEX_POINT('',#5919);
#5919 = CARTESIAN_POINT('',(-4.,-3.261827558851,22.289644303725));
#5920 = CIRCLE('',#5921,2.05);
#5921 = AXIS2_PLACEMENT_3D('',#5922,#5923,#5924);
#5922 = CARTESIAN_POINT('',(-4.,-2.3,24.1));
#5923 = DIRECTION('',(-1.,7.56812108587E-17,-2.507812580925E-16));
#5924 = DIRECTION('',(2.308438255983E-16,0.707106781187,-0.707106781187)
  );
#5925 = ORIENTED_EDGE('',*,*,#5926,.T.);
#5926 = EDGE_CURVE('',#5918,#5663,#5927,.T.);
#5927 = LINE('',#5928,#5929);
#5928 = CARTESIAN_POINT('',(-4.,-8.06292026667,17.488551595906));
#5929 = VECTOR('',#5930,1.);
#5930 = DIRECTION('',(1.238144307851E-16,-0.707106781187,-0.707106781187
    ));
#5931 = ORIENTED_EDGE('',*,*,#5662,.F.);
#5932 = ORIENTED_EDGE('',*,*,#5494,.T.);
#5933 = ORIENTED_EDGE('',*,*,#5768,.T.);
#5934 = PLANE('',#5935);
#5935 = AXIS2_PLACEMENT_3D('',#5936,#5937,#5938);
#5936 = CARTESIAN_POINT('',(-4.,-4.774873734153,14.554058453982));
#5937 = DIRECTION('',(1.,8.132803500968E-17,9.377201222413E-17));
#5938 = DIRECTION('',(-8.799220673267E-18,-0.707106781187,0.707106781187
    ));
#5939 = ADVANCED_FACE('',(#5940),#5965,.T.);
#5940 = FACE_BOUND('',#5941,.T.);
#5941 = EDGE_LOOP('',(#5942,#5943,#5951,#5959));
#5942 = ORIENTED_EDGE('',*,*,#5510,.T.);
#5943 = ORIENTED_EDGE('',*,*,#5944,.T.);
#5944 = EDGE_CURVE('',#5513,#5945,#5947,.T.);
#5945 = VERTEX_POINT('',#5946);
#5946 = CARTESIAN_POINT('',(-7.735,-2.382120132693,20.482345961375));
#5947 = LINE('',#5948,#5949);
#5948 = CARTESIAN_POINT('',(-7.735,-0.543642501608,18.64386833029));
#5949 = VECTOR('',#5950,1.);
#5950 = DIRECTION('',(-8.799220673267E-18,-0.707106781187,0.707106781187
    ));
#5951 = ORIENTED_EDGE('',*,*,#5952,.T.);
#5952 = EDGE_CURVE('',#5945,#5953,#5955,.T.);
#5953 = VERTEX_POINT('',#5954);
#5954 = CARTESIAN_POINT('',(-11.065,-2.382120132693,20.482345961375));
#5955 = LINE('',#5956,#5957);
#5956 = CARTESIAN_POINT('',(-7.735,-2.382120132693,20.482345961375));
#5957 = VECTOR('',#5958,1.);
#5958 = DIRECTION('',(-1.,1.297181235871E-17,5.278351442665E-19));
#5959 = ORIENTED_EDGE('',*,*,#5960,.F.);
#5960 = EDGE_CURVE('',#5511,#5953,#5961,.T.);
#5961 = LINE('',#5962,#5963);
#5962 = CARTESIAN_POINT('',(-11.065,-0.543642501608,18.64386833029));
#5963 = VECTOR('',#5964,1.);
#5964 = DIRECTION('',(-8.799220673267E-18,-0.707106781187,0.707106781187
    ));
#5965 = PLANE('',#5966);
#5966 = AXIS2_PLACEMENT_3D('',#5967,#5968,#5969);
#5967 = CARTESIAN_POINT('',(-7.735,-0.543642501608,18.64386833029));
#5968 = DIRECTION('',(-9.545692292986E-18,-0.707106781187,
    -0.707106781187));
#5969 = DIRECTION('',(-1.,1.297181235871E-17,5.278351442665E-19));
#5970 = ADVANCED_FACE('',(#5971),#5989,.T.);
#5971 = FACE_BOUND('',#5972,.T.);
#5972 = EDGE_LOOP('',(#5973,#5974,#5975,#5983));
#5973 = ORIENTED_EDGE('',*,*,#5552,.T.);
#5974 = ORIENTED_EDGE('',*,*,#5960,.T.);
#5975 = ORIENTED_EDGE('',*,*,#5976,.T.);
#5976 = EDGE_CURVE('',#5953,#5977,#5979,.T.);
#5977 = VERTEX_POINT('',#5978);
#5978 = CARTESIAN_POINT('',(-12.73,-4.42132034356,18.443145750508));
#5979 = LINE('',#5980,#5981);
#5980 = CARTESIAN_POINT('',(-11.065,-2.382120132693,20.482345961375));
#5981 = VECTOR('',#5982,1.);
#5982 = DIRECTION('',(-0.5,-0.612372435696,-0.612372435696));
#5983 = ORIENTED_EDGE('',*,*,#5984,.F.);
#5984 = EDGE_CURVE('',#5545,#5977,#5985,.T.);
#5985 = LINE('',#5986,#5987);
#5986 = CARTESIAN_POINT('',(-12.73,-2.582842712475,16.604668119423));
#5987 = VECTOR('',#5988,1.);
#5988 = DIRECTION('',(-8.799220673267E-18,-0.707106781187,0.707106781187
    ));
#5989 = PLANE('',#5990);
#5990 = AXIS2_PLACEMENT_3D('',#5991,#5992,#5993);
#5991 = CARTESIAN_POINT('',(-11.065,-0.543642501608,18.64386833029));
#5992 = DIRECTION('',(0.866025403784,-0.353553390593,-0.353553390593));
#5993 = DIRECTION('',(-0.5,-0.612372435696,-0.612372435696));
#5994 = ADVANCED_FACE('',(#5995),#6013,.T.);
#5995 = FACE_BOUND('',#5996,.T.);
#5996 = EDGE_LOOP('',(#5997,#5998,#5999,#6007));
#5997 = ORIENTED_EDGE('',*,*,#5544,.T.);
#5998 = ORIENTED_EDGE('',*,*,#5984,.T.);
#5999 = ORIENTED_EDGE('',*,*,#6000,.T.);
#6000 = EDGE_CURVE('',#5977,#6001,#6003,.T.);
#6001 = VERTEX_POINT('',#6002);
#6002 = CARTESIAN_POINT('',(-11.065,-6.460520554427,16.403945539641));
#6003 = LINE('',#6004,#6005);
#6004 = CARTESIAN_POINT('',(-12.73,-4.42132034356,18.443145750508));
#6005 = VECTOR('',#6006,1.);
#6006 = DIRECTION('',(0.5,-0.612372435696,-0.612372435696));
#6007 = ORIENTED_EDGE('',*,*,#6008,.F.);
#6008 = EDGE_CURVE('',#5537,#6001,#6009,.T.);
#6009 = LINE('',#6010,#6011);
#6010 = CARTESIAN_POINT('',(-11.065,-4.622042923342,14.565467908556));
#6011 = VECTOR('',#6012,1.);
#6012 = DIRECTION('',(-8.799220673267E-18,-0.707106781187,0.707106781187
    ));
#6013 = PLANE('',#6014);
#6014 = AXIS2_PLACEMENT_3D('',#6015,#6016,#6017);
#6015 = CARTESIAN_POINT('',(-12.73,-2.582842712475,16.604668119423));
#6016 = DIRECTION('',(0.866025403784,0.353553390593,0.353553390593));
#6017 = DIRECTION('',(0.5,-0.612372435696,-0.612372435696));
#6018 = ADVANCED_FACE('',(#6019),#6037,.T.);
#6019 = FACE_BOUND('',#6020,.T.);
#6020 = EDGE_LOOP('',(#6021,#6022,#6023,#6031));
#6021 = ORIENTED_EDGE('',*,*,#5536,.T.);
#6022 = ORIENTED_EDGE('',*,*,#6008,.T.);
#6023 = ORIENTED_EDGE('',*,*,#6024,.T.);
#6024 = EDGE_CURVE('',#6001,#6025,#6027,.T.);
#6025 = VERTEX_POINT('',#6026);
#6026 = CARTESIAN_POINT('',(-7.735,-6.460520554427,16.403945539641));
#6027 = LINE('',#6028,#6029);
#6028 = CARTESIAN_POINT('',(-11.065,-6.460520554427,16.403945539641));
#6029 = VECTOR('',#6030,1.);
#6030 = DIRECTION('',(1.,-2.015715070955E-16,-1.891275298811E-16));
#6031 = ORIENTED_EDGE('',*,*,#6032,.F.);
#6032 = EDGE_CURVE('',#5529,#6025,#6033,.T.);
#6033 = LINE('',#6034,#6035);
#6034 = CARTESIAN_POINT('',(-7.735,-4.622042923342,14.565467908556));
#6035 = VECTOR('',#6036,1.);
#6036 = DIRECTION('',(-8.799220673267E-18,-0.707106781187,0.707106781187
    ));
#6037 = PLANE('',#6038);
#6038 = AXIS2_PLACEMENT_3D('',#6039,#6040,#6041);
#6039 = CARTESIAN_POINT('',(-11.065,-4.622042923342,14.565467908556));
#6040 = DIRECTION('',(2.762659384492E-16,0.707106781187,0.707106781187)
  );
#6041 = DIRECTION('',(1.,-2.015715070955E-16,-1.891275298811E-16));
#6042 = ADVANCED_FACE('',(#6043),#6061,.T.);
#6043 = FACE_BOUND('',#6044,.T.);
#6044 = EDGE_LOOP('',(#6045,#6046,#6047,#6055));
#6045 = ORIENTED_EDGE('',*,*,#5528,.T.);
#6046 = ORIENTED_EDGE('',*,*,#6032,.T.);
#6047 = ORIENTED_EDGE('',*,*,#6048,.T.);
#6048 = EDGE_CURVE('',#6025,#6049,#6051,.T.);
#6049 = VERTEX_POINT('',#6050);
#6050 = CARTESIAN_POINT('',(-6.07,-4.42132034356,18.443145750508));
#6051 = LINE('',#6052,#6053);
#6052 = CARTESIAN_POINT('',(-7.735,-6.460520554427,16.403945539641));
#6053 = VECTOR('',#6054,1.);
#6054 = DIRECTION('',(0.5,0.612372435696,0.612372435696));
#6055 = ORIENTED_EDGE('',*,*,#6056,.F.);
#6056 = EDGE_CURVE('',#5521,#6049,#6057,.T.);
#6057 = LINE('',#6058,#6059);
#6058 = CARTESIAN_POINT('',(-6.07,-2.582842712475,16.604668119423));
#6059 = VECTOR('',#6060,1.);
#6060 = DIRECTION('',(-8.799220673267E-18,-0.707106781187,0.707106781187
    ));
#6061 = PLANE('',#6062);
#6062 = AXIS2_PLACEMENT_3D('',#6063,#6064,#6065);
#6063 = CARTESIAN_POINT('',(-7.735,-4.622042923342,14.565467908556));
#6064 = DIRECTION('',(-0.866025403784,0.353553390593,0.353553390593));
#6065 = DIRECTION('',(0.5,0.612372435696,0.612372435696));
#6066 = ADVANCED_FACE('',(#6067),#6078,.T.);
#6067 = FACE_BOUND('',#6068,.T.);
#6068 = EDGE_LOOP('',(#6069,#6070,#6071,#6077));
#6069 = ORIENTED_EDGE('',*,*,#5520,.T.);
#6070 = ORIENTED_EDGE('',*,*,#6056,.T.);
#6071 = ORIENTED_EDGE('',*,*,#6072,.T.);
#6072 = EDGE_CURVE('',#6049,#5945,#6073,.T.);
#6073 = LINE('',#6074,#6075);
#6074 = CARTESIAN_POINT('',(-6.07,-4.42132034356,18.443145750508));
#6075 = VECTOR('',#6076,1.);
#6076 = DIRECTION('',(-0.5,0.612372435696,0.612372435696));
#6077 = ORIENTED_EDGE('',*,*,#5944,.F.);
#6078 = PLANE('',#6079);
#6079 = AXIS2_PLACEMENT_3D('',#6080,#6081,#6082);
#6080 = CARTESIAN_POINT('',(-6.07,-2.582842712475,16.604668119423));
#6081 = DIRECTION('',(-0.866025403784,-0.353553390593,-0.353553390593));
#6082 = DIRECTION('',(-0.5,0.612372435696,0.612372435696));
#6083 = ADVANCED_FACE('',(#6084),#6100,.F.);
#6084 = FACE_BOUND('',#6085,.F.);
#6085 = EDGE_LOOP('',(#6086,#6087,#6093,#6094));
#6086 = ORIENTED_EDGE('',*,*,#5901,.F.);
#6087 = ORIENTED_EDGE('',*,*,#6088,.F.);
#6088 = EDGE_CURVE('',#5567,#5902,#6089,.T.);
#6089 = LINE('',#6090,#6091);
#6090 = CARTESIAN_POINT('',(-13.5,-8.734671708798,18.513856428626));
#6091 = VECTOR('',#6092,1.);
#6092 = DIRECTION('',(1.,8.132803500968E-17,9.377201222413E-17));
#6093 = ORIENTED_EDGE('',*,*,#5566,.T.);
#6094 = ORIENTED_EDGE('',*,*,#6095,.T.);
#6095 = EDGE_CURVE('',#5569,#5894,#6096,.T.);
#6096 = LINE('',#6097,#6098);
#6097 = CARTESIAN_POINT('',(-13.,-11.84594154601,21.625126265847));
#6098 = VECTOR('',#6099,1.);
#6099 = DIRECTION('',(1.,8.132803500968E-17,9.377201222413E-17));
#6100 = PLANE('',#6101);
#6101 = AXIS2_PLACEMENT_3D('',#6102,#6103,#6104);
#6102 = CARTESIAN_POINT('',(-13.,-4.774873734153,14.554058453982));
#6103 = DIRECTION('',(-1.238144307851E-16,0.707106781187,0.707106781187)
  );
#6104 = DIRECTION('',(-8.799220673267E-18,-0.707106781187,0.707106781187
    ));
#6105 = ADVANCED_FACE('',(#6106,#6117),#6128,.F.);
#6106 = FACE_BOUND('',#6107,.F.);
#6107 = EDGE_LOOP('',(#6108,#6114,#6115,#6116));
#6108 = ORIENTED_EDGE('',*,*,#6109,.T.);
#6109 = EDGE_CURVE('',#5910,#5640,#6110,.T.);
#6110 = LINE('',#6111,#6112);
#6111 = CARTESIAN_POINT('',(-14.,-4.110355696275,23.138172441149));
#6112 = VECTOR('',#6113,1.);
#6113 = DIRECTION('',(-1.,7.56812108587E-17,-2.507812580925E-16));
#6114 = ORIENTED_EDGE('',*,*,#5648,.F.);
#6115 = ORIENTED_EDGE('',*,*,#6088,.T.);
#6116 = ORIENTED_EDGE('',*,*,#5909,.F.);
#6117 = FACE_BOUND('',#6118,.F.);
#6118 = EDGE_LOOP('',(#6119));
#6119 = ORIENTED_EDGE('',*,*,#6120,.T.);
#6120 = EDGE_CURVE('',#6121,#6121,#6123,.T.);
#6121 = VERTEX_POINT('',#6122);
#6122 = CARTESIAN_POINT('',(-7.75,-6.613351365238,20.635176772186));
#6123 = CIRCLE('',#6124,1.65);
#6124 = AXIS2_PLACEMENT_3D('',#6125,#6126,#6127);
#6125 = CARTESIAN_POINT('',(-9.4,-6.613351365238,20.635176772186));
#6126 = DIRECTION('',(8.799220673267E-18,0.707106781187,-0.707106781187)
  );
#6127 = DIRECTION('',(1.,8.132803500968E-17,9.377201222413E-17));
#6128 = PLANE('',#6129);
#6129 = AXIS2_PLACEMENT_3D('',#6130,#6131,#6132);
#6130 = CARTESIAN_POINT('',(-14.,-9.088225099391,18.160303038033));
#6131 = DIRECTION('',(-8.799220673267E-18,-0.707106781187,0.707106781187
    ));
#6132 = DIRECTION('',(1.,8.132803500968E-17,9.377201222413E-17));
#6133 = ADVANCED_FACE('',(#6134),#6145,.F.);
#6134 = FACE_BOUND('',#6135,.T.);
#6135 = EDGE_LOOP('',(#6136,#6142,#6143,#6144));
#6136 = ORIENTED_EDGE('',*,*,#6137,.F.);
#6137 = EDGE_CURVE('',#5918,#5632,#6138,.T.);
#6138 = LINE('',#6139,#6140);
#6139 = CARTESIAN_POINT('',(-14.,-3.261827558851,22.289644303725));
#6140 = VECTOR('',#6141,1.);
#6141 = DIRECTION('',(-1.,7.56812108587E-17,-2.507812580925E-16));
#6142 = ORIENTED_EDGE('',*,*,#5917,.F.);
#6143 = ORIENTED_EDGE('',*,*,#6109,.T.);
#6144 = ORIENTED_EDGE('',*,*,#5639,.T.);
#6145 = CYLINDRICAL_SURFACE('',#6146,2.05);
#6146 = AXIS2_PLACEMENT_3D('',#6147,#6148,#6149);
#6147 = CARTESIAN_POINT('',(-14.,-2.3,24.1));
#6148 = DIRECTION('',(-1.,7.56812108587E-17,-2.507812580925E-16));
#6149 = DIRECTION('',(2.308438255983E-16,0.707106781187,-0.707106781187)
  );
#6150 = ADVANCED_FACE('',(#6151,#6157),#6168,.T.);
#6151 = FACE_BOUND('',#6152,.T.);
#6152 = EDGE_LOOP('',(#6153,#6154,#6155,#6156));
#6153 = ORIENTED_EDGE('',*,*,#6137,.T.);
#6154 = ORIENTED_EDGE('',*,*,#5631,.F.);
#6155 = ORIENTED_EDGE('',*,*,#5672,.T.);
#6156 = ORIENTED_EDGE('',*,*,#5926,.F.);
#6157 = FACE_BOUND('',#6158,.T.);
#6158 = EDGE_LOOP('',(#6159));
#6159 = ORIENTED_EDGE('',*,*,#6160,.T.);
#6160 = EDGE_CURVE('',#6161,#6161,#6163,.T.);
#6161 = VERTEX_POINT('',#6162);
#6162 = CARTESIAN_POINT('',(-7.75,-5.764823227814,19.786648634762));
#6163 = CIRCLE('',#6164,1.65);
#6164 = AXIS2_PLACEMENT_3D('',#6165,#6166,#6167);
#6165 = CARTESIAN_POINT('',(-9.4,-5.764823227814,19.786648634762));
#6166 = DIRECTION('',(8.799220673267E-18,0.707106781187,-0.707106781187)
  );
#6167 = DIRECTION('',(1.,8.132803500968E-17,9.377201222413E-17));
#6168 = PLANE('',#6169);
#6169 = AXIS2_PLACEMENT_3D('',#6170,#6171,#6172);
#6170 = CARTESIAN_POINT('',(-14.,-8.239696961967,17.311774900609));
#6171 = DIRECTION('',(-8.799220673267E-18,-0.707106781187,0.707106781187
    ));
#6172 = DIRECTION('',(1.,8.132803500968E-17,9.377201222413E-17));
#6173 = ADVANCED_FACE('',(#6174),#6192,.F.);
#6174 = FACE_BOUND('',#6175,.F.);
#6175 = EDGE_LOOP('',(#6176,#6184,#6185,#6186));
#6176 = ORIENTED_EDGE('',*,*,#6177,.F.);
#6177 = EDGE_CURVE('',#5601,#6178,#6180,.T.);
#6178 = VERTEX_POINT('',#6179);
#6179 = CARTESIAN_POINT('',(-10.3,6.60954544295,20.988730162779));
#6180 = LINE('',#6181,#6182);
#6181 = CARTESIAN_POINT('',(-13.,6.60954544295,20.988730162779));
#6182 = VECTOR('',#6183,1.);
#6183 = DIRECTION('',(1.,8.132803500968E-17,9.377201222413E-17));
#6184 = ORIENTED_EDGE('',*,*,#5608,.F.);
#6185 = ORIENTED_EDGE('',*,*,#5760,.T.);
#6186 = ORIENTED_EDGE('',*,*,#6187,.T.);
#6187 = EDGE_CURVE('',#5753,#6178,#6188,.T.);
#6188 = LINE('',#6189,#6190);
#6189 = CARTESIAN_POINT('',(-10.3,5.159976541518,19.539161261347));
#6190 = VECTOR('',#6191,1.);
#6191 = DIRECTION('',(-1.238144307851E-16,0.707106781187,0.707106781187)
  );
#6192 = PLANE('',#6193);
#6193 = AXIS2_PLACEMENT_3D('',#6194,#6195,#6196);
#6194 = CARTESIAN_POINT('',(-13.,5.195331880577,19.574516600406));
#6195 = DIRECTION('',(-8.799220673267E-18,-0.707106781187,0.707106781187
    ));
#6196 = DIRECTION('',(1.,8.132803500968E-17,9.377201222413E-17));
#6197 = ADVANCED_FACE('',(#6198),#6344,.T.);
#6198 = FACE_BOUND('',#6199,.T.);
#6199 = EDGE_LOOP('',(#6200,#6201,#6202,#6210,#6218,#6226,#6234,#6242,
    #6250,#6258,#6266,#6274,#6282,#6290,#6298,#6306,#6314,#6322,#6330,
    #6338));
#6200 = ORIENTED_EDGE('',*,*,#6177,.F.);
#6201 = ORIENTED_EDGE('',*,*,#5600,.T.);
#6202 = ORIENTED_EDGE('',*,*,#6203,.T.);
#6203 = EDGE_CURVE('',#5593,#6204,#6206,.T.);
#6204 = VERTEX_POINT('',#6205);
#6205 = CARTESIAN_POINT('',(-10.3,-5.411269837221,33.00954544295));
#6206 = LINE('',#6207,#6208);
#6207 = CARTESIAN_POINT('',(-13.,-5.411269837221,33.00954544295));
#6208 = VECTOR('',#6209,1.);
#6209 = DIRECTION('',(1.,8.132803500968E-17,9.377201222413E-17));
#6210 = ORIENTED_EDGE('',*,*,#6211,.T.);
#6211 = EDGE_CURVE('',#6204,#6212,#6214,.T.);
#6212 = VERTEX_POINT('',#6213);
#6213 = CARTESIAN_POINT('',(-10.3,-4.987005768509,32.585281374239));
#6214 = LINE('',#6215,#6216);
#6215 = CARTESIAN_POINT('',(-10.3,-2.193933982822,29.792209588552));
#6216 = VECTOR('',#6217,1.);
#6217 = DIRECTION('',(8.799220673267E-18,0.707106781187,-0.707106781187)
  );
#6218 = ORIENTED_EDGE('',*,*,#6219,.T.);
#6219 = EDGE_CURVE('',#6212,#6220,#6222,.T.);
#6220 = VERTEX_POINT('',#6221);
#6221 = CARTESIAN_POINT('',(-9.7,-4.987005768509,32.585281374239));
#6222 = LINE('',#6223,#6224);
#6223 = CARTESIAN_POINT('',(-5.275,-4.987005768509,32.585281374239));
#6224 = VECTOR('',#6225,1.);
#6225 = DIRECTION('',(1.,8.132803500968E-17,9.377201222413E-17));
#6226 = ORIENTED_EDGE('',*,*,#6227,.F.);
#6227 = EDGE_CURVE('',#6228,#6220,#6230,.T.);
#6228 = VERTEX_POINT('',#6229);
#6229 = CARTESIAN_POINT('',(-9.7,-5.411269837221,33.00954544295));
#6230 = LINE('',#6231,#6232);
#6231 = CARTESIAN_POINT('',(-9.7,-2.193933982822,29.792209588552));
#6232 = VECTOR('',#6233,1.);
#6233 = DIRECTION('',(8.799220673267E-18,0.707106781187,-0.707106781187)
  );
#6234 = ORIENTED_EDGE('',*,*,#6235,.T.);
#6235 = EDGE_CURVE('',#6228,#6236,#6238,.T.);
#6236 = VERTEX_POINT('',#6237);
#6237 = CARTESIAN_POINT('',(9.7,-5.411269837221,33.00954544295));
#6238 = LINE('',#6239,#6240);
#6239 = CARTESIAN_POINT('',(-13.,-5.411269837221,33.00954544295));
#6240 = VECTOR('',#6241,1.);
#6241 = DIRECTION('',(1.,8.132803500968E-17,9.377201222413E-17));
#6242 = ORIENTED_EDGE('',*,*,#6243,.T.);
#6243 = EDGE_CURVE('',#6236,#6244,#6246,.T.);
#6244 = VERTEX_POINT('',#6245);
#6245 = CARTESIAN_POINT('',(9.7,-4.987005768509,32.585281374239));
#6246 = LINE('',#6247,#6248);
#6247 = CARTESIAN_POINT('',(9.7,-2.193933982822,29.792209588552));
#6248 = VECTOR('',#6249,1.);
#6249 = DIRECTION('',(8.799220673267E-18,0.707106781187,-0.707106781187)
  );
#6250 = ORIENTED_EDGE('',*,*,#6251,.T.);
#6251 = EDGE_CURVE('',#6244,#6252,#6254,.T.);
#6252 = VERTEX_POINT('',#6253);
#6253 = CARTESIAN_POINT('',(10.3,-4.987005768509,32.585281374239));
#6254 = LINE('',#6255,#6256);
#6255 = CARTESIAN_POINT('',(4.725,-4.987005768509,32.585281374239));
#6256 = VECTOR('',#6257,1.);
#6257 = DIRECTION('',(1.,8.132803500968E-17,9.377201222413E-17));
#6258 = ORIENTED_EDGE('',*,*,#6259,.F.);
#6259 = EDGE_CURVE('',#6260,#6252,#6262,.T.);
#6260 = VERTEX_POINT('',#6261);
#6261 = CARTESIAN_POINT('',(10.3,-5.411269837221,33.00954544295));
#6262 = LINE('',#6263,#6264);
#6263 = CARTESIAN_POINT('',(10.3,-2.193933982822,29.792209588552));
#6264 = VECTOR('',#6265,1.);
#6265 = DIRECTION('',(8.799220673267E-18,0.707106781187,-0.707106781187)
  );
#6266 = ORIENTED_EDGE('',*,*,#6267,.T.);
#6267 = EDGE_CURVE('',#6260,#6268,#6270,.T.);
#6268 = VERTEX_POINT('',#6269);
#6269 = CARTESIAN_POINT('',(12.5,-5.411269837221,33.00954544295));
#6270 = LINE('',#6271,#6272);
#6271 = CARTESIAN_POINT('',(-13.,-5.411269837221,33.00954544295));
#6272 = VECTOR('',#6273,1.);
#6273 = DIRECTION('',(1.,8.132803500968E-17,9.377201222413E-17));
#6274 = ORIENTED_EDGE('',*,*,#6275,.F.);
#6275 = EDGE_CURVE('',#6276,#6268,#6278,.T.);
#6276 = VERTEX_POINT('',#6277);
#6277 = CARTESIAN_POINT('',(12.5,6.60954544295,20.988730162779));
#6278 = LINE('',#6279,#6280);
#6279 = CARTESIAN_POINT('',(12.5,6.60954544295,20.988730162779));
#6280 = VECTOR('',#6281,1.);
#6281 = DIRECTION('',(-8.799220673267E-18,-0.707106781187,0.707106781187
    ));
#6282 = ORIENTED_EDGE('',*,*,#6283,.F.);
#6283 = EDGE_CURVE('',#6284,#6276,#6286,.T.);
#6284 = VERTEX_POINT('',#6285);
#6285 = CARTESIAN_POINT('',(10.3,6.60954544295,20.988730162779));
#6286 = LINE('',#6287,#6288);
#6287 = CARTESIAN_POINT('',(-13.,6.60954544295,20.988730162779));
#6288 = VECTOR('',#6289,1.);
#6289 = DIRECTION('',(1.,8.132803500968E-17,9.377201222413E-17));
#6290 = ORIENTED_EDGE('',*,*,#6291,.F.);
#6291 = EDGE_CURVE('',#6292,#6284,#6294,.T.);
#6292 = VERTEX_POINT('',#6293);
#6293 = CARTESIAN_POINT('',(10.3,6.185281374239,21.412994231491));
#6294 = LINE('',#6295,#6296);
#6295 = CARTESIAN_POINT('',(10.3,3.816473657264,23.781801948466));
#6296 = VECTOR('',#6297,1.);
#6297 = DIRECTION('',(8.799220673267E-18,0.707106781187,-0.707106781187)
  );
#6298 = ORIENTED_EDGE('',*,*,#6299,.F.);
#6299 = EDGE_CURVE('',#6300,#6292,#6302,.T.);
#6300 = VERTEX_POINT('',#6301);
#6301 = CARTESIAN_POINT('',(9.7,6.185281374239,21.412994231491));
#6302 = LINE('',#6303,#6304);
#6303 = CARTESIAN_POINT('',(4.725,6.185281374239,21.412994231491));
#6304 = VECTOR('',#6305,1.);
#6305 = DIRECTION('',(1.,8.132803500968E-17,9.377201222413E-17));
#6306 = ORIENTED_EDGE('',*,*,#6307,.T.);
#6307 = EDGE_CURVE('',#6300,#6308,#6310,.T.);
#6308 = VERTEX_POINT('',#6309);
#6309 = CARTESIAN_POINT('',(9.7,6.60954544295,20.988730162779));
#6310 = LINE('',#6311,#6312);
#6311 = CARTESIAN_POINT('',(9.7,3.816473657264,23.781801948466));
#6312 = VECTOR('',#6313,1.);
#6313 = DIRECTION('',(8.799220673267E-18,0.707106781187,-0.707106781187)
  );
#6314 = ORIENTED_EDGE('',*,*,#6315,.F.);
#6315 = EDGE_CURVE('',#6316,#6308,#6318,.T.);
#6316 = VERTEX_POINT('',#6317);
#6317 = CARTESIAN_POINT('',(-9.7,6.60954544295,20.988730162779));
#6318 = LINE('',#6319,#6320);
#6319 = CARTESIAN_POINT('',(-13.,6.60954544295,20.988730162779));
#6320 = VECTOR('',#6321,1.);
#6321 = DIRECTION('',(1.,8.132803500968E-17,9.377201222413E-17));
#6322 = ORIENTED_EDGE('',*,*,#6323,.F.);
#6323 = EDGE_CURVE('',#6324,#6316,#6326,.T.);
#6324 = VERTEX_POINT('',#6325);
#6325 = CARTESIAN_POINT('',(-9.7,6.185281374239,21.412994231491));
#6326 = LINE('',#6327,#6328);
#6327 = CARTESIAN_POINT('',(-9.7,3.816473657264,23.781801948466));
#6328 = VECTOR('',#6329,1.);
#6329 = DIRECTION('',(8.799220673267E-18,0.707106781187,-0.707106781187)
  );
#6330 = ORIENTED_EDGE('',*,*,#6331,.F.);
#6331 = EDGE_CURVE('',#6332,#6324,#6334,.T.);
#6332 = VERTEX_POINT('',#6333);
#6333 = CARTESIAN_POINT('',(-10.3,6.185281374239,21.412994231491));
#6334 = LINE('',#6335,#6336);
#6335 = CARTESIAN_POINT('',(-5.275,6.185281374239,21.412994231491));
#6336 = VECTOR('',#6337,1.);
#6337 = DIRECTION('',(1.,8.132803500968E-17,9.377201222413E-17));
#6338 = ORIENTED_EDGE('',*,*,#6339,.T.);
#6339 = EDGE_CURVE('',#6332,#6178,#6340,.T.);
#6340 = LINE('',#6341,#6342);
#6341 = CARTESIAN_POINT('',(-10.3,3.816473657264,23.781801948466));
#6342 = VECTOR('',#6343,1.);
#6343 = DIRECTION('',(8.799220673267E-18,0.707106781187,-0.707106781187)
  );
#6344 = PLANE('',#6345);
#6345 = AXIS2_PLACEMENT_3D('',#6346,#6347,#6348);
#6346 = CARTESIAN_POINT('',(-0.25,0.599137802865,26.999137802865));
#6347 = DIRECTION('',(-1.238144307851E-16,0.707106781187,0.707106781187)
  );
#6348 = DIRECTION('',(-8.799220673267E-18,-0.707106781187,0.707106781187
    ));
#6349 = ADVANCED_FACE('',(#6350),#6361,.T.);
#6350 = FACE_BOUND('',#6351,.T.);
#6351 = EDGE_LOOP('',(#6352,#6353,#6354,#6355));
#6352 = ORIENTED_EDGE('',*,*,#6203,.F.);
#6353 = ORIENTED_EDGE('',*,*,#5592,.F.);
#6354 = ORIENTED_EDGE('',*,*,#5783,.T.);
#6355 = ORIENTED_EDGE('',*,*,#6356,.T.);
#6356 = EDGE_CURVE('',#5784,#6204,#6357,.T.);
#6357 = LINE('',#6358,#6359);
#6358 = CARTESIAN_POINT('',(-10.3,-6.860838738653,31.559976541518));
#6359 = VECTOR('',#6360,1.);
#6360 = DIRECTION('',(-1.238144307851E-16,0.707106781187,0.707106781187)
  );
#6361 = PLANE('',#6362);
#6362 = AXIS2_PLACEMENT_3D('',#6363,#6364,#6365);
#6363 = CARTESIAN_POINT('',(-13.,-6.825483399594,31.595331880577));
#6364 = DIRECTION('',(-8.799220673267E-18,-0.707106781187,0.707106781187
    ));
#6365 = DIRECTION('',(1.,8.132803500968E-17,9.377201222413E-17));
#6366 = ADVANCED_FACE('',(#6367,#6373),#6384,.T.);
#6367 = FACE_BOUND('',#6368,.T.);
#6368 = EDGE_LOOP('',(#6369,#6370,#6371,#6372));
#6369 = ORIENTED_EDGE('',*,*,#5576,.F.);
#6370 = ORIENTED_EDGE('',*,*,#6095,.T.);
#6371 = ORIENTED_EDGE('',*,*,#5893,.T.);
#6372 = ORIENTED_EDGE('',*,*,#5776,.T.);
#6373 = FACE_BOUND('',#6374,.T.);
#6374 = EDGE_LOOP('',(#6375));
#6375 = ORIENTED_EDGE('',*,*,#6376,.T.);
#6376 = EDGE_CURVE('',#6377,#6377,#6379,.T.);
#6377 = VERTEX_POINT('',#6378);
#6378 = CARTESIAN_POINT('',(-6.5,-9.724621202459,23.746446609407));
#6379 = CIRCLE('',#6380,2.9);
#6380 = AXIS2_PLACEMENT_3D('',#6381,#6382,#6383);
#6381 = CARTESIAN_POINT('',(-9.4,-9.724621202459,23.746446609407));
#6382 = DIRECTION('',(8.799220673267E-18,0.707106781187,-0.707106781187)
  );
#6383 = DIRECTION('',(1.,8.132803500968E-17,9.377201222413E-17));
#6384 = PLANE('',#6385);
#6385 = AXIS2_PLACEMENT_3D('',#6386,#6387,#6388);
#6386 = CARTESIAN_POINT('',(-13.,-11.84594154601,21.625126265847));
#6387 = DIRECTION('',(-8.799220673267E-18,-0.707106781187,0.707106781187
    ));
#6388 = DIRECTION('',(1.,8.132803500968E-17,9.377201222413E-17));
#6389 = ADVANCED_FACE('',(#6390,#6429),#6440,.T.);
#6390 = FACE_BOUND('',#6391,.T.);
#6391 = EDGE_LOOP('',(#6392,#6393,#6399,#6400,#6406,#6407,#6415,#6423));
#6392 = ORIENTED_EDGE('',*,*,#5686,.F.);
#6393 = ORIENTED_EDGE('',*,*,#6394,.T.);
#6394 = EDGE_CURVE('',#5687,#6276,#6395,.T.);
#6395 = LINE('',#6396,#6397);
#6396 = CARTESIAN_POINT('',(12.5,5.195331880577,19.574516600406));
#6397 = VECTOR('',#6398,1.);
#6398 = DIRECTION('',(-1.238144307851E-16,0.707106781187,0.707106781187)
  );
#6399 = ORIENTED_EDGE('',*,*,#6275,.T.);
#6400 = ORIENTED_EDGE('',*,*,#6401,.F.);
#6401 = EDGE_CURVE('',#5848,#6268,#6402,.T.);
#6402 = LINE('',#6403,#6404);
#6403 = CARTESIAN_POINT('',(12.5,-6.825483399594,31.595331880577));
#6404 = VECTOR('',#6405,1.);
#6405 = DIRECTION('',(-1.238144307851E-16,0.707106781187,0.707106781187)
  );
#6406 = ORIENTED_EDGE('',*,*,#5855,.F.);
#6407 = ORIENTED_EDGE('',*,*,#6408,.F.);
#6408 = EDGE_CURVE('',#6409,#5856,#6411,.T.);
#6409 = VERTEX_POINT('',#6410);
#6410 = CARTESIAN_POINT('',(12.5,-12.5530483272,18.796699141101));
#6411 = LINE('',#6412,#6413);
#6412 = CARTESIAN_POINT('',(12.5,-12.5530483272,18.796699141101));
#6413 = VECTOR('',#6414,1.);
#6414 = DIRECTION('',(-1.238144307851E-16,0.707106781187,0.707106781187)
  );
#6415 = ORIENTED_EDGE('',*,*,#6416,.F.);
#6416 = EDGE_CURVE('',#6417,#6409,#6419,.T.);
#6417 = VERTEX_POINT('',#6418);
#6418 = CARTESIAN_POINT('',(12.5,-7.603300858899,13.846951672795));
#6419 = LINE('',#6420,#6421);
#6420 = CARTESIAN_POINT('',(12.5,-7.603300858899,13.846951672795));
#6421 = VECTOR('',#6422,1.);
#6422 = DIRECTION('',(-8.799220673267E-18,-0.707106781187,0.707106781187
    ));
#6423 = ORIENTED_EDGE('',*,*,#6424,.T.);
#6424 = EDGE_CURVE('',#6417,#5689,#6425,.T.);
#6425 = LINE('',#6426,#6427);
#6426 = CARTESIAN_POINT('',(12.5,-7.603300858899,13.846951672795));
#6427 = VECTOR('',#6428,1.);
#6428 = DIRECTION('',(-1.238144307851E-16,0.707106781187,0.707106781187)
  );
#6429 = FACE_BOUND('',#6430,.T.);
#6430 = EDGE_LOOP('',(#6431));
#6431 = ORIENTED_EDGE('',*,*,#6432,.T.);
#6432 = EDGE_CURVE('',#6433,#6433,#6435,.T.);
#6433 = VERTEX_POINT('',#6434);
#6434 = CARTESIAN_POINT('',(12.5,-6.118376618407,16.604668119423));
#6435 = CIRCLE('',#6436,2.6);
#6436 = AXIS2_PLACEMENT_3D('',#6437,#6438,#6439);
#6437 = CARTESIAN_POINT('',(12.5,-7.956854249492,18.443145750508));
#6438 = DIRECTION('',(-1.,7.56812108587E-17,-2.507812580925E-16));
#6439 = DIRECTION('',(2.308438255983E-16,0.707106781187,-0.707106781187)
  );
#6440 = PLANE('',#6441);
#6441 = AXIS2_PLACEMENT_3D('',#6442,#6443,#6444);
#6442 = CARTESIAN_POINT('',(12.5,-3.296668109495,23.103331890505));
#6443 = DIRECTION('',(1.,8.132803500968E-17,9.377201222413E-17));
#6444 = DIRECTION('',(-8.799220673267E-18,-0.707106781187,0.707106781187
    ));
#6445 = ADVANCED_FACE('',(#6446),#6464,.F.);
#6446 = FACE_BOUND('',#6447,.F.);
#6447 = EDGE_LOOP('',(#6448,#6456,#6462,#6463));
#6448 = ORIENTED_EDGE('',*,*,#6449,.F.);
#6449 = EDGE_CURVE('',#6450,#5872,#6452,.T.);
#6450 = VERTEX_POINT('',#6451);
#6451 = CARTESIAN_POINT('',(9.5,-7.603300858899,13.846951672795));
#6452 = LINE('',#6453,#6454);
#6453 = CARTESIAN_POINT('',(9.5,-7.603300858899,13.846951672795));
#6454 = VECTOR('',#6455,1.);
#6455 = DIRECTION('',(-1.238144307851E-16,0.707106781187,0.707106781187)
  );
#6456 = ORIENTED_EDGE('',*,*,#6457,.T.);
#6457 = EDGE_CURVE('',#6450,#6417,#6458,.T.);
#6458 = LINE('',#6459,#6460);
#6459 = CARTESIAN_POINT('',(9.5,-7.603300858899,13.846951672795));
#6460 = VECTOR('',#6461,1.);
#6461 = DIRECTION('',(1.,8.132803500968E-17,9.377201222413E-17));
#6462 = ORIENTED_EDGE('',*,*,#6424,.T.);
#6463 = ORIENTED_EDGE('',*,*,#5879,.F.);
#6464 = PLANE('',#6465);
#6465 = AXIS2_PLACEMENT_3D('',#6466,#6467,#6468);
#6466 = CARTESIAN_POINT('',(9.5,-7.603300858899,13.846951672795));
#6467 = DIRECTION('',(-8.799220673267E-18,-0.707106781187,0.707106781187
    ));
#6468 = DIRECTION('',(1.,8.132803500968E-17,9.377201222413E-17));
#6469 = ADVANCED_FACE('',(#6470),#6488,.F.);
#6470 = FACE_BOUND('',#6471,.F.);
#6471 = EDGE_LOOP('',(#6472,#6480,#6481,#6482));
#6472 = ORIENTED_EDGE('',*,*,#6473,.F.);
#6473 = EDGE_CURVE('',#6450,#6474,#6476,.T.);
#6474 = VERTEX_POINT('',#6475);
#6475 = CARTESIAN_POINT('',(9.5,-12.5530483272,18.796699141101));
#6476 = LINE('',#6477,#6478);
#6477 = CARTESIAN_POINT('',(9.5,-7.603300858899,13.846951672795));
#6478 = VECTOR('',#6479,1.);
#6479 = DIRECTION('',(-8.799220673267E-18,-0.707106781187,0.707106781187
    ));
#6480 = ORIENTED_EDGE('',*,*,#6449,.T.);
#6481 = ORIENTED_EDGE('',*,*,#5871,.T.);
#6482 = ORIENTED_EDGE('',*,*,#6483,.F.);
#6483 = EDGE_CURVE('',#6474,#5864,#6484,.T.);
#6484 = LINE('',#6485,#6486);
#6485 = CARTESIAN_POINT('',(9.5,-12.5530483272,18.796699141101));
#6486 = VECTOR('',#6487,1.);
#6487 = DIRECTION('',(-1.238144307851E-16,0.707106781187,0.707106781187)
  );
#6488 = PLANE('',#6489);
#6489 = AXIS2_PLACEMENT_3D('',#6490,#6491,#6492);
#6490 = CARTESIAN_POINT('',(9.5,-7.603300858899,13.846951672795));
#6491 = DIRECTION('',(1.,8.132803500968E-17,9.377201222413E-17));
#6492 = DIRECTION('',(-8.799220673267E-18,-0.707106781187,0.707106781187
    ));
#6493 = ADVANCED_FACE('',(#6494),#6505,.T.);
#6494 = FACE_BOUND('',#6495,.T.);
#6495 = EDGE_LOOP('',(#6496,#6497,#6503,#6504));
#6496 = ORIENTED_EDGE('',*,*,#6483,.F.);
#6497 = ORIENTED_EDGE('',*,*,#6498,.T.);
#6498 = EDGE_CURVE('',#6474,#6409,#6499,.T.);
#6499 = LINE('',#6500,#6501);
#6500 = CARTESIAN_POINT('',(9.5,-12.5530483272,18.796699141101));
#6501 = VECTOR('',#6502,1.);
#6502 = DIRECTION('',(1.,8.132803500968E-17,9.377201222413E-17));
#6503 = ORIENTED_EDGE('',*,*,#6408,.T.);
#6504 = ORIENTED_EDGE('',*,*,#5863,.F.);
#6505 = PLANE('',#6506);
#6506 = AXIS2_PLACEMENT_3D('',#6507,#6508,#6509);
#6507 = CARTESIAN_POINT('',(9.5,-12.5530483272,18.796699141101));
#6508 = DIRECTION('',(-8.799220673267E-18,-0.707106781187,0.707106781187
    ));
#6509 = DIRECTION('',(1.,8.132803500968E-17,9.377201222413E-17));
#6510 = ADVANCED_FACE('',(#6511),#6522,.T.);
#6511 = FACE_BOUND('',#6512,.T.);
#6512 = EDGE_LOOP('',(#6513,#6514,#6520,#6521));
#6513 = ORIENTED_EDGE('',*,*,#6267,.F.);
#6514 = ORIENTED_EDGE('',*,*,#6515,.F.);
#6515 = EDGE_CURVE('',#5840,#6260,#6516,.T.);
#6516 = LINE('',#6517,#6518);
#6517 = CARTESIAN_POINT('',(10.3,-6.860838738653,31.559976541518));
#6518 = VECTOR('',#6519,1.);
#6519 = DIRECTION('',(-1.238144307851E-16,0.707106781187,0.707106781187)
  );
#6520 = ORIENTED_EDGE('',*,*,#5847,.T.);
#6521 = ORIENTED_EDGE('',*,*,#6401,.T.);
#6522 = PLANE('',#6523);
#6523 = AXIS2_PLACEMENT_3D('',#6524,#6525,#6526);
#6524 = CARTESIAN_POINT('',(-13.,-6.825483399594,31.595331880577));
#6525 = DIRECTION('',(-8.799220673267E-18,-0.707106781187,0.707106781187
    ));
#6526 = DIRECTION('',(1.,8.132803500968E-17,9.377201222413E-17));
#6527 = ADVANCED_FACE('',(#6528),#6539,.F.);
#6528 = FACE_BOUND('',#6529,.F.);
#6529 = EDGE_LOOP('',(#6530,#6531,#6537,#6538));
#6530 = ORIENTED_EDGE('',*,*,#5839,.T.);
#6531 = ORIENTED_EDGE('',*,*,#6532,.T.);
#6532 = EDGE_CURVE('',#5832,#6252,#6533,.T.);
#6533 = LINE('',#6534,#6535);
#6534 = CARTESIAN_POINT('',(10.3,-6.471930009001,31.100357133747));
#6535 = VECTOR('',#6536,1.);
#6536 = DIRECTION('',(-1.238144307851E-16,0.707106781187,0.707106781187)
  );
#6537 = ORIENTED_EDGE('',*,*,#6259,.F.);
#6538 = ORIENTED_EDGE('',*,*,#6515,.F.);
#6539 = PLANE('',#6540);
#6540 = AXIS2_PLACEMENT_3D('',#6541,#6542,#6543);
#6541 = CARTESIAN_POINT('',(10.3,-6.471930009001,31.100357133747));
#6542 = DIRECTION('',(1.,8.132803500968E-17,9.377201222413E-17));
#6543 = DIRECTION('',(-8.799220673267E-18,-0.707106781187,0.707106781187
    ));
#6544 = ADVANCED_FACE('',(#6545),#6556,.T.);
#6545 = FACE_BOUND('',#6546,.T.);
#6546 = EDGE_LOOP('',(#6547,#6553,#6554,#6555));
#6547 = ORIENTED_EDGE('',*,*,#6548,.F.);
#6548 = EDGE_CURVE('',#5824,#6244,#6549,.T.);
#6549 = LINE('',#6550,#6551);
#6550 = CARTESIAN_POINT('',(9.7,-6.471930009001,31.100357133747));
#6551 = VECTOR('',#6552,1.);
#6552 = DIRECTION('',(-1.238144307851E-16,0.707106781187,0.707106781187)
  );
#6553 = ORIENTED_EDGE('',*,*,#5831,.T.);
#6554 = ORIENTED_EDGE('',*,*,#6532,.T.);
#6555 = ORIENTED_EDGE('',*,*,#6251,.F.);
#6556 = PLANE('',#6557);
#6557 = AXIS2_PLACEMENT_3D('',#6558,#6559,#6560);
#6558 = CARTESIAN_POINT('',(9.7,-6.471930009001,31.100357133747));
#6559 = DIRECTION('',(-8.799220673267E-18,-0.707106781187,0.707106781187
    ));
#6560 = DIRECTION('',(1.,8.132803500968E-17,9.377201222413E-17));
#6561 = ADVANCED_FACE('',(#6562),#6573,.T.);
#6562 = FACE_BOUND('',#6563,.T.);
#6563 = EDGE_LOOP('',(#6564,#6565,#6566,#6567));
#6564 = ORIENTED_EDGE('',*,*,#5823,.T.);
#6565 = ORIENTED_EDGE('',*,*,#6548,.T.);
#6566 = ORIENTED_EDGE('',*,*,#6243,.F.);
#6567 = ORIENTED_EDGE('',*,*,#6568,.F.);
#6568 = EDGE_CURVE('',#5816,#6236,#6569,.T.);
#6569 = LINE('',#6570,#6571);
#6570 = CARTESIAN_POINT('',(9.7,-6.860838738653,31.559976541518));
#6571 = VECTOR('',#6572,1.);
#6572 = DIRECTION('',(-1.238144307851E-16,0.707106781187,0.707106781187)
  );
#6573 = PLANE('',#6574);
#6574 = AXIS2_PLACEMENT_3D('',#6575,#6576,#6577);
#6575 = CARTESIAN_POINT('',(9.7,-6.471930009001,31.100357133747));
#6576 = DIRECTION('',(1.,8.132803500968E-17,9.377201222413E-17));
#6577 = DIRECTION('',(-8.799220673267E-18,-0.707106781187,0.707106781187
    ));
#6578 = ADVANCED_FACE('',(#6579),#6590,.T.);
#6579 = FACE_BOUND('',#6580,.T.);
#6580 = EDGE_LOOP('',(#6581,#6582,#6588,#6589));
#6581 = ORIENTED_EDGE('',*,*,#6235,.F.);
#6582 = ORIENTED_EDGE('',*,*,#6583,.F.);
#6583 = EDGE_CURVE('',#5808,#6228,#6584,.T.);
#6584 = LINE('',#6585,#6586);
#6585 = CARTESIAN_POINT('',(-9.7,-6.860838738653,31.559976541518));
#6586 = VECTOR('',#6587,1.);
#6587 = DIRECTION('',(-1.238144307851E-16,0.707106781187,0.707106781187)
  );
#6588 = ORIENTED_EDGE('',*,*,#5815,.T.);
#6589 = ORIENTED_EDGE('',*,*,#6568,.T.);
#6590 = PLANE('',#6591);
#6591 = AXIS2_PLACEMENT_3D('',#6592,#6593,#6594);
#6592 = CARTESIAN_POINT('',(-13.,-6.825483399594,31.595331880577));
#6593 = DIRECTION('',(-8.799220673267E-18,-0.707106781187,0.707106781187
    ));
#6594 = DIRECTION('',(1.,8.132803500968E-17,9.377201222413E-17));
#6595 = ADVANCED_FACE('',(#6596),#6607,.F.);
#6596 = FACE_BOUND('',#6597,.F.);
#6597 = EDGE_LOOP('',(#6598,#6599,#6605,#6606));
#6598 = ORIENTED_EDGE('',*,*,#5807,.T.);
#6599 = ORIENTED_EDGE('',*,*,#6600,.T.);
#6600 = EDGE_CURVE('',#5800,#6220,#6601,.T.);
#6601 = LINE('',#6602,#6603);
#6602 = CARTESIAN_POINT('',(-9.7,-6.471930009001,31.100357133747));
#6603 = VECTOR('',#6604,1.);
#6604 = DIRECTION('',(-1.238144307851E-16,0.707106781187,0.707106781187)
  );
#6605 = ORIENTED_EDGE('',*,*,#6227,.F.);
#6606 = ORIENTED_EDGE('',*,*,#6583,.F.);
#6607 = PLANE('',#6608);
#6608 = AXIS2_PLACEMENT_3D('',#6609,#6610,#6611);
#6609 = CARTESIAN_POINT('',(-9.7,-6.471930009001,31.100357133747));
#6610 = DIRECTION('',(1.,8.132803500968E-17,9.377201222413E-17));
#6611 = DIRECTION('',(-8.799220673267E-18,-0.707106781187,0.707106781187
    ));
#6612 = ADVANCED_FACE('',(#6613),#6624,.T.);
#6613 = FACE_BOUND('',#6614,.T.);
#6614 = EDGE_LOOP('',(#6615,#6621,#6622,#6623));
#6615 = ORIENTED_EDGE('',*,*,#6616,.F.);
#6616 = EDGE_CURVE('',#5792,#6212,#6617,.T.);
#6617 = LINE('',#6618,#6619);
#6618 = CARTESIAN_POINT('',(-10.3,-6.471930009001,31.100357133747));
#6619 = VECTOR('',#6620,1.);
#6620 = DIRECTION('',(-1.238144307851E-16,0.707106781187,0.707106781187)
  );
#6621 = ORIENTED_EDGE('',*,*,#5799,.T.);
#6622 = ORIENTED_EDGE('',*,*,#6600,.T.);
#6623 = ORIENTED_EDGE('',*,*,#6219,.F.);
#6624 = PLANE('',#6625);
#6625 = AXIS2_PLACEMENT_3D('',#6626,#6627,#6628);
#6626 = CARTESIAN_POINT('',(-10.3,-6.471930009001,31.100357133747));
#6627 = DIRECTION('',(-8.799220673267E-18,-0.707106781187,0.707106781187
    ));
#6628 = DIRECTION('',(1.,8.132803500968E-17,9.377201222413E-17));
#6629 = ADVANCED_FACE('',(#6630),#6636,.T.);
#6630 = FACE_BOUND('',#6631,.T.);
#6631 = EDGE_LOOP('',(#6632,#6633,#6634,#6635));
#6632 = ORIENTED_EDGE('',*,*,#5791,.T.);
#6633 = ORIENTED_EDGE('',*,*,#6616,.T.);
#6634 = ORIENTED_EDGE('',*,*,#6211,.F.);
#6635 = ORIENTED_EDGE('',*,*,#6356,.F.);
#6636 = PLANE('',#6637);
#6637 = AXIS2_PLACEMENT_3D('',#6638,#6639,#6640);
#6638 = CARTESIAN_POINT('',(-10.3,-6.471930009001,31.100357133747));
#6639 = DIRECTION('',(1.,8.132803500968E-17,9.377201222413E-17));
#6640 = DIRECTION('',(-8.799220673267E-18,-0.707106781187,0.707106781187
    ));
#6641 = ADVANCED_FACE('',(#6642),#6653,.T.);
#6642 = FACE_BOUND('',#6643,.T.);
#6643 = EDGE_LOOP('',(#6644,#6650,#6651,#6652));
#6644 = ORIENTED_EDGE('',*,*,#6645,.F.);
#6645 = EDGE_CURVE('',#5745,#6332,#6646,.T.);
#6646 = LINE('',#6647,#6648);
#6647 = CARTESIAN_POINT('',(-10.3,4.700357133747,19.928069990999));
#6648 = VECTOR('',#6649,1.);
#6649 = DIRECTION('',(-1.238144307851E-16,0.707106781187,0.707106781187)
  );
#6650 = ORIENTED_EDGE('',*,*,#5752,.T.);
#6651 = ORIENTED_EDGE('',*,*,#6187,.T.);
#6652 = ORIENTED_EDGE('',*,*,#6339,.F.);
#6653 = PLANE('',#6654);
#6654 = AXIS2_PLACEMENT_3D('',#6655,#6656,#6657);
#6655 = CARTESIAN_POINT('',(-10.3,5.548885271171,19.079541853576));
#6656 = DIRECTION('',(1.,8.132803500968E-17,9.377201222413E-17));
#6657 = DIRECTION('',(-8.799220673267E-18,-0.707106781187,0.707106781187
    ));
#6658 = ADVANCED_FACE('',(#6659),#6670,.F.);
#6659 = FACE_BOUND('',#6660,.F.);
#6660 = EDGE_LOOP('',(#6661,#6662,#6663,#6669));
#6661 = ORIENTED_EDGE('',*,*,#6645,.F.);
#6662 = ORIENTED_EDGE('',*,*,#5744,.T.);
#6663 = ORIENTED_EDGE('',*,*,#6664,.T.);
#6664 = EDGE_CURVE('',#5737,#6324,#6665,.T.);
#6665 = LINE('',#6666,#6667);
#6666 = CARTESIAN_POINT('',(-9.7,4.700357133747,19.928069990999));
#6667 = VECTOR('',#6668,1.);
#6668 = DIRECTION('',(-1.238144307851E-16,0.707106781187,0.707106781187)
  );
#6669 = ORIENTED_EDGE('',*,*,#6331,.F.);
#6670 = PLANE('',#6671);
#6671 = AXIS2_PLACEMENT_3D('',#6672,#6673,#6674);
#6672 = CARTESIAN_POINT('',(-10.3,4.700357133747,19.928069990999));
#6673 = DIRECTION('',(-8.799220673267E-18,-0.707106781187,0.707106781187
    ));
#6674 = DIRECTION('',(1.,8.132803500968E-17,9.377201222413E-17));
#6675 = ADVANCED_FACE('',(#6676),#6687,.F.);
#6676 = FACE_BOUND('',#6677,.F.);
#6677 = EDGE_LOOP('',(#6678,#6679,#6680,#6686));
#6678 = ORIENTED_EDGE('',*,*,#6664,.F.);
#6679 = ORIENTED_EDGE('',*,*,#5736,.T.);
#6680 = ORIENTED_EDGE('',*,*,#6681,.T.);
#6681 = EDGE_CURVE('',#5729,#6316,#6682,.T.);
#6682 = LINE('',#6683,#6684);
#6683 = CARTESIAN_POINT('',(-9.7,5.159976541518,19.539161261347));
#6684 = VECTOR('',#6685,1.);
#6685 = DIRECTION('',(-1.238144307851E-16,0.707106781187,0.707106781187)
  );
#6686 = ORIENTED_EDGE('',*,*,#6323,.F.);
#6687 = PLANE('',#6688);
#6688 = AXIS2_PLACEMENT_3D('',#6689,#6690,#6691);
#6689 = CARTESIAN_POINT('',(-9.7,5.548885271171,19.079541853576));
#6690 = DIRECTION('',(1.,8.132803500968E-17,9.377201222413E-17));
#6691 = DIRECTION('',(-8.799220673267E-18,-0.707106781187,0.707106781187
    ));
#6692 = ADVANCED_FACE('',(#6693),#6704,.F.);
#6693 = FACE_BOUND('',#6694,.F.);
#6694 = EDGE_LOOP('',(#6695,#6696,#6697,#6698));
#6695 = ORIENTED_EDGE('',*,*,#6315,.F.);
#6696 = ORIENTED_EDGE('',*,*,#6681,.F.);
#6697 = ORIENTED_EDGE('',*,*,#5728,.T.);
#6698 = ORIENTED_EDGE('',*,*,#6699,.T.);
#6699 = EDGE_CURVE('',#5721,#6308,#6700,.T.);
#6700 = LINE('',#6701,#6702);
#6701 = CARTESIAN_POINT('',(9.7,5.159976541518,19.539161261347));
#6702 = VECTOR('',#6703,1.);
#6703 = DIRECTION('',(-1.238144307851E-16,0.707106781187,0.707106781187)
  );
#6704 = PLANE('',#6705);
#6705 = AXIS2_PLACEMENT_3D('',#6706,#6707,#6708);
#6706 = CARTESIAN_POINT('',(-13.,5.195331880577,19.574516600406));
#6707 = DIRECTION('',(-8.799220673267E-18,-0.707106781187,0.707106781187
    ));
#6708 = DIRECTION('',(1.,8.132803500968E-17,9.377201222413E-17));
#6709 = ADVANCED_FACE('',(#6710),#6721,.T.);
#6710 = FACE_BOUND('',#6711,.T.);
#6711 = EDGE_LOOP('',(#6712,#6718,#6719,#6720));
#6712 = ORIENTED_EDGE('',*,*,#6713,.F.);
#6713 = EDGE_CURVE('',#5713,#6300,#6714,.T.);
#6714 = LINE('',#6715,#6716);
#6715 = CARTESIAN_POINT('',(9.7,4.700357133747,19.928069990999));
#6716 = VECTOR('',#6717,1.);
#6717 = DIRECTION('',(-1.238144307851E-16,0.707106781187,0.707106781187)
  );
#6718 = ORIENTED_EDGE('',*,*,#5720,.T.);
#6719 = ORIENTED_EDGE('',*,*,#6699,.T.);
#6720 = ORIENTED_EDGE('',*,*,#6307,.F.);
#6721 = PLANE('',#6722);
#6722 = AXIS2_PLACEMENT_3D('',#6723,#6724,#6725);
#6723 = CARTESIAN_POINT('',(9.7,5.548885271171,19.079541853576));
#6724 = DIRECTION('',(1.,8.132803500968E-17,9.377201222413E-17));
#6725 = DIRECTION('',(-8.799220673267E-18,-0.707106781187,0.707106781187
    ));
#6726 = ADVANCED_FACE('',(#6727),#6738,.F.);
#6727 = FACE_BOUND('',#6728,.F.);
#6728 = EDGE_LOOP('',(#6729,#6730,#6731,#6737));
#6729 = ORIENTED_EDGE('',*,*,#6713,.F.);
#6730 = ORIENTED_EDGE('',*,*,#5712,.T.);
#6731 = ORIENTED_EDGE('',*,*,#6732,.T.);
#6732 = EDGE_CURVE('',#5705,#6292,#6733,.T.);
#6733 = LINE('',#6734,#6735);
#6734 = CARTESIAN_POINT('',(10.3,4.700357133747,19.928069990999));
#6735 = VECTOR('',#6736,1.);
#6736 = DIRECTION('',(-1.238144307851E-16,0.707106781187,0.707106781187)
  );
#6737 = ORIENTED_EDGE('',*,*,#6299,.F.);
#6738 = PLANE('',#6739);
#6739 = AXIS2_PLACEMENT_3D('',#6740,#6741,#6742);
#6740 = CARTESIAN_POINT('',(9.7,4.700357133747,19.928069990999));
#6741 = DIRECTION('',(-8.799220673267E-18,-0.707106781187,0.707106781187
    ));
#6742 = DIRECTION('',(1.,8.132803500968E-17,9.377201222413E-17));
#6743 = ADVANCED_FACE('',(#6744),#6755,.F.);
#6744 = FACE_BOUND('',#6745,.F.);
#6745 = EDGE_LOOP('',(#6746,#6747,#6748,#6754));
#6746 = ORIENTED_EDGE('',*,*,#6732,.F.);
#6747 = ORIENTED_EDGE('',*,*,#5704,.T.);
#6748 = ORIENTED_EDGE('',*,*,#6749,.T.);
#6749 = EDGE_CURVE('',#5697,#6284,#6750,.T.);
#6750 = LINE('',#6751,#6752);
#6751 = CARTESIAN_POINT('',(10.3,5.159976541518,19.539161261347));
#6752 = VECTOR('',#6753,1.);
#6753 = DIRECTION('',(-1.238144307851E-16,0.707106781187,0.707106781187)
  );
#6754 = ORIENTED_EDGE('',*,*,#6291,.F.);
#6755 = PLANE('',#6756);
#6756 = AXIS2_PLACEMENT_3D('',#6757,#6758,#6759);
#6757 = CARTESIAN_POINT('',(10.3,5.548885271171,19.079541853576));
#6758 = DIRECTION('',(1.,8.132803500968E-17,9.377201222413E-17));
#6759 = DIRECTION('',(-8.799220673267E-18,-0.707106781187,0.707106781187
    ));
#6760 = ADVANCED_FACE('',(#6761),#6767,.F.);
#6761 = FACE_BOUND('',#6762,.F.);
#6762 = EDGE_LOOP('',(#6763,#6764,#6765,#6766));
#6763 = ORIENTED_EDGE('',*,*,#6283,.F.);
#6764 = ORIENTED_EDGE('',*,*,#6749,.F.);
#6765 = ORIENTED_EDGE('',*,*,#5696,.T.);
#6766 = ORIENTED_EDGE('',*,*,#6394,.T.);
#6767 = PLANE('',#6768);
#6768 = AXIS2_PLACEMENT_3D('',#6769,#6770,#6771);
#6769 = CARTESIAN_POINT('',(-13.,5.195331880577,19.574516600406));
#6770 = DIRECTION('',(-8.799220673267E-18,-0.707106781187,0.707106781187
    ));
#6771 = DIRECTION('',(1.,8.132803500968E-17,9.377201222413E-17));
#6772 = ADVANCED_FACE('',(#6773,#6781),#6792,.F.);
#6773 = FACE_BOUND('',#6774,.F.);
#6774 = EDGE_LOOP('',(#6775,#6776,#6777,#6778,#6779,#6780));
#6775 = ORIENTED_EDGE('',*,*,#6072,.T.);
#6776 = ORIENTED_EDGE('',*,*,#5952,.T.);
#6777 = ORIENTED_EDGE('',*,*,#5976,.T.);
#6778 = ORIENTED_EDGE('',*,*,#6000,.T.);
#6779 = ORIENTED_EDGE('',*,*,#6024,.T.);
#6780 = ORIENTED_EDGE('',*,*,#6048,.T.);
#6781 = FACE_BOUND('',#6782,.F.);
#6782 = EDGE_LOOP('',(#6783));
#6783 = ORIENTED_EDGE('',*,*,#6784,.T.);
#6784 = EDGE_CURVE('',#6785,#6785,#6787,.T.);
#6785 = VERTEX_POINT('',#6786);
#6786 = CARTESIAN_POINT('',(-7.75,-4.42132034356,18.443145750508));
#6787 = CIRCLE('',#6788,1.65);
#6788 = AXIS2_PLACEMENT_3D('',#6789,#6790,#6791);
#6789 = CARTESIAN_POINT('',(-9.4,-4.42132034356,18.443145750508));
#6790 = DIRECTION('',(8.799220673267E-18,0.707106781187,-0.707106781187)
  );
#6791 = DIRECTION('',(1.,8.132803500968E-17,9.377201222413E-17));
#6792 = PLANE('',#6793);
#6793 = AXIS2_PLACEMENT_3D('',#6794,#6795,#6796);
#6794 = CARTESIAN_POINT('',(-9.4,-4.42132034356,18.443145750508));
#6795 = DIRECTION('',(-8.799220673267E-18,-0.707106781187,0.707106781187
    ));
#6796 = DIRECTION('',(1.,8.132803500968E-17,9.377201222413E-17));
#6797 = ADVANCED_FACE('',(#6798),#6817,.F.);
#6798 = FACE_BOUND('',#6799,.T.);
#6799 = EDGE_LOOP('',(#6800,#6801,#6809,#6816));
#6800 = ORIENTED_EDGE('',*,*,#6120,.T.);
#6801 = ORIENTED_EDGE('',*,*,#6802,.T.);
#6802 = EDGE_CURVE('',#6121,#6803,#6805,.T.);
#6803 = VERTEX_POINT('',#6804);
#6804 = CARTESIAN_POINT('',(-7.75,-8.310407640086,22.332233047034));
#6805 = LINE('',#6806,#6807);
#6806 = CARTESIAN_POINT('',(-7.75,-1.946446609407,15.968272016355));
#6807 = VECTOR('',#6808,1.);
#6808 = DIRECTION('',(-8.799220673267E-18,-0.707106781187,0.707106781187
    ));
#6809 = ORIENTED_EDGE('',*,*,#6810,.F.);
#6810 = EDGE_CURVE('',#6803,#6803,#6811,.T.);
#6811 = CIRCLE('',#6812,1.65);
#6812 = AXIS2_PLACEMENT_3D('',#6813,#6814,#6815);
#6813 = CARTESIAN_POINT('',(-9.4,-8.310407640086,22.332233047034));
#6814 = DIRECTION('',(8.799220673267E-18,0.707106781187,-0.707106781187)
  );
#6815 = DIRECTION('',(1.,8.132803500968E-17,9.377201222413E-17));
#6816 = ORIENTED_EDGE('',*,*,#6802,.F.);
#6817 = CYLINDRICAL_SURFACE('',#6818,1.65);
#6818 = AXIS2_PLACEMENT_3D('',#6819,#6820,#6821);
#6819 = CARTESIAN_POINT('',(-9.4,-1.946446609407,15.968272016355));
#6820 = DIRECTION('',(8.799220673267E-18,0.707106781187,-0.707106781187)
  );
#6821 = DIRECTION('',(1.,8.132803500968E-17,9.377201222413E-17));
#6822 = ADVANCED_FACE('',(#6823),#6834,.F.);
#6823 = FACE_BOUND('',#6824,.T.);
#6824 = EDGE_LOOP('',(#6825,#6826,#6832,#6833));
#6825 = ORIENTED_EDGE('',*,*,#6784,.T.);
#6826 = ORIENTED_EDGE('',*,*,#6827,.T.);
#6827 = EDGE_CURVE('',#6785,#6161,#6828,.T.);
#6828 = LINE('',#6829,#6830);
#6829 = CARTESIAN_POINT('',(-7.75,-1.946446609407,15.968272016355));
#6830 = VECTOR('',#6831,1.);
#6831 = DIRECTION('',(-8.799220673267E-18,-0.707106781187,0.707106781187
    ));
#6832 = ORIENTED_EDGE('',*,*,#6160,.F.);
#6833 = ORIENTED_EDGE('',*,*,#6827,.F.);
#6834 = CYLINDRICAL_SURFACE('',#6835,1.65);
#6835 = AXIS2_PLACEMENT_3D('',#6836,#6837,#6838);
#6836 = CARTESIAN_POINT('',(-9.4,-1.946446609407,15.968272016355));
#6837 = DIRECTION('',(8.799220673267E-18,0.707106781187,-0.707106781187)
  );
#6838 = DIRECTION('',(1.,8.132803500968E-17,9.377201222413E-17));
#6839 = ADVANCED_FACE('',(#6840),#6859,.F.);
#6840 = FACE_BOUND('',#6841,.T.);
#6841 = EDGE_LOOP('',(#6842,#6851,#6857,#6858));
#6842 = ORIENTED_EDGE('',*,*,#6843,.F.);
#6843 = EDGE_CURVE('',#6844,#6844,#6846,.T.);
#6844 = VERTEX_POINT('',#6845);
#6845 = CARTESIAN_POINT('',(-6.5,-8.310407640086,22.332233047034));
#6846 = CIRCLE('',#6847,2.9);
#6847 = AXIS2_PLACEMENT_3D('',#6848,#6849,#6850);
#6848 = CARTESIAN_POINT('',(-9.4,-8.310407640086,22.332233047034));
#6849 = DIRECTION('',(-8.799220673267E-18,-0.707106781187,0.707106781187
    ));
#6850 = DIRECTION('',(1.,8.132803500968E-17,9.377201222413E-17));
#6851 = ORIENTED_EDGE('',*,*,#6852,.T.);
#6852 = EDGE_CURVE('',#6844,#6377,#6853,.T.);
#6853 = LINE('',#6854,#6855);
#6854 = CARTESIAN_POINT('',(-6.5,-8.310407640086,22.332233047034));
#6855 = VECTOR('',#6856,1.);
#6856 = DIRECTION('',(-8.799220673267E-18,-0.707106781187,0.707106781187
    ));
#6857 = ORIENTED_EDGE('',*,*,#6376,.F.);
#6858 = ORIENTED_EDGE('',*,*,#6852,.F.);
#6859 = CYLINDRICAL_SURFACE('',#6860,2.9);
#6860 = AXIS2_PLACEMENT_3D('',#6861,#6862,#6863);
#6861 = CARTESIAN_POINT('',(-9.4,-8.310407640086,22.332233047034));
#6862 = DIRECTION('',(8.799220673267E-18,0.707106781187,-0.707106781187)
  );
#6863 = DIRECTION('',(1.,8.132803500968E-17,9.377201222413E-17));
#6864 = ADVANCED_FACE('',(#6865),#6871,.F.);
#6865 = FACE_BOUND('',#6866,.F.);
#6866 = EDGE_LOOP('',(#6867,#6868,#6869,#6870));
#6867 = ORIENTED_EDGE('',*,*,#6457,.F.);
#6868 = ORIENTED_EDGE('',*,*,#6473,.T.);
#6869 = ORIENTED_EDGE('',*,*,#6498,.T.);
#6870 = ORIENTED_EDGE('',*,*,#6416,.F.);
#6871 = PLANE('',#6872);
#6872 = AXIS2_PLACEMENT_3D('',#6873,#6874,#6875);
#6873 = CARTESIAN_POINT('',(9.5,-7.603300858899,13.846951672795));
#6874 = DIRECTION('',(-1.238144307851E-16,0.707106781187,0.707106781187)
  );
#6875 = DIRECTION('',(-8.799220673267E-18,-0.707106781187,0.707106781187
    ));
#6876 = ADVANCED_FACE('',(#6877),#6896,.F.);
#6877 = FACE_BOUND('',#6878,.T.);
#6878 = EDGE_LOOP('',(#6879,#6888,#6894,#6895));
#6879 = ORIENTED_EDGE('',*,*,#6880,.F.);
#6880 = EDGE_CURVE('',#6881,#6881,#6883,.T.);
#6881 = VERTEX_POINT('',#6882);
#6882 = CARTESIAN_POINT('',(10.7,-6.118376618407,16.604668119423));
#6883 = CIRCLE('',#6884,2.6);
#6884 = AXIS2_PLACEMENT_3D('',#6885,#6886,#6887);
#6885 = CARTESIAN_POINT('',(10.7,-7.956854249492,18.443145750508));
#6886 = DIRECTION('',(1.,-7.56812108587E-17,2.507812580925E-16));
#6887 = DIRECTION('',(2.308438255983E-16,0.707106781187,-0.707106781187)
  );
#6888 = ORIENTED_EDGE('',*,*,#6889,.T.);
#6889 = EDGE_CURVE('',#6881,#6433,#6890,.T.);
#6890 = LINE('',#6891,#6892);
#6891 = CARTESIAN_POINT('',(10.7,-6.118376618407,16.604668119423));
#6892 = VECTOR('',#6893,1.);
#6893 = DIRECTION('',(1.,-7.56812108587E-17,2.507812580925E-16));
#6894 = ORIENTED_EDGE('',*,*,#6432,.F.);
#6895 = ORIENTED_EDGE('',*,*,#6889,.F.);
#6896 = CYLINDRICAL_SURFACE('',#6897,2.6);
#6897 = AXIS2_PLACEMENT_3D('',#6898,#6899,#6900);
#6898 = CARTESIAN_POINT('',(10.7,-7.956854249492,18.443145750508));
#6899 = DIRECTION('',(-1.,7.56812108587E-17,-2.507812580925E-16));
#6900 = DIRECTION('',(2.308438255983E-16,0.707106781187,-0.707106781187)
  );
#6901 = ADVANCED_FACE('',(#6902,#6905),#6908,.T.);
#6902 = FACE_BOUND('',#6903,.T.);
#6903 = EDGE_LOOP('',(#6904));
#6904 = ORIENTED_EDGE('',*,*,#6843,.T.);
#6905 = FACE_BOUND('',#6906,.T.);
#6906 = EDGE_LOOP('',(#6907));
#6907 = ORIENTED_EDGE('',*,*,#6810,.T.);
#6908 = PLANE('',#6909);
#6909 = AXIS2_PLACEMENT_3D('',#6910,#6911,#6912);
#6910 = CARTESIAN_POINT('',(-9.4,-8.310407640086,22.332233047034));
#6911 = DIRECTION('',(-8.799220673267E-18,-0.707106781187,0.707106781187
    ));
#6912 = DIRECTION('',(1.,8.132803500968E-17,9.377201222413E-17));
#6913 = ADVANCED_FACE('',(#6914),#6917,.T.);
#6914 = FACE_BOUND('',#6915,.F.);
#6915 = EDGE_LOOP('',(#6916));
#6916 = ORIENTED_EDGE('',*,*,#6880,.F.);
#6917 = PLANE('',#6918);
#6918 = AXIS2_PLACEMENT_3D('',#6919,#6920,#6921);
#6919 = CARTESIAN_POINT('',(10.7,-7.956854249492,18.443145750508));
#6920 = DIRECTION('',(1.,-7.56812108587E-17,2.507812580925E-16));
#6921 = DIRECTION('',(2.308438255983E-16,0.707106781187,-0.707106781187)
  );
#6922 = ( GEOMETRIC_REPRESENTATION_CONTEXT(3) 
GLOBAL_UNCERTAINTY_ASSIGNED_CONTEXT((#6926)) 
GLOBAL_UNIT_ASSIGNED_CONTEXT((#6923,#6924,#6925)) REPRESENTATION_CONTEXT
('Context #1','3D Context with UNIT and UNCERTAINTY') );
#6923 = ( LENGTH_UNIT() NAMED_UNIT(*) SI_UNIT(.MILLI.,.METRE.) );
#6924 = ( NAMED_UNIT(*) PLANE_ANGLE_UNIT() SI_UNIT($,.RADIAN.) );
#6925 = ( NAMED_UNIT(*) SI_UNIT($,.STERADIAN.) SOLID_ANGLE_UNIT() );
#6926 = UNCERTAINTY_MEASURE_WITH_UNIT(LENGTH_MEASURE(1.E-05),#6923,
  'distance_accuracy_value','confusion accuracy');
#6927 = CONTEXT_DEPENDENT_SHAPE_REPRESENTATION(#6928,#6930);
#6928 = ( REPRESENTATION_RELATIONSHIP('','',#5469,#10) 
REPRESENTATION_RELATIONSHIP_WITH_TRANSFORMATION(#6929) 
SHAPE_REPRESENTATION_RELATIONSHIP() );
#6929 = ITEM_DEFINED_TRANSFORMATION('','',#11,#23);
#6930 = PRODUCT_DEFINITION_SHAPE('Placement','Placement of an item',
  #6931);
#6931 = NEXT_ASSEMBLY_USAGE_OCCURRENCE('3','Mirror clamp (printed)','',
  #5,#5464,$);
#6932 = PRODUCT_RELATED_PRODUCT_CATEGORY('part',$,(#5466));
#6933 = SHAPE_DEFINITION_REPRESENTATION(#6934,#6940);
#6934 = PRODUCT_DEFINITION_SHAPE('','',#6935);
#6935 = PRODUCT_DEFINITION('design','',#6936,#6939);
#6936 = PRODUCT_DEFINITION_FORMATION('','',#6937);
#6937 = PRODUCT('Wrist puck with dovetail rail (printed)',
  'Wrist puck with dovetail rail (printed)','',(#6938));
#6938 = PRODUCT_CONTEXT('',#2,'mechanical');
#6939 = PRODUCT_DEFINITION_CONTEXT('part definition',#2,'design');
#6940 = ADVANCED_BREP_SHAPE_REPRESENTATION('',(#11,#6941),#7873);
#6941 = MANIFOLD_SOLID_BREP('',#6942);
#6942 = CLOSED_SHELL('',(#6943,#7116,#7136,#7152,#7201,#7217,#7257,#7267
    ,#7283,#7323,#7333,#7349,#7380,#7390,#7401,#7426,#7482,#7502,#7527,
    #7552,#7577,#7602,#7627,#7647,#7667,#7687,#7707,#7771,#7788,#7805,
    #7822,#7839,#7864));
#6943 = ADVANCED_FACE('',(#6944),#7111,.T.);
#6944 = FACE_BOUND('',#6945,.F.);
#6945 = EDGE_LOOP('',(#6946,#6955,#6963,#6972,#6980,#6989,#6998,#7007,
    #7016,#7025,#7033,#7042,#7050,#7059,#7068,#7077,#7086,#7095,#7103,
    #7110));
#6946 = ORIENTED_EDGE('',*,*,#6947,.F.);
#6947 = EDGE_CURVE('',#6948,#6948,#6950,.T.);
#6948 = VERTEX_POINT('',#6949);
#6949 = CARTESIAN_POINT('',(14.5,-3.551475717527E-15,0.));
#6950 = CIRCLE('',#6951,14.5);
#6951 = AXIS2_PLACEMENT_3D('',#6952,#6953,#6954);
#6952 = CARTESIAN_POINT('',(0.,0.,0.));
#6953 = DIRECTION('',(0.,0.,1.));
#6954 = DIRECTION('',(1.,0.,0.));
#6955 = ORIENTED_EDGE('',*,*,#6956,.T.);
#6956 = EDGE_CURVE('',#6948,#6957,#6959,.T.);
#6957 = VERTEX_POINT('',#6958);
#6958 = CARTESIAN_POINT('',(14.5,-3.551475717527E-15,5.));
#6959 = LINE('',#6960,#6961);
#6960 = CARTESIAN_POINT('',(14.5,-3.551475717527E-15,0.));
#6961 = VECTOR('',#6962,1.);
#6962 = DIRECTION('',(0.,0.,1.));
#6963 = ORIENTED_EDGE('',*,*,#6964,.T.);
#6964 = EDGE_CURVE('',#6957,#6965,#6967,.T.);
#6965 = VERTEX_POINT('',#6966);
#6966 = CARTESIAN_POINT('',(13.75,4.60298815988,5.));
#6967 = CIRCLE('',#6968,14.5);
#6968 = AXIS2_PLACEMENT_3D('',#6969,#6970,#6971);
#6969 = CARTESIAN_POINT('',(0.,0.,5.));
#6970 = DIRECTION('',(0.,0.,1.));
#6971 = DIRECTION('',(1.,0.,0.));
#6972 = ORIENTED_EDGE('',*,*,#6973,.T.);
#6973 = EDGE_CURVE('',#6965,#6974,#6976,.T.);
#6974 = VERTEX_POINT('',#6975);
#6975 = CARTESIAN_POINT('',(13.75,4.60298815988,4.99));
#6976 = LINE('',#6977,#6978);
#6977 = CARTESIAN_POINT('',(13.75,4.60298815988,0.));
#6978 = VECTOR('',#6979,1.);
#6979 = DIRECTION('',(-0.,-0.,-1.));
#6980 = ORIENTED_EDGE('',*,*,#6981,.F.);
#6981 = EDGE_CURVE('',#6982,#6974,#6984,.T.);
#6982 = VERTEX_POINT('',#6983);
#6983 = CARTESIAN_POINT('',(11.747340124471,8.5,4.99));
#6984 = CIRCLE('',#6985,14.5);
#6985 = AXIS2_PLACEMENT_3D('',#6986,#6987,#6988);
#6986 = CARTESIAN_POINT('',(0.,0.,4.99));
#6987 = DIRECTION('',(0.,0.,-1.));
#6988 = DIRECTION('',(1.,0.,0.));
#6989 = ORIENTED_EDGE('',*,*,#6990,.F.);
#6990 = EDGE_CURVE('',#6991,#6982,#6993,.T.);
#6991 = VERTEX_POINT('',#6992);
#6992 = CARTESIAN_POINT('',(11.743973081912,8.504651447962,5.));
#6993 = ELLIPSE('',#6994,34.380393548476,14.5);
#6994 = AXIS2_PLACEMENT_3D('',#6995,#6996,#6997);
#6995 = CARTESIAN_POINT('',(0.,0.,-13.28387959639));
#6996 = DIRECTION('',(0.,0.906711224213,-0.421752007567));
#6997 = DIRECTION('',(0.,-0.421752007567,-0.906711224213));
#6998 = ORIENTED_EDGE('',*,*,#6999,.T.);
#6999 = EDGE_CURVE('',#6991,#7000,#7002,.T.);
#7000 = VERTEX_POINT('',#7001);
#7001 = CARTESIAN_POINT('',(-11.74397308191,8.504651447962,5.));
#7002 = CIRCLE('',#7003,14.5);
#7003 = AXIS2_PLACEMENT_3D('',#7004,#7005,#7006);
#7004 = CARTESIAN_POINT('',(0.,0.,5.));
#7005 = DIRECTION('',(0.,0.,1.));
#7006 = DIRECTION('',(1.,0.,0.));
#7007 = ORIENTED_EDGE('',*,*,#7008,.F.);
#7008 = EDGE_CURVE('',#7009,#7000,#7011,.T.);
#7009 = VERTEX_POINT('',#7010);
#7010 = CARTESIAN_POINT('',(-11.74734012447,8.5,4.99));
#7011 = ELLIPSE('',#7012,34.380393548476,14.5);
#7012 = AXIS2_PLACEMENT_3D('',#7013,#7014,#7015);
#7013 = CARTESIAN_POINT('',(0.,0.,-13.28387959639));
#7014 = DIRECTION('',(0.,0.906711224213,-0.421752007567));
#7015 = DIRECTION('',(0.,-0.421752007567,-0.906711224213));
#7016 = ORIENTED_EDGE('',*,*,#7017,.F.);
#7017 = EDGE_CURVE('',#7018,#7009,#7020,.T.);
#7018 = VERTEX_POINT('',#7019);
#7019 = CARTESIAN_POINT('',(-13.25,5.889609494695,4.99));
#7020 = CIRCLE('',#7021,14.5);
#7021 = AXIS2_PLACEMENT_3D('',#7022,#7023,#7024);
#7022 = CARTESIAN_POINT('',(0.,0.,4.99));
#7023 = DIRECTION('',(0.,0.,-1.));
#7024 = DIRECTION('',(1.,0.,0.));
#7025 = ORIENTED_EDGE('',*,*,#7026,.F.);
#7026 = EDGE_CURVE('',#7027,#7018,#7029,.T.);
#7027 = VERTEX_POINT('',#7028);
#7028 = CARTESIAN_POINT('',(-13.25,5.889609494695,5.));
#7029 = LINE('',#7030,#7031);
#7030 = CARTESIAN_POINT('',(-13.25,5.889609494695,0.));
#7031 = VECTOR('',#7032,1.);
#7032 = DIRECTION('',(-0.,-0.,-1.));
#7033 = ORIENTED_EDGE('',*,*,#7034,.T.);
#7034 = EDGE_CURVE('',#7027,#7035,#7037,.T.);
#7035 = VERTEX_POINT('',#7036);
#7036 = CARTESIAN_POINT('',(-13.25,-5.889609494695,5.));
#7037 = CIRCLE('',#7038,14.5);
#7038 = AXIS2_PLACEMENT_3D('',#7039,#7040,#7041);
#7039 = CARTESIAN_POINT('',(0.,0.,5.));
#7040 = DIRECTION('',(0.,0.,1.));
#7041 = DIRECTION('',(1.,0.,0.));
#7042 = ORIENTED_EDGE('',*,*,#7043,.T.);
#7043 = EDGE_CURVE('',#7035,#7044,#7046,.T.);
#7044 = VERTEX_POINT('',#7045);
#7045 = CARTESIAN_POINT('',(-13.25,-5.889609494695,4.99));
#7046 = LINE('',#7047,#7048);
#7047 = CARTESIAN_POINT('',(-13.25,-5.889609494695,0.));
#7048 = VECTOR('',#7049,1.);
#7049 = DIRECTION('',(-0.,-0.,-1.));
#7050 = ORIENTED_EDGE('',*,*,#7051,.F.);
#7051 = EDGE_CURVE('',#7052,#7044,#7054,.T.);
#7052 = VERTEX_POINT('',#7053);
#7053 = CARTESIAN_POINT('',(-11.74734012447,-8.5,4.99));
#7054 = CIRCLE('',#7055,14.5);
#7055 = AXIS2_PLACEMENT_3D('',#7056,#7057,#7058);
#7056 = CARTESIAN_POINT('',(0.,0.,4.99));
#7057 = DIRECTION('',(0.,0.,-1.));
#7058 = DIRECTION('',(1.,0.,0.));
#7059 = ORIENTED_EDGE('',*,*,#7060,.T.);
#7060 = EDGE_CURVE('',#7052,#7061,#7063,.T.);
#7061 = VERTEX_POINT('',#7062);
#7062 = CARTESIAN_POINT('',(-11.74397308191,-8.504651447962,5.));
#7063 = ELLIPSE('',#7064,34.380393548476,14.5);
#7064 = AXIS2_PLACEMENT_3D('',#7065,#7066,#7067);
#7065 = CARTESIAN_POINT('',(0.,0.,-13.28387959639));
#7066 = DIRECTION('',(0.,0.906711224213,0.421752007567));
#7067 = DIRECTION('',(0.,0.421752007567,-0.906711224213));
#7068 = ORIENTED_EDGE('',*,*,#7069,.T.);
#7069 = EDGE_CURVE('',#7061,#7070,#7072,.T.);
#7070 = VERTEX_POINT('',#7071);
#7071 = CARTESIAN_POINT('',(11.743973081912,-8.504651447962,5.));
#7072 = CIRCLE('',#7073,14.5);
#7073 = AXIS2_PLACEMENT_3D('',#7074,#7075,#7076);
#7074 = CARTESIAN_POINT('',(0.,0.,5.));
#7075 = DIRECTION('',(0.,0.,1.));
#7076 = DIRECTION('',(1.,0.,0.));
#7077 = ORIENTED_EDGE('',*,*,#7078,.T.);
#7078 = EDGE_CURVE('',#7070,#7079,#7081,.T.);
#7079 = VERTEX_POINT('',#7080);
#7080 = CARTESIAN_POINT('',(11.747340124471,-8.5,4.99));
#7081 = ELLIPSE('',#7082,34.380393548476,14.5);
#7082 = AXIS2_PLACEMENT_3D('',#7083,#7084,#7085);
#7083 = CARTESIAN_POINT('',(0.,0.,-13.28387959639));
#7084 = DIRECTION('',(0.,0.906711224213,0.421752007567));
#7085 = DIRECTION('',(0.,0.421752007567,-0.906711224213));
#7086 = ORIENTED_EDGE('',*,*,#7087,.F.);
#7087 = EDGE_CURVE('',#7088,#7079,#7090,.T.);
#7088 = VERTEX_POINT('',#7089);
#7089 = CARTESIAN_POINT('',(13.75,-4.60298815988,4.99));
#7090 = CIRCLE('',#7091,14.5);
#7091 = AXIS2_PLACEMENT_3D('',#7092,#7093,#7094);
#7092 = CARTESIAN_POINT('',(0.,0.,4.99));
#7093 = DIRECTION('',(0.,0.,-1.));
#7094 = DIRECTION('',(1.,0.,0.));
#7095 = ORIENTED_EDGE('',*,*,#7096,.F.);
#7096 = EDGE_CURVE('',#7097,#7088,#7099,.T.);
#7097 = VERTEX_POINT('',#7098);
#7098 = CARTESIAN_POINT('',(13.75,-4.60298815988,5.));
#7099 = LINE('',#7100,#7101);
#7100 = CARTESIAN_POINT('',(13.75,-4.60298815988,0.));
#7101 = VECTOR('',#7102,1.);
#7102 = DIRECTION('',(-0.,-0.,-1.));
#7103 = ORIENTED_EDGE('',*,*,#7104,.T.);
#7104 = EDGE_CURVE('',#7097,#6957,#7105,.T.);
#7105 = CIRCLE('',#7106,14.5);
#7106 = AXIS2_PLACEMENT_3D('',#7107,#7108,#7109);
#7107 = CARTESIAN_POINT('',(0.,0.,5.));
#7108 = DIRECTION('',(0.,0.,1.));
#7109 = DIRECTION('',(1.,0.,0.));
#7110 = ORIENTED_EDGE('',*,*,#6956,.F.);
#7111 = CYLINDRICAL_SURFACE('',#7112,14.5);
#7112 = AXIS2_PLACEMENT_3D('',#7113,#7114,#7115);
#7113 = CARTESIAN_POINT('',(0.,0.,0.));
#7114 = DIRECTION('',(-0.,-0.,-1.));
#7115 = DIRECTION('',(1.,0.,0.));
#7116 = ADVANCED_FACE('',(#7117,#7120),#7131,.F.);
#7117 = FACE_BOUND('',#7118,.F.);
#7118 = EDGE_LOOP('',(#7119));
#7119 = ORIENTED_EDGE('',*,*,#6947,.T.);
#7120 = FACE_BOUND('',#7121,.F.);
#7121 = EDGE_LOOP('',(#7122));
#7122 = ORIENTED_EDGE('',*,*,#7123,.T.);
#7123 = EDGE_CURVE('',#7124,#7124,#7126,.T.);
#7124 = VERTEX_POINT('',#7125);
#7125 = CARTESIAN_POINT('',(12.,-2.939152317954E-15,0.));
#7126 = CIRCLE('',#7127,12.);
#7127 = AXIS2_PLACEMENT_3D('',#7128,#7129,#7130);
#7128 = CARTESIAN_POINT('',(0.,0.,0.));
#7129 = DIRECTION('',(0.,0.,-1.));
#7130 = DIRECTION('',(1.,0.,0.));
#7131 = PLANE('',#7132);
#7132 = AXIS2_PLACEMENT_3D('',#7133,#7134,#7135);
#7133 = CARTESIAN_POINT('',(0.,0.,0.));
#7134 = DIRECTION('',(0.,0.,1.));
#7135 = DIRECTION('',(1.,0.,0.));
#7136 = ADVANCED_FACE('',(#7137),#7147,.T.);
#7137 = FACE_BOUND('',#7138,.T.);
#7138 = EDGE_LOOP('',(#7139,#7140,#7141));
#7139 = ORIENTED_EDGE('',*,*,#7104,.T.);
#7140 = ORIENTED_EDGE('',*,*,#6964,.T.);
#7141 = ORIENTED_EDGE('',*,*,#7142,.F.);
#7142 = EDGE_CURVE('',#7097,#6965,#7143,.T.);
#7143 = LINE('',#7144,#7145);
#7144 = CARTESIAN_POINT('',(13.75,-4.25,5.));
#7145 = VECTOR('',#7146,1.);
#7146 = DIRECTION('',(0.,1.,0.));
#7147 = PLANE('',#7148);
#7148 = AXIS2_PLACEMENT_3D('',#7149,#7150,#7151);
#7149 = CARTESIAN_POINT('',(0.,0.,5.));
#7150 = DIRECTION('',(0.,0.,1.));
#7151 = DIRECTION('',(1.,0.,0.));
#7152 = ADVANCED_FACE('',(#7153),#7196,.T.);
#7153 = FACE_BOUND('',#7154,.T.);
#7154 = EDGE_LOOP('',(#7155,#7165,#7173,#7179,#7180,#7181,#7182,#7190));
#7155 = ORIENTED_EDGE('',*,*,#7156,.F.);
#7156 = EDGE_CURVE('',#7157,#7159,#7161,.T.);
#7157 = VERTEX_POINT('',#7158);
#7158 = CARTESIAN_POINT('',(13.75,-10.36523063262,9.));
#7159 = VERTEX_POINT('',#7160);
#7160 = CARTESIAN_POINT('',(13.75,10.36523063262,9.));
#7161 = LINE('',#7162,#7163);
#7162 = CARTESIAN_POINT('',(13.75,-10.36523063262,9.));
#7163 = VECTOR('',#7164,1.);
#7164 = DIRECTION('',(0.,1.,0.));
#7165 = ORIENTED_EDGE('',*,*,#7166,.F.);
#7166 = EDGE_CURVE('',#7167,#7157,#7169,.T.);
#7167 = VERTEX_POINT('',#7168);
#7168 = CARTESIAN_POINT('',(13.75,-8.5,4.99));
#7169 = LINE('',#7170,#7171);
#7170 = CARTESIAN_POINT('',(13.75,-8.5,4.99));
#7171 = VECTOR('',#7172,1.);
#7172 = DIRECTION('',(0.,-0.421752007567,0.906711224213));
#7173 = ORIENTED_EDGE('',*,*,#7174,.T.);
#7174 = EDGE_CURVE('',#7167,#7088,#7175,.T.);
#7175 = LINE('',#7176,#7177);
#7176 = CARTESIAN_POINT('',(13.75,-8.5,4.99));
#7177 = VECTOR('',#7178,1.);
#7178 = DIRECTION('',(0.,1.,0.));
#7179 = ORIENTED_EDGE('',*,*,#7096,.F.);
#7180 = ORIENTED_EDGE('',*,*,#7142,.T.);
#7181 = ORIENTED_EDGE('',*,*,#6973,.T.);
#7182 = ORIENTED_EDGE('',*,*,#7183,.T.);
#7183 = EDGE_CURVE('',#6974,#7184,#7186,.T.);
#7184 = VERTEX_POINT('',#7185);
#7185 = CARTESIAN_POINT('',(13.75,8.5,4.99));
#7186 = LINE('',#7187,#7188);
#7187 = CARTESIAN_POINT('',(13.75,-8.5,4.99));
#7188 = VECTOR('',#7189,1.);
#7189 = DIRECTION('',(0.,1.,0.));
#7190 = ORIENTED_EDGE('',*,*,#7191,.T.);
#7191 = EDGE_CURVE('',#7184,#7159,#7192,.T.);
#7192 = LINE('',#7193,#7194);
#7193 = CARTESIAN_POINT('',(13.75,8.5,4.99));
#7194 = VECTOR('',#7195,1.);
#7195 = DIRECTION('',(0.,0.421752007567,0.906711224213));
#7196 = PLANE('',#7197);
#7197 = AXIS2_PLACEMENT_3D('',#7198,#7199,#7200);
#7198 = CARTESIAN_POINT('',(13.75,-8.5,4.99));
#7199 = DIRECTION('',(1.,0.,0.));
#7200 = DIRECTION('',(0.,1.,0.));
#7201 = ADVANCED_FACE('',(#7202),#7212,.F.);
#7202 = FACE_BOUND('',#7203,.F.);
#7203 = EDGE_LOOP('',(#7204,#7205,#7211));
#7204 = ORIENTED_EDGE('',*,*,#7087,.T.);
#7205 = ORIENTED_EDGE('',*,*,#7206,.T.);
#7206 = EDGE_CURVE('',#7079,#7167,#7207,.T.);
#7207 = LINE('',#7208,#7209);
#7208 = CARTESIAN_POINT('',(-13.25,-8.5,4.99));
#7209 = VECTOR('',#7210,1.);
#7210 = DIRECTION('',(1.,0.,0.));
#7211 = ORIENTED_EDGE('',*,*,#7174,.T.);
#7212 = PLANE('',#7213);
#7213 = AXIS2_PLACEMENT_3D('',#7214,#7215,#7216);
#7214 = CARTESIAN_POINT('',(-13.25,-8.5,4.99));
#7215 = DIRECTION('',(0.,0.,1.));
#7216 = DIRECTION('',(1.,0.,0.));
#7217 = ADVANCED_FACE('',(#7218),#7252,.F.);
#7218 = FACE_BOUND('',#7219,.F.);
#7219 = EDGE_LOOP('',(#7220,#7228,#7236,#7242,#7243,#7244,#7245,#7251));
#7220 = ORIENTED_EDGE('',*,*,#7221,.F.);
#7221 = EDGE_CURVE('',#7222,#7052,#7224,.T.);
#7222 = VERTEX_POINT('',#7223);
#7223 = CARTESIAN_POINT('',(-13.25,-8.5,4.99));
#7224 = LINE('',#7225,#7226);
#7225 = CARTESIAN_POINT('',(-13.25,-8.5,4.99));
#7226 = VECTOR('',#7227,1.);
#7227 = DIRECTION('',(1.,0.,0.));
#7228 = ORIENTED_EDGE('',*,*,#7229,.T.);
#7229 = EDGE_CURVE('',#7222,#7230,#7232,.T.);
#7230 = VERTEX_POINT('',#7231);
#7231 = CARTESIAN_POINT('',(-13.25,-10.36523063262,9.));
#7232 = LINE('',#7233,#7234);
#7233 = CARTESIAN_POINT('',(-13.25,-8.5,4.99));
#7234 = VECTOR('',#7235,1.);
#7235 = DIRECTION('',(0.,-0.421752007567,0.906711224213));
#7236 = ORIENTED_EDGE('',*,*,#7237,.T.);
#7237 = EDGE_CURVE('',#7230,#7157,#7238,.T.);
#7238 = LINE('',#7239,#7240);
#7239 = CARTESIAN_POINT('',(-13.25,-10.36523063262,9.));
#7240 = VECTOR('',#7241,1.);
#7241 = DIRECTION('',(1.,0.,0.));
#7242 = ORIENTED_EDGE('',*,*,#7166,.F.);
#7243 = ORIENTED_EDGE('',*,*,#7206,.F.);
#7244 = ORIENTED_EDGE('',*,*,#7078,.F.);
#7245 = ORIENTED_EDGE('',*,*,#7246,.T.);
#7246 = EDGE_CURVE('',#7070,#7061,#7247,.T.);
#7247 = LINE('',#7248,#7249);
#7248 = CARTESIAN_POINT('',(-6.625,-8.504651447962,5.));
#7249 = VECTOR('',#7250,1.);
#7250 = DIRECTION('',(-1.,0.,0.));
#7251 = ORIENTED_EDGE('',*,*,#7060,.F.);
#7252 = PLANE('',#7253);
#7253 = AXIS2_PLACEMENT_3D('',#7254,#7255,#7256);
#7254 = CARTESIAN_POINT('',(-13.25,-8.5,4.99));
#7255 = DIRECTION('',(0.,0.906711224213,0.421752007567));
#7256 = DIRECTION('',(0.,-0.421752007567,0.906711224213));
#7257 = ADVANCED_FACE('',(#7258),#7262,.T.);
#7258 = FACE_BOUND('',#7259,.T.);
#7259 = EDGE_LOOP('',(#7260,#7261));
#7260 = ORIENTED_EDGE('',*,*,#7069,.T.);
#7261 = ORIENTED_EDGE('',*,*,#7246,.T.);
#7262 = PLANE('',#7263);
#7263 = AXIS2_PLACEMENT_3D('',#7264,#7265,#7266);
#7264 = CARTESIAN_POINT('',(0.,0.,5.));
#7265 = DIRECTION('',(0.,0.,1.));
#7266 = DIRECTION('',(1.,0.,0.));
#7267 = ADVANCED_FACE('',(#7268),#7278,.F.);
#7268 = FACE_BOUND('',#7269,.F.);
#7269 = EDGE_LOOP('',(#7270,#7276,#7277));
#7270 = ORIENTED_EDGE('',*,*,#7271,.F.);
#7271 = EDGE_CURVE('',#7222,#7044,#7272,.T.);
#7272 = LINE('',#7273,#7274);
#7273 = CARTESIAN_POINT('',(-13.25,-8.5,4.99));
#7274 = VECTOR('',#7275,1.);
#7275 = DIRECTION('',(0.,1.,0.));
#7276 = ORIENTED_EDGE('',*,*,#7221,.T.);
#7277 = ORIENTED_EDGE('',*,*,#7051,.T.);
#7278 = PLANE('',#7279);
#7279 = AXIS2_PLACEMENT_3D('',#7280,#7281,#7282);
#7280 = CARTESIAN_POINT('',(-13.25,-8.5,4.99));
#7281 = DIRECTION('',(0.,0.,1.));
#7282 = DIRECTION('',(1.,0.,0.));
#7283 = ADVANCED_FACE('',(#7284),#7318,.F.);
#7284 = FACE_BOUND('',#7285,.F.);
#7285 = EDGE_LOOP('',(#7286,#7294,#7295,#7296,#7297,#7303,#7304,#7312));
#7286 = ORIENTED_EDGE('',*,*,#7287,.F.);
#7287 = EDGE_CURVE('',#7230,#7288,#7290,.T.);
#7288 = VERTEX_POINT('',#7289);
#7289 = CARTESIAN_POINT('',(-13.25,10.36523063262,9.));
#7290 = LINE('',#7291,#7292);
#7291 = CARTESIAN_POINT('',(-13.25,-10.36523063262,9.));
#7292 = VECTOR('',#7293,1.);
#7293 = DIRECTION('',(0.,1.,0.));
#7294 = ORIENTED_EDGE('',*,*,#7229,.F.);
#7295 = ORIENTED_EDGE('',*,*,#7271,.T.);
#7296 = ORIENTED_EDGE('',*,*,#7043,.F.);
#7297 = ORIENTED_EDGE('',*,*,#7298,.T.);
#7298 = EDGE_CURVE('',#7035,#7027,#7299,.T.);
#7299 = LINE('',#7300,#7301);
#7300 = CARTESIAN_POINT('',(-13.25,-4.25,5.));
#7301 = VECTOR('',#7302,1.);
#7302 = DIRECTION('',(0.,1.,0.));
#7303 = ORIENTED_EDGE('',*,*,#7026,.T.);
#7304 = ORIENTED_EDGE('',*,*,#7305,.T.);
#7305 = EDGE_CURVE('',#7018,#7306,#7308,.T.);
#7306 = VERTEX_POINT('',#7307);
#7307 = CARTESIAN_POINT('',(-13.25,8.5,4.99));
#7308 = LINE('',#7309,#7310);
#7309 = CARTESIAN_POINT('',(-13.25,-8.5,4.99));
#7310 = VECTOR('',#7311,1.);
#7311 = DIRECTION('',(0.,1.,0.));
#7312 = ORIENTED_EDGE('',*,*,#7313,.T.);
#7313 = EDGE_CURVE('',#7306,#7288,#7314,.T.);
#7314 = LINE('',#7315,#7316);
#7315 = CARTESIAN_POINT('',(-13.25,8.5,4.99));
#7316 = VECTOR('',#7317,1.);
#7317 = DIRECTION('',(0.,0.421752007567,0.906711224213));
#7318 = PLANE('',#7319);
#7319 = AXIS2_PLACEMENT_3D('',#7320,#7321,#7322);
#7320 = CARTESIAN_POINT('',(-13.25,-8.5,4.99));
#7321 = DIRECTION('',(1.,0.,0.));
#7322 = DIRECTION('',(0.,1.,0.));
#7323 = ADVANCED_FACE('',(#7324),#7328,.T.);
#7324 = FACE_BOUND('',#7325,.T.);
#7325 = EDGE_LOOP('',(#7326,#7327));
#7326 = ORIENTED_EDGE('',*,*,#7298,.T.);
#7327 = ORIENTED_EDGE('',*,*,#7034,.T.);
#7328 = PLANE('',#7329);
#7329 = AXIS2_PLACEMENT_3D('',#7330,#7331,#7332);
#7330 = CARTESIAN_POINT('',(0.,0.,5.));
#7331 = DIRECTION('',(0.,0.,1.));
#7332 = DIRECTION('',(1.,0.,0.));
#7333 = ADVANCED_FACE('',(#7334),#7344,.F.);
#7334 = FACE_BOUND('',#7335,.F.);
#7335 = EDGE_LOOP('',(#7336,#7337,#7338));
#7336 = ORIENTED_EDGE('',*,*,#7305,.F.);
#7337 = ORIENTED_EDGE('',*,*,#7017,.T.);
#7338 = ORIENTED_EDGE('',*,*,#7339,.F.);
#7339 = EDGE_CURVE('',#7306,#7009,#7340,.T.);
#7340 = LINE('',#7341,#7342);
#7341 = CARTESIAN_POINT('',(-13.25,8.5,4.99));
#7342 = VECTOR('',#7343,1.);
#7343 = DIRECTION('',(1.,0.,0.));
#7344 = PLANE('',#7345);
#7345 = AXIS2_PLACEMENT_3D('',#7346,#7347,#7348);
#7346 = CARTESIAN_POINT('',(-13.25,-8.5,4.99));
#7347 = DIRECTION('',(0.,0.,1.));
#7348 = DIRECTION('',(1.,0.,0.));
#7349 = ADVANCED_FACE('',(#7350),#7375,.T.);
#7350 = FACE_BOUND('',#7351,.T.);
#7351 = EDGE_LOOP('',(#7352,#7353,#7354,#7360,#7361,#7367,#7368,#7374));
#7352 = ORIENTED_EDGE('',*,*,#7339,.F.);
#7353 = ORIENTED_EDGE('',*,*,#7313,.T.);
#7354 = ORIENTED_EDGE('',*,*,#7355,.T.);
#7355 = EDGE_CURVE('',#7288,#7159,#7356,.T.);
#7356 = LINE('',#7357,#7358);
#7357 = CARTESIAN_POINT('',(-13.25,10.36523063262,9.));
#7358 = VECTOR('',#7359,1.);
#7359 = DIRECTION('',(1.,0.,0.));
#7360 = ORIENTED_EDGE('',*,*,#7191,.F.);
#7361 = ORIENTED_EDGE('',*,*,#7362,.F.);
#7362 = EDGE_CURVE('',#6982,#7184,#7363,.T.);
#7363 = LINE('',#7364,#7365);
#7364 = CARTESIAN_POINT('',(-13.25,8.5,4.99));
#7365 = VECTOR('',#7366,1.);
#7366 = DIRECTION('',(1.,0.,0.));
#7367 = ORIENTED_EDGE('',*,*,#6990,.F.);
#7368 = ORIENTED_EDGE('',*,*,#7369,.T.);
#7369 = EDGE_CURVE('',#6991,#7000,#7370,.T.);
#7370 = LINE('',#7371,#7372);
#7371 = CARTESIAN_POINT('',(-6.625,8.504651447962,5.));
#7372 = VECTOR('',#7373,1.);
#7373 = DIRECTION('',(-1.,0.,0.));
#7374 = ORIENTED_EDGE('',*,*,#7008,.F.);
#7375 = PLANE('',#7376);
#7376 = AXIS2_PLACEMENT_3D('',#7377,#7378,#7379);
#7377 = CARTESIAN_POINT('',(-13.25,8.5,4.99));
#7378 = DIRECTION('',(0.,0.906711224213,-0.421752007567));
#7379 = DIRECTION('',(0.,0.421752007567,0.906711224213));
#7380 = ADVANCED_FACE('',(#7381),#7385,.T.);
#7381 = FACE_BOUND('',#7382,.T.);
#7382 = EDGE_LOOP('',(#7383,#7384));
#7383 = ORIENTED_EDGE('',*,*,#7369,.F.);
#7384 = ORIENTED_EDGE('',*,*,#6999,.T.);
#7385 = PLANE('',#7386);
#7386 = AXIS2_PLACEMENT_3D('',#7387,#7388,#7389);
#7387 = CARTESIAN_POINT('',(0.,0.,5.));
#7388 = DIRECTION('',(0.,0.,1.));
#7389 = DIRECTION('',(1.,0.,0.));
#7390 = ADVANCED_FACE('',(#7391),#7396,.F.);
#7391 = FACE_BOUND('',#7392,.F.);
#7392 = EDGE_LOOP('',(#7393,#7394,#7395));
#7393 = ORIENTED_EDGE('',*,*,#7362,.F.);
#7394 = ORIENTED_EDGE('',*,*,#6981,.T.);
#7395 = ORIENTED_EDGE('',*,*,#7183,.T.);
#7396 = PLANE('',#7397);
#7397 = AXIS2_PLACEMENT_3D('',#7398,#7399,#7400);
#7398 = CARTESIAN_POINT('',(-13.25,-8.5,4.99));
#7399 = DIRECTION('',(0.,0.,1.));
#7400 = DIRECTION('',(1.,0.,0.));
#7401 = ADVANCED_FACE('',(#7402),#7421,.T.);
#7402 = FACE_BOUND('',#7403,.F.);
#7403 = EDGE_LOOP('',(#7404,#7413,#7419,#7420));
#7404 = ORIENTED_EDGE('',*,*,#7405,.F.);
#7405 = EDGE_CURVE('',#7406,#7406,#7408,.T.);
#7406 = VERTEX_POINT('',#7407);
#7407 = CARTESIAN_POINT('',(12.,-2.939152317954E-15,-1.));
#7408 = CIRCLE('',#7409,12.);
#7409 = AXIS2_PLACEMENT_3D('',#7410,#7411,#7412);
#7410 = CARTESIAN_POINT('',(0.,0.,-1.));
#7411 = DIRECTION('',(0.,0.,1.));
#7412 = DIRECTION('',(1.,0.,0.));
#7413 = ORIENTED_EDGE('',*,*,#7414,.T.);
#7414 = EDGE_CURVE('',#7406,#7124,#7415,.T.);
#7415 = LINE('',#7416,#7417);
#7416 = CARTESIAN_POINT('',(12.,-2.939152317954E-15,-1.));
#7417 = VECTOR('',#7418,1.);
#7418 = DIRECTION('',(0.,0.,1.));
#7419 = ORIENTED_EDGE('',*,*,#7123,.F.);
#7420 = ORIENTED_EDGE('',*,*,#7414,.F.);
#7421 = CYLINDRICAL_SURFACE('',#7422,12.);
#7422 = AXIS2_PLACEMENT_3D('',#7423,#7424,#7425);
#7423 = CARTESIAN_POINT('',(0.,0.,-1.));
#7424 = DIRECTION('',(-0.,-0.,-1.));
#7425 = DIRECTION('',(1.,0.,0.));
#7426 = ADVANCED_FACE('',(#7427,#7433,#7444,#7455,#7466),#7477,.T.);
#7427 = FACE_BOUND('',#7428,.T.);
#7428 = EDGE_LOOP('',(#7429,#7430,#7431,#7432));
#7429 = ORIENTED_EDGE('',*,*,#7287,.F.);
#7430 = ORIENTED_EDGE('',*,*,#7237,.T.);
#7431 = ORIENTED_EDGE('',*,*,#7156,.T.);
#7432 = ORIENTED_EDGE('',*,*,#7355,.F.);
#7433 = FACE_BOUND('',#7434,.T.);
#7434 = EDGE_LOOP('',(#7435));
#7435 = ORIENTED_EDGE('',*,*,#7436,.T.);
#7436 = EDGE_CURVE('',#7437,#7437,#7439,.T.);
#7437 = VERTEX_POINT('',#7438);
#7438 = CARTESIAN_POINT('',(-2.05,-4.95,9.));
#7439 = CIRCLE('',#7440,2.9);
#7440 = AXIS2_PLACEMENT_3D('',#7441,#7442,#7443);
#7441 = CARTESIAN_POINT('',(-4.95,-4.95,9.));
#7442 = DIRECTION('',(0.,0.,-1.));
#7443 = DIRECTION('',(1.,0.,0.));
#7444 = FACE_BOUND('',#7445,.T.);
#7445 = EDGE_LOOP('',(#7446));
#7446 = ORIENTED_EDGE('',*,*,#7447,.T.);
#7447 = EDGE_CURVE('',#7448,#7448,#7450,.T.);
#7448 = VERTEX_POINT('',#7449);
#7449 = CARTESIAN_POINT('',(7.85,-4.95,9.));
#7450 = CIRCLE('',#7451,2.9);
#7451 = AXIS2_PLACEMENT_3D('',#7452,#7453,#7454);
#7452 = CARTESIAN_POINT('',(4.95,-4.95,9.));
#7453 = DIRECTION('',(0.,0.,-1.));
#7454 = DIRECTION('',(1.,0.,0.));
#7455 = FACE_BOUND('',#7456,.T.);
#7456 = EDGE_LOOP('',(#7457));
#7457 = ORIENTED_EDGE('',*,*,#7458,.T.);
#7458 = EDGE_CURVE('',#7459,#7459,#7461,.T.);
#7459 = VERTEX_POINT('',#7460);
#7460 = CARTESIAN_POINT('',(-2.05,4.95,9.));
#7461 = CIRCLE('',#7462,2.9);
#7462 = AXIS2_PLACEMENT_3D('',#7463,#7464,#7465);
#7463 = CARTESIAN_POINT('',(-4.95,4.95,9.));
#7464 = DIRECTION('',(0.,0.,-1.));
#7465 = DIRECTION('',(1.,0.,0.));
#7466 = FACE_BOUND('',#7467,.T.);
#7467 = EDGE_LOOP('',(#7468));
#7468 = ORIENTED_EDGE('',*,*,#7469,.T.);
#7469 = EDGE_CURVE('',#7470,#7470,#7472,.T.);
#7470 = VERTEX_POINT('',#7471);
#7471 = CARTESIAN_POINT('',(7.85,4.95,9.));
#7472 = CIRCLE('',#7473,2.9);
#7473 = AXIS2_PLACEMENT_3D('',#7474,#7475,#7476);
#7474 = CARTESIAN_POINT('',(4.95,4.95,9.));
#7475 = DIRECTION('',(0.,0.,-1.));
#7476 = DIRECTION('',(1.,0.,0.));
#7477 = PLANE('',#7478);
#7478 = AXIS2_PLACEMENT_3D('',#7479,#7480,#7481);
#7479 = CARTESIAN_POINT('',(-13.25,-8.5,9.));
#7480 = DIRECTION('',(0.,0.,1.));
#7481 = DIRECTION('',(1.,0.,0.));
#7482 = ADVANCED_FACE('',(#7483,#7486),#7497,.F.);
#7483 = FACE_BOUND('',#7484,.F.);
#7484 = EDGE_LOOP('',(#7485));
#7485 = ORIENTED_EDGE('',*,*,#7405,.T.);
#7486 = FACE_BOUND('',#7487,.F.);
#7487 = EDGE_LOOP('',(#7488));
#7488 = ORIENTED_EDGE('',*,*,#7489,.T.);
#7489 = EDGE_CURVE('',#7490,#7490,#7492,.T.);
#7490 = VERTEX_POINT('',#7491);
#7491 = CARTESIAN_POINT('',(10.2,-2.498279470261E-15,-1.));
#7492 = CIRCLE('',#7493,10.2);
#7493 = AXIS2_PLACEMENT_3D('',#7494,#7495,#7496);
#7494 = CARTESIAN_POINT('',(0.,0.,-1.));
#7495 = DIRECTION('',(0.,0.,-1.));
#7496 = DIRECTION('',(1.,0.,0.));
#7497 = PLANE('',#7498);
#7498 = AXIS2_PLACEMENT_3D('',#7499,#7500,#7501);
#7499 = CARTESIAN_POINT('',(0.,0.,-1.));
#7500 = DIRECTION('',(0.,0.,1.));
#7501 = DIRECTION('',(1.,0.,0.));
#7502 = ADVANCED_FACE('',(#7503),#7522,.F.);
#7503 = FACE_BOUND('',#7504,.T.);
#7504 = EDGE_LOOP('',(#7505,#7514,#7520,#7521));
#7505 = ORIENTED_EDGE('',*,*,#7506,.F.);
#7506 = EDGE_CURVE('',#7507,#7507,#7509,.T.);
#7507 = VERTEX_POINT('',#7508);
#7508 = CARTESIAN_POINT('',(-2.05,-4.95,3.5));
#7509 = CIRCLE('',#7510,2.9);
#7510 = AXIS2_PLACEMENT_3D('',#7511,#7512,#7513);
#7511 = CARTESIAN_POINT('',(-4.95,-4.95,3.5));
#7512 = DIRECTION('',(0.,0.,1.));
#7513 = DIRECTION('',(1.,0.,0.));
#7514 = ORIENTED_EDGE('',*,*,#7515,.T.);
#7515 = EDGE_CURVE('',#7507,#7437,#7516,.T.);
#7516 = LINE('',#7517,#7518);
#7517 = CARTESIAN_POINT('',(-2.05,-4.95,3.5));
#7518 = VECTOR('',#7519,1.);
#7519 = DIRECTION('',(0.,0.,1.));
#7520 = ORIENTED_EDGE('',*,*,#7436,.F.);
#7521 = ORIENTED_EDGE('',*,*,#7515,.F.);
#7522 = CYLINDRICAL_SURFACE('',#7523,2.9);
#7523 = AXIS2_PLACEMENT_3D('',#7524,#7525,#7526);
#7524 = CARTESIAN_POINT('',(-4.95,-4.95,3.5));
#7525 = DIRECTION('',(-0.,-0.,-1.));
#7526 = DIRECTION('',(1.,0.,0.));
#7527 = ADVANCED_FACE('',(#7528),#7547,.F.);
#7528 = FACE_BOUND('',#7529,.T.);
#7529 = EDGE_LOOP('',(#7530,#7539,#7545,#7546));
#7530 = ORIENTED_EDGE('',*,*,#7531,.F.);
#7531 = EDGE_CURVE('',#7532,#7532,#7534,.T.);
#7532 = VERTEX_POINT('',#7533);
#7533 = CARTESIAN_POINT('',(7.85,-4.95,3.5));
#7534 = CIRCLE('',#7535,2.9);
#7535 = AXIS2_PLACEMENT_3D('',#7536,#7537,#7538);
#7536 = CARTESIAN_POINT('',(4.95,-4.95,3.5));
#7537 = DIRECTION('',(0.,0.,1.));
#7538 = DIRECTION('',(1.,0.,0.));
#7539 = ORIENTED_EDGE('',*,*,#7540,.T.);
#7540 = EDGE_CURVE('',#7532,#7448,#7541,.T.);
#7541 = LINE('',#7542,#7543);
#7542 = CARTESIAN_POINT('',(7.85,-4.95,3.5));
#7543 = VECTOR('',#7544,1.);
#7544 = DIRECTION('',(0.,0.,1.));
#7545 = ORIENTED_EDGE('',*,*,#7447,.F.);
#7546 = ORIENTED_EDGE('',*,*,#7540,.F.);
#7547 = CYLINDRICAL_SURFACE('',#7548,2.9);
#7548 = AXIS2_PLACEMENT_3D('',#7549,#7550,#7551);
#7549 = CARTESIAN_POINT('',(4.95,-4.95,3.5));
#7550 = DIRECTION('',(-0.,-0.,-1.));
#7551 = DIRECTION('',(1.,0.,0.));
#7552 = ADVANCED_FACE('',(#7553),#7572,.F.);
#7553 = FACE_BOUND('',#7554,.T.);
#7554 = EDGE_LOOP('',(#7555,#7564,#7570,#7571));
#7555 = ORIENTED_EDGE('',*,*,#7556,.F.);
#7556 = EDGE_CURVE('',#7557,#7557,#7559,.T.);
#7557 = VERTEX_POINT('',#7558);
#7558 = CARTESIAN_POINT('',(-2.05,4.95,3.5));
#7559 = CIRCLE('',#7560,2.9);
#7560 = AXIS2_PLACEMENT_3D('',#7561,#7562,#7563);
#7561 = CARTESIAN_POINT('',(-4.95,4.95,3.5));
#7562 = DIRECTION('',(0.,0.,1.));
#7563 = DIRECTION('',(1.,0.,0.));
#7564 = ORIENTED_EDGE('',*,*,#7565,.T.);
#7565 = EDGE_CURVE('',#7557,#7459,#7566,.T.);
#7566 = LINE('',#7567,#7568);
#7567 = CARTESIAN_POINT('',(-2.05,4.95,3.5));
#7568 = VECTOR('',#7569,1.);
#7569 = DIRECTION('',(0.,0.,1.));
#7570 = ORIENTED_EDGE('',*,*,#7458,.F.);
#7571 = ORIENTED_EDGE('',*,*,#7565,.F.);
#7572 = CYLINDRICAL_SURFACE('',#7573,2.9);
#7573 = AXIS2_PLACEMENT_3D('',#7574,#7575,#7576);
#7574 = CARTESIAN_POINT('',(-4.95,4.95,3.5));
#7575 = DIRECTION('',(-0.,-0.,-1.));
#7576 = DIRECTION('',(1.,0.,0.));
#7577 = ADVANCED_FACE('',(#7578),#7597,.F.);
#7578 = FACE_BOUND('',#7579,.T.);
#7579 = EDGE_LOOP('',(#7580,#7589,#7595,#7596));
#7580 = ORIENTED_EDGE('',*,*,#7581,.F.);
#7581 = EDGE_CURVE('',#7582,#7582,#7584,.T.);
#7582 = VERTEX_POINT('',#7583);
#7583 = CARTESIAN_POINT('',(7.85,4.95,3.5));
#7584 = CIRCLE('',#7585,2.9);
#7585 = AXIS2_PLACEMENT_3D('',#7586,#7587,#7588);
#7586 = CARTESIAN_POINT('',(4.95,4.95,3.5));
#7587 = DIRECTION('',(0.,0.,1.));
#7588 = DIRECTION('',(1.,0.,0.));
#7589 = ORIENTED_EDGE('',*,*,#7590,.T.);
#7590 = EDGE_CURVE('',#7582,#7470,#7591,.T.);
#7591 = LINE('',#7592,#7593);
#7592 = CARTESIAN_POINT('',(7.85,4.95,3.5));
#7593 = VECTOR('',#7594,1.);
#7594 = DIRECTION('',(0.,0.,1.));
#7595 = ORIENTED_EDGE('',*,*,#7469,.F.);
#7596 = ORIENTED_EDGE('',*,*,#7590,.F.);
#7597 = CYLINDRICAL_SURFACE('',#7598,2.9);
#7598 = AXIS2_PLACEMENT_3D('',#7599,#7600,#7601);
#7599 = CARTESIAN_POINT('',(4.95,4.95,3.5));
#7600 = DIRECTION('',(-0.,-0.,-1.));
#7601 = DIRECTION('',(1.,0.,0.));
#7602 = ADVANCED_FACE('',(#7603),#7622,.F.);
#7603 = FACE_BOUND('',#7604,.T.);
#7604 = EDGE_LOOP('',(#7605,#7606,#7614,#7621));
#7605 = ORIENTED_EDGE('',*,*,#7489,.T.);
#7606 = ORIENTED_EDGE('',*,*,#7607,.T.);
#7607 = EDGE_CURVE('',#7490,#7608,#7610,.T.);
#7608 = VERTEX_POINT('',#7609);
#7609 = CARTESIAN_POINT('',(10.2,-2.498279470261E-15,0.));
#7610 = LINE('',#7611,#7612);
#7611 = CARTESIAN_POINT('',(10.2,-2.498279470261E-15,-1.1));
#7612 = VECTOR('',#7613,1.);
#7613 = DIRECTION('',(0.,0.,1.));
#7614 = ORIENTED_EDGE('',*,*,#7615,.T.);
#7615 = EDGE_CURVE('',#7608,#7608,#7616,.T.);
#7616 = CIRCLE('',#7617,10.2);
#7617 = AXIS2_PLACEMENT_3D('',#7618,#7619,#7620);
#7618 = CARTESIAN_POINT('',(0.,0.,0.));
#7619 = DIRECTION('',(0.,0.,1.));
#7620 = DIRECTION('',(1.,0.,0.));
#7621 = ORIENTED_EDGE('',*,*,#7607,.F.);
#7622 = CYLINDRICAL_SURFACE('',#7623,10.2);
#7623 = AXIS2_PLACEMENT_3D('',#7624,#7625,#7626);
#7624 = CARTESIAN_POINT('',(0.,0.,-1.1));
#7625 = DIRECTION('',(-0.,-0.,-1.));
#7626 = DIRECTION('',(1.,0.,0.));
#7627 = ADVANCED_FACE('',(#7628,#7631),#7642,.T.);
#7628 = FACE_BOUND('',#7629,.T.);
#7629 = EDGE_LOOP('',(#7630));
#7630 = ORIENTED_EDGE('',*,*,#7506,.T.);
#7631 = FACE_BOUND('',#7632,.T.);
#7632 = EDGE_LOOP('',(#7633));
#7633 = ORIENTED_EDGE('',*,*,#7634,.T.);
#7634 = EDGE_CURVE('',#7635,#7635,#7637,.T.);
#7635 = VERTEX_POINT('',#7636);
#7636 = CARTESIAN_POINT('',(-3.3,-4.95,3.5));
#7637 = CIRCLE('',#7638,1.65);
#7638 = AXIS2_PLACEMENT_3D('',#7639,#7640,#7641);
#7639 = CARTESIAN_POINT('',(-4.95,-4.95,3.5));
#7640 = DIRECTION('',(0.,0.,-1.));
#7641 = DIRECTION('',(1.,0.,0.));
#7642 = PLANE('',#7643);
#7643 = AXIS2_PLACEMENT_3D('',#7644,#7645,#7646);
#7644 = CARTESIAN_POINT('',(-4.95,-4.95,3.5));
#7645 = DIRECTION('',(0.,0.,1.));
#7646 = DIRECTION('',(1.,0.,0.));
#7647 = ADVANCED_FACE('',(#7648,#7651),#7662,.T.);
#7648 = FACE_BOUND('',#7649,.T.);
#7649 = EDGE_LOOP('',(#7650));
#7650 = ORIENTED_EDGE('',*,*,#7531,.T.);
#7651 = FACE_BOUND('',#7652,.T.);
#7652 = EDGE_LOOP('',(#7653));
#7653 = ORIENTED_EDGE('',*,*,#7654,.T.);
#7654 = EDGE_CURVE('',#7655,#7655,#7657,.T.);
#7655 = VERTEX_POINT('',#7656);
#7656 = CARTESIAN_POINT('',(6.6,-4.95,3.5));
#7657 = CIRCLE('',#7658,1.65);
#7658 = AXIS2_PLACEMENT_3D('',#7659,#7660,#7661);
#7659 = CARTESIAN_POINT('',(4.95,-4.95,3.5));
#7660 = DIRECTION('',(0.,0.,-1.));
#7661 = DIRECTION('',(1.,0.,0.));
#7662 = PLANE('',#7663);
#7663 = AXIS2_PLACEMENT_3D('',#7664,#7665,#7666);
#7664 = CARTESIAN_POINT('',(4.95,-4.95,3.5));
#7665 = DIRECTION('',(0.,0.,1.));
#7666 = DIRECTION('',(1.,0.,0.));
#7667 = ADVANCED_FACE('',(#7668,#7671),#7682,.T.);
#7668 = FACE_BOUND('',#7669,.T.);
#7669 = EDGE_LOOP('',(#7670));
#7670 = ORIENTED_EDGE('',*,*,#7556,.T.);
#7671 = FACE_BOUND('',#7672,.T.);
#7672 = EDGE_LOOP('',(#7673));
#7673 = ORIENTED_EDGE('',*,*,#7674,.T.);
#7674 = EDGE_CURVE('',#7675,#7675,#7677,.T.);
#7675 = VERTEX_POINT('',#7676);
#7676 = CARTESIAN_POINT('',(-3.3,4.95,3.5));
#7677 = CIRCLE('',#7678,1.65);
#7678 = AXIS2_PLACEMENT_3D('',#7679,#7680,#7681);
#7679 = CARTESIAN_POINT('',(-4.95,4.95,3.5));
#7680 = DIRECTION('',(0.,0.,-1.));
#7681 = DIRECTION('',(1.,0.,0.));
#7682 = PLANE('',#7683);
#7683 = AXIS2_PLACEMENT_3D('',#7684,#7685,#7686);
#7684 = CARTESIAN_POINT('',(-4.95,4.95,3.5));
#7685 = DIRECTION('',(0.,0.,1.));
#7686 = DIRECTION('',(1.,0.,0.));
#7687 = ADVANCED_FACE('',(#7688,#7691),#7702,.T.);
#7688 = FACE_BOUND('',#7689,.T.);
#7689 = EDGE_LOOP('',(#7690));
#7690 = ORIENTED_EDGE('',*,*,#7581,.T.);
#7691 = FACE_BOUND('',#7692,.T.);
#7692 = EDGE_LOOP('',(#7693));
#7693 = ORIENTED_EDGE('',*,*,#7694,.T.);
#7694 = EDGE_CURVE('',#7695,#7695,#7697,.T.);
#7695 = VERTEX_POINT('',#7696);
#7696 = CARTESIAN_POINT('',(6.6,4.95,3.5));
#7697 = CIRCLE('',#7698,1.65);
#7698 = AXIS2_PLACEMENT_3D('',#7699,#7700,#7701);
#7699 = CARTESIAN_POINT('',(4.95,4.95,3.5));
#7700 = DIRECTION('',(0.,0.,-1.));
#7701 = DIRECTION('',(1.,0.,0.));
#7702 = PLANE('',#7703);
#7703 = AXIS2_PLACEMENT_3D('',#7704,#7705,#7706);
#7704 = CARTESIAN_POINT('',(4.95,4.95,3.5));
#7705 = DIRECTION('',(0.,0.,1.));
#7706 = DIRECTION('',(1.,0.,0.));
#7707 = ADVANCED_FACE('',(#7708,#7711,#7722,#7733,#7744,#7755),#7766,.F.
  );
#7708 = FACE_BOUND('',#7709,.F.);
#7709 = EDGE_LOOP('',(#7710));
#7710 = ORIENTED_EDGE('',*,*,#7615,.T.);
#7711 = FACE_BOUND('',#7712,.F.);
#7712 = EDGE_LOOP('',(#7713));
#7713 = ORIENTED_EDGE('',*,*,#7714,.T.);
#7714 = EDGE_CURVE('',#7715,#7715,#7717,.T.);
#7715 = VERTEX_POINT('',#7716);
#7716 = CARTESIAN_POINT('',(-3.3,-4.95,0.));
#7717 = CIRCLE('',#7718,1.65);
#7718 = AXIS2_PLACEMENT_3D('',#7719,#7720,#7721);
#7719 = CARTESIAN_POINT('',(-4.95,-4.95,0.));
#7720 = DIRECTION('',(0.,0.,-1.));
#7721 = DIRECTION('',(1.,0.,0.));
#7722 = FACE_BOUND('',#7723,.F.);
#7723 = EDGE_LOOP('',(#7724));
#7724 = ORIENTED_EDGE('',*,*,#7725,.T.);
#7725 = EDGE_CURVE('',#7726,#7726,#7728,.T.);
#7726 = VERTEX_POINT('',#7727);
#7727 = CARTESIAN_POINT('',(6.6,-4.95,0.));
#7728 = CIRCLE('',#7729,1.65);
#7729 = AXIS2_PLACEMENT_3D('',#7730,#7731,#7732);
#7730 = CARTESIAN_POINT('',(4.95,-4.95,0.));
#7731 = DIRECTION('',(0.,0.,-1.));
#7732 = DIRECTION('',(1.,0.,0.));
#7733 = FACE_BOUND('',#7734,.F.);
#7734 = EDGE_LOOP('',(#7735));
#7735 = ORIENTED_EDGE('',*,*,#7736,.T.);
#7736 = EDGE_CURVE('',#7737,#7737,#7739,.T.);
#7737 = VERTEX_POINT('',#7738);
#7738 = CARTESIAN_POINT('',(-3.3,4.95,0.));
#7739 = CIRCLE('',#7740,1.65);
#7740 = AXIS2_PLACEMENT_3D('',#7741,#7742,#7743);
#7741 = CARTESIAN_POINT('',(-4.95,4.95,0.));
#7742 = DIRECTION('',(0.,0.,-1.));
#7743 = DIRECTION('',(1.,0.,0.));
#7744 = FACE_BOUND('',#7745,.F.);
#7745 = EDGE_LOOP('',(#7746));
#7746 = ORIENTED_EDGE('',*,*,#7747,.T.);
#7747 = EDGE_CURVE('',#7748,#7748,#7750,.T.);
#7748 = VERTEX_POINT('',#7749);
#7749 = CARTESIAN_POINT('',(3.2,-7.837739514543E-16,0.));
#7750 = CIRCLE('',#7751,3.2);
#7751 = AXIS2_PLACEMENT_3D('',#7752,#7753,#7754);
#7752 = CARTESIAN_POINT('',(0.,0.,0.));
#7753 = DIRECTION('',(0.,0.,-1.));
#7754 = DIRECTION('',(1.,0.,0.));
#7755 = FACE_BOUND('',#7756,.F.);
#7756 = EDGE_LOOP('',(#7757));
#7757 = ORIENTED_EDGE('',*,*,#7758,.T.);
#7758 = EDGE_CURVE('',#7759,#7759,#7761,.T.);
#7759 = VERTEX_POINT('',#7760);
#7760 = CARTESIAN_POINT('',(6.6,4.95,0.));
#7761 = CIRCLE('',#7762,1.65);
#7762 = AXIS2_PLACEMENT_3D('',#7763,#7764,#7765);
#7763 = CARTESIAN_POINT('',(4.95,4.95,0.));
#7764 = DIRECTION('',(0.,0.,-1.));
#7765 = DIRECTION('',(1.,0.,0.));
#7766 = PLANE('',#7767);
#7767 = AXIS2_PLACEMENT_3D('',#7768,#7769,#7770);
#7768 = CARTESIAN_POINT('',(0.,0.,0.));
#7769 = DIRECTION('',(0.,0.,1.));
#7770 = DIRECTION('',(1.,0.,0.));
#7771 = ADVANCED_FACE('',(#7772),#7783,.F.);
#7772 = FACE_BOUND('',#7773,.T.);
#7773 = EDGE_LOOP('',(#7774,#7775,#7781,#7782));
#7774 = ORIENTED_EDGE('',*,*,#7714,.T.);
#7775 = ORIENTED_EDGE('',*,*,#7776,.T.);
#7776 = EDGE_CURVE('',#7715,#7635,#7777,.T.);
#7777 = LINE('',#7778,#7779);
#7778 = CARTESIAN_POINT('',(-3.3,-4.95,-1.1));
#7779 = VECTOR('',#7780,1.);
#7780 = DIRECTION('',(0.,0.,1.));
#7781 = ORIENTED_EDGE('',*,*,#7634,.F.);
#7782 = ORIENTED_EDGE('',*,*,#7776,.F.);
#7783 = CYLINDRICAL_SURFACE('',#7784,1.65);
#7784 = AXIS2_PLACEMENT_3D('',#7785,#7786,#7787);
#7785 = CARTESIAN_POINT('',(-4.95,-4.95,-1.1));
#7786 = DIRECTION('',(-0.,-0.,-1.));
#7787 = DIRECTION('',(1.,0.,0.));
#7788 = ADVANCED_FACE('',(#7789),#7800,.F.);
#7789 = FACE_BOUND('',#7790,.T.);
#7790 = EDGE_LOOP('',(#7791,#7792,#7798,#7799));
#7791 = ORIENTED_EDGE('',*,*,#7725,.T.);
#7792 = ORIENTED_EDGE('',*,*,#7793,.T.);
#7793 = EDGE_CURVE('',#7726,#7655,#7794,.T.);
#7794 = LINE('',#7795,#7796);
#7795 = CARTESIAN_POINT('',(6.6,-4.95,-1.1));
#7796 = VECTOR('',#7797,1.);
#7797 = DIRECTION('',(0.,0.,1.));
#7798 = ORIENTED_EDGE('',*,*,#7654,.F.);
#7799 = ORIENTED_EDGE('',*,*,#7793,.F.);
#7800 = CYLINDRICAL_SURFACE('',#7801,1.65);
#7801 = AXIS2_PLACEMENT_3D('',#7802,#7803,#7804);
#7802 = CARTESIAN_POINT('',(4.95,-4.95,-1.1));
#7803 = DIRECTION('',(-0.,-0.,-1.));
#7804 = DIRECTION('',(1.,0.,0.));
#7805 = ADVANCED_FACE('',(#7806),#7817,.F.);
#7806 = FACE_BOUND('',#7807,.T.);
#7807 = EDGE_LOOP('',(#7808,#7809,#7815,#7816));
#7808 = ORIENTED_EDGE('',*,*,#7736,.T.);
#7809 = ORIENTED_EDGE('',*,*,#7810,.T.);
#7810 = EDGE_CURVE('',#7737,#7675,#7811,.T.);
#7811 = LINE('',#7812,#7813);
#7812 = CARTESIAN_POINT('',(-3.3,4.95,-1.1));
#7813 = VECTOR('',#7814,1.);
#7814 = DIRECTION('',(0.,0.,1.));
#7815 = ORIENTED_EDGE('',*,*,#7674,.F.);
#7816 = ORIENTED_EDGE('',*,*,#7810,.F.);
#7817 = CYLINDRICAL_SURFACE('',#7818,1.65);
#7818 = AXIS2_PLACEMENT_3D('',#7819,#7820,#7821);
#7819 = CARTESIAN_POINT('',(-4.95,4.95,-1.1));
#7820 = DIRECTION('',(-0.,-0.,-1.));
#7821 = DIRECTION('',(1.,0.,0.));
#7822 = ADVANCED_FACE('',(#7823),#7834,.F.);
#7823 = FACE_BOUND('',#7824,.T.);
#7824 = EDGE_LOOP('',(#7825,#7826,#7832,#7833));
#7825 = ORIENTED_EDGE('',*,*,#7758,.T.);
#7826 = ORIENTED_EDGE('',*,*,#7827,.T.);
#7827 = EDGE_CURVE('',#7759,#7695,#7828,.T.);
#7828 = LINE('',#7829,#7830);
#7829 = CARTESIAN_POINT('',(6.6,4.95,-1.1));
#7830 = VECTOR('',#7831,1.);
#7831 = DIRECTION('',(0.,0.,1.));
#7832 = ORIENTED_EDGE('',*,*,#7694,.F.);
#7833 = ORIENTED_EDGE('',*,*,#7827,.F.);
#7834 = CYLINDRICAL_SURFACE('',#7835,1.65);
#7835 = AXIS2_PLACEMENT_3D('',#7836,#7837,#7838);
#7836 = CARTESIAN_POINT('',(4.95,4.95,-1.1));
#7837 = DIRECTION('',(-0.,-0.,-1.));
#7838 = DIRECTION('',(1.,0.,0.));
#7839 = ADVANCED_FACE('',(#7840),#7859,.F.);
#7840 = FACE_BOUND('',#7841,.T.);
#7841 = EDGE_LOOP('',(#7842,#7843,#7851,#7858));
#7842 = ORIENTED_EDGE('',*,*,#7747,.T.);
#7843 = ORIENTED_EDGE('',*,*,#7844,.T.);
#7844 = EDGE_CURVE('',#7748,#7845,#7847,.T.);
#7845 = VERTEX_POINT('',#7846);
#7846 = CARTESIAN_POINT('',(3.2,-7.837739514543E-16,1.8));
#7847 = LINE('',#7848,#7849);
#7848 = CARTESIAN_POINT('',(3.2,-7.837739514543E-16,-0.1));
#7849 = VECTOR('',#7850,1.);
#7850 = DIRECTION('',(0.,0.,1.));
#7851 = ORIENTED_EDGE('',*,*,#7852,.T.);
#7852 = EDGE_CURVE('',#7845,#7845,#7853,.T.);
#7853 = CIRCLE('',#7854,3.2);
#7854 = AXIS2_PLACEMENT_3D('',#7855,#7856,#7857);
#7855 = CARTESIAN_POINT('',(0.,0.,1.8));
#7856 = DIRECTION('',(0.,0.,1.));
#7857 = DIRECTION('',(1.,0.,0.));
#7858 = ORIENTED_EDGE('',*,*,#7844,.F.);
#7859 = CYLINDRICAL_SURFACE('',#7860,3.2);
#7860 = AXIS2_PLACEMENT_3D('',#7861,#7862,#7863);
#7861 = CARTESIAN_POINT('',(0.,0.,-0.1));
#7862 = DIRECTION('',(-0.,-0.,-1.));
#7863 = DIRECTION('',(1.,0.,0.));
#7864 = ADVANCED_FACE('',(#7865),#7868,.F.);
#7865 = FACE_BOUND('',#7866,.T.);
#7866 = EDGE_LOOP('',(#7867));
#7867 = ORIENTED_EDGE('',*,*,#7852,.F.);
#7868 = PLANE('',#7869);
#7869 = AXIS2_PLACEMENT_3D('',#7870,#7871,#7872);
#7870 = CARTESIAN_POINT('',(0.,0.,1.8));
#7871 = DIRECTION('',(0.,0.,1.));
#7872 = DIRECTION('',(1.,0.,0.));
#7873 = ( GEOMETRIC_REPRESENTATION_CONTEXT(3) 
GLOBAL_UNCERTAINTY_ASSIGNED_CONTEXT((#7877)) 
GLOBAL_UNIT_ASSIGNED_CONTEXT((#7874,#7875,#7876)) REPRESENTATION_CONTEXT
('Context #1','3D Context with UNIT and UNCERTAINTY') );
#7874 = ( LENGTH_UNIT() NAMED_UNIT(*) SI_UNIT(.MILLI.,.METRE.) );
#7875 = ( NAMED_UNIT(*) PLANE_ANGLE_UNIT() SI_UNIT($,.RADIAN.) );
#7876 = ( NAMED_UNIT(*) SI_UNIT($,.STERADIAN.) SOLID_ANGLE_UNIT() );
#7877 = UNCERTAINTY_MEASURE_WITH_UNIT(LENGTH_MEASURE(2.E-06),#7874,
  'distance_accuracy_value','confusion accuracy');
#7878 = CONTEXT_DEPENDENT_SHAPE_REPRESENTATION(#7879,#7881);
#7879 = ( REPRESENTATION_RELATIONSHIP('','',#6940,#10) 
REPRESENTATION_RELATIONSHIP_WITH_TRANSFORMATION(#7880) 
SHAPE_REPRESENTATION_RELATIONSHIP() );
#7880 = ITEM_DEFINED_TRANSFORMATION('','',#11,#27);
#7881 = PRODUCT_DEFINITION_SHAPE('Placement','Placement of an item',
  #7882);
#7882 = NEXT_ASSEMBLY_USAGE_OCCURRENCE('4',
  'Wrist puck with dovetail rail (printed)','',#5,#6935,$);
#7883 = PRODUCT_RELATED_PRODUCT_CATEGORY('part',$,(#6937));
#7884 = SHAPE_DEFINITION_REPRESENTATION(#7885,#7891);
#7885 = PRODUCT_DEFINITION_SHAPE('','',#7886);
#7886 = PRODUCT_DEFINITION('design','',#7887,#7890);
#7887 = PRODUCT_DEFINITION_FORMATION('','',#7888);
#7888 = PRODUCT('Objective carrier (printed)',
  'Objective carrier (printed)','',(#7889));
#7889 = PRODUCT_CONTEXT('',#2,'mechanical');
#7890 = PRODUCT_DEFINITION_CONTEXT('part definition',#2,'design');
#7891 = ADVANCED_BREP_SHAPE_REPRESENTATION('',(#11,#7892),#8159);
#7892 = MANIFOLD_SOLID_BREP('',#7893);
#7893 = CLOSED_SHELL('',(#7894,#7934,#7965,#8022,#8046,#8096,#8108,#8125
    ,#8142));
#7894 = ADVANCED_FACE('',(#7895),#7929,.F.);
#7895 = FACE_BOUND('',#7896,.F.);
#7896 = EDGE_LOOP('',(#7897,#7907,#7915,#7923));
#7897 = ORIENTED_EDGE('',*,*,#7898,.F.);
#7898 = EDGE_CURVE('',#7899,#7901,#7903,.T.);
#7899 = VERTEX_POINT('',#7900);
#7900 = CARTESIAN_POINT('',(-13.25,-17.72954185357,62.120458146424));
#7901 = VERTEX_POINT('',#7902);
#7902 = CARTESIAN_POINT('',(-13.25,-17.72954185357,65.120458146424));
#7903 = LINE('',#7904,#7905);
#7904 = CARTESIAN_POINT('',(-13.25,-17.72954185357,62.120458146424));
#7905 = VECTOR('',#7906,1.);
#7906 = DIRECTION('',(0.,0.,1.));
#7907 = ORIENTED_EDGE('',*,*,#7908,.T.);
#7908 = EDGE_CURVE('',#7899,#7909,#7911,.T.);
#7909 = VERTEX_POINT('',#7910);
#7910 = CARTESIAN_POINT('',(-13.25,15.470458146424,62.120458146424));
#7911 = LINE('',#7912,#7913);
#7912 = CARTESIAN_POINT('',(-13.25,-17.72954185357,62.120458146424));
#7913 = VECTOR('',#7914,1.);
#7914 = DIRECTION('',(0.,1.,0.));
#7915 = ORIENTED_EDGE('',*,*,#7916,.T.);
#7916 = EDGE_CURVE('',#7909,#7917,#7919,.T.);
#7917 = VERTEX_POINT('',#7918);
#7918 = CARTESIAN_POINT('',(-13.25,15.470458146424,65.120458146424));
#7919 = LINE('',#7920,#7921);
#7920 = CARTESIAN_POINT('',(-13.25,15.470458146424,62.120458146424));
#7921 = VECTOR('',#7922,1.);
#7922 = DIRECTION('',(0.,0.,1.));
#7923 = ORIENTED_EDGE('',*,*,#7924,.F.);
#7924 = EDGE_CURVE('',#7901,#7917,#7925,.T.);
#7925 = LINE('',#7926,#7927);
#7926 = CARTESIAN_POINT('',(-13.25,-17.72954185357,65.120458146424));
#7927 = VECTOR('',#7928,1.);
#7928 = DIRECTION('',(0.,1.,0.));
#7929 = PLANE('',#7930);
#7930 = AXIS2_PLACEMENT_3D('',#7931,#7932,#7933);
#7931 = CARTESIAN_POINT('',(-13.25,-17.72954185357,62.120458146424));
#7932 = DIRECTION('',(1.,0.,0.));
#7933 = DIRECTION('',(0.,0.,1.));
#7934 = ADVANCED_FACE('',(#7935),#7960,.F.);
#7935 = FACE_BOUND('',#7936,.F.);
#7936 = EDGE_LOOP('',(#7937,#7945,#7946,#7954));
#7937 = ORIENTED_EDGE('',*,*,#7938,.F.);
#7938 = EDGE_CURVE('',#7899,#7939,#7941,.T.);
#7939 = VERTEX_POINT('',#7940);
#7940 = CARTESIAN_POINT('',(13.25,-17.72954185357,62.120458146424));
#7941 = LINE('',#7942,#7943);
#7942 = CARTESIAN_POINT('',(-13.25,-17.72954185357,62.120458146424));
#7943 = VECTOR('',#7944,1.);
#7944 = DIRECTION('',(1.,0.,0.));
#7945 = ORIENTED_EDGE('',*,*,#7898,.T.);
#7946 = ORIENTED_EDGE('',*,*,#7947,.T.);
#7947 = EDGE_CURVE('',#7901,#7948,#7950,.T.);
#7948 = VERTEX_POINT('',#7949);
#7949 = CARTESIAN_POINT('',(13.25,-17.72954185357,65.120458146424));
#7950 = LINE('',#7951,#7952);
#7951 = CARTESIAN_POINT('',(-13.25,-17.72954185357,65.120458146424));
#7952 = VECTOR('',#7953,1.);
#7953 = DIRECTION('',(1.,0.,0.));
#7954 = ORIENTED_EDGE('',*,*,#7955,.F.);
#7955 = EDGE_CURVE('',#7939,#7948,#7956,.T.);
#7956 = LINE('',#7957,#7958);
#7957 = CARTESIAN_POINT('',(13.25,-17.72954185357,62.120458146424));
#7958 = VECTOR('',#7959,1.);
#7959 = DIRECTION('',(0.,0.,1.));
#7960 = PLANE('',#7961);
#7961 = AXIS2_PLACEMENT_3D('',#7962,#7963,#7964);
#7962 = CARTESIAN_POINT('',(-13.25,-17.72954185357,62.120458146424));
#7963 = DIRECTION('',(0.,1.,0.));
#7964 = DIRECTION('',(0.,0.,1.));
#7965 = ADVANCED_FACE('',(#7966,#7984,#7995,#8006),#8017,.T.);
#7966 = FACE_BOUND('',#7967,.T.);
#7967 = EDGE_LOOP('',(#7968,#7969,#7970,#7978));
#7968 = ORIENTED_EDGE('',*,*,#7924,.F.);
#7969 = ORIENTED_EDGE('',*,*,#7947,.T.);
#7970 = ORIENTED_EDGE('',*,*,#7971,.T.);
#7971 = EDGE_CURVE('',#7948,#7972,#7974,.T.);
#7972 = VERTEX_POINT('',#7973);
#7973 = CARTESIAN_POINT('',(13.25,15.470458146424,65.120458146424));
#7974 = LINE('',#7975,#7976);
#7975 = CARTESIAN_POINT('',(13.25,-17.72954185357,65.120458146424));
#7976 = VECTOR('',#7977,1.);
#7977 = DIRECTION('',(0.,1.,0.));
#7978 = ORIENTED_EDGE('',*,*,#7979,.F.);
#7979 = EDGE_CURVE('',#7917,#7972,#7980,.T.);
#7980 = LINE('',#7981,#7982);
#7981 = CARTESIAN_POINT('',(-13.25,15.470458146424,65.120458146424));
#7982 = VECTOR('',#7983,1.);
#7983 = DIRECTION('',(1.,0.,0.));
#7984 = FACE_BOUND('',#7985,.T.);
#7985 = EDGE_LOOP('',(#7986));
#7986 = ORIENTED_EDGE('',*,*,#7987,.T.);
#7987 = EDGE_CURVE('',#7988,#7988,#7990,.T.);
#7988 = VERTEX_POINT('',#7989);
#7989 = CARTESIAN_POINT('',(-9.15,2.720458146424,65.120458146424));
#7990 = CIRCLE('',#7991,0.85);
#7991 = AXIS2_PLACEMENT_3D('',#7992,#7993,#7994);
#7992 = CARTESIAN_POINT('',(-10.,2.720458146424,65.120458146424));
#7993 = DIRECTION('',(0.,0.,-1.));
#7994 = DIRECTION('',(1.,0.,0.));
#7995 = FACE_BOUND('',#7996,.T.);
#7996 = EDGE_LOOP('',(#7997));
#7997 = ORIENTED_EDGE('',*,*,#7998,.T.);
#7998 = EDGE_CURVE('',#7999,#7999,#8001,.T.);
#7999 = VERTEX_POINT('',#8000);
#8000 = CARTESIAN_POINT('',(5.,2.720458146424,65.120458146424));
#8001 = CIRCLE('',#8002,5.);
#8002 = AXIS2_PLACEMENT_3D('',#8003,#8004,#8005);
#8003 = CARTESIAN_POINT('',(0.,2.720458146424,65.120458146424));
#8004 = DIRECTION('',(0.,0.,-1.));
#8005 = DIRECTION('',(1.,0.,0.));
#8006 = FACE_BOUND('',#8007,.T.);
#8007 = EDGE_LOOP('',(#8008));
#8008 = ORIENTED_EDGE('',*,*,#8009,.T.);
#8009 = EDGE_CURVE('',#8010,#8010,#8012,.T.);
#8010 = VERTEX_POINT('',#8011);
#8011 = CARTESIAN_POINT('',(10.85,2.720458146424,65.120458146424));
#8012 = CIRCLE('',#8013,0.85);
#8013 = AXIS2_PLACEMENT_3D('',#8014,#8015,#8016);
#8014 = CARTESIAN_POINT('',(10.,2.720458146424,65.120458146424));
#8015 = DIRECTION('',(0.,0.,-1.));
#8016 = DIRECTION('',(1.,0.,0.));
#8017 = PLANE('',#8018);
#8018 = AXIS2_PLACEMENT_3D('',#8019,#8020,#8021);
#8019 = CARTESIAN_POINT('',(-13.25,-17.72954185357,65.120458146424));
#8020 = DIRECTION('',(0.,0.,1.));
#8021 = DIRECTION('',(1.,0.,0.));
#8022 = ADVANCED_FACE('',(#8023),#8041,.T.);
#8023 = FACE_BOUND('',#8024,.T.);
#8024 = EDGE_LOOP('',(#8025,#8033,#8034,#8035));
#8025 = ORIENTED_EDGE('',*,*,#8026,.F.);
#8026 = EDGE_CURVE('',#7909,#8027,#8029,.T.);
#8027 = VERTEX_POINT('',#8028);
#8028 = CARTESIAN_POINT('',(13.25,15.470458146424,62.120458146424));
#8029 = LINE('',#8030,#8031);
#8030 = CARTESIAN_POINT('',(-13.25,15.470458146424,62.120458146424));
#8031 = VECTOR('',#8032,1.);
#8032 = DIRECTION('',(1.,0.,0.));
#8033 = ORIENTED_EDGE('',*,*,#7916,.T.);
#8034 = ORIENTED_EDGE('',*,*,#7979,.T.);
#8035 = ORIENTED_EDGE('',*,*,#8036,.F.);
#8036 = EDGE_CURVE('',#8027,#7972,#8037,.T.);
#8037 = LINE('',#8038,#8039);
#8038 = CARTESIAN_POINT('',(13.25,15.470458146424,62.120458146424));
#8039 = VECTOR('',#8040,1.);
#8040 = DIRECTION('',(0.,0.,1.));
#8041 = PLANE('',#8042);
#8042 = AXIS2_PLACEMENT_3D('',#8043,#8044,#8045);
#8043 = CARTESIAN_POINT('',(-13.25,15.470458146424,62.120458146424));
#8044 = DIRECTION('',(0.,1.,0.));
#8045 = DIRECTION('',(0.,0.,1.));
#8046 = ADVANCED_FACE('',(#8047,#8058,#8069,#8080),#8091,.F.);
#8047 = FACE_BOUND('',#8048,.F.);
#8048 = EDGE_LOOP('',(#8049,#8050,#8051,#8057));
#8049 = ORIENTED_EDGE('',*,*,#7908,.F.);
#8050 = ORIENTED_EDGE('',*,*,#7938,.T.);
#8051 = ORIENTED_EDGE('',*,*,#8052,.T.);
#8052 = EDGE_CURVE('',#7939,#8027,#8053,.T.);
#8053 = LINE('',#8054,#8055);
#8054 = CARTESIAN_POINT('',(13.25,-17.72954185357,62.120458146424));
#8055 = VECTOR('',#8056,1.);
#8056 = DIRECTION('',(0.,1.,0.));
#8057 = ORIENTED_EDGE('',*,*,#8026,.F.);
#8058 = FACE_BOUND('',#8059,.F.);
#8059 = EDGE_LOOP('',(#8060));
#8060 = ORIENTED_EDGE('',*,*,#8061,.T.);
#8061 = EDGE_CURVE('',#8062,#8062,#8064,.T.);
#8062 = VERTEX_POINT('',#8063);
#8063 = CARTESIAN_POINT('',(-9.15,2.720458146424,62.120458146424));
#8064 = CIRCLE('',#8065,0.85);
#8065 = AXIS2_PLACEMENT_3D('',#8066,#8067,#8068);
#8066 = CARTESIAN_POINT('',(-10.,2.720458146424,62.120458146424));
#8067 = DIRECTION('',(0.,0.,-1.));
#8068 = DIRECTION('',(1.,0.,0.));
#8069 = FACE_BOUND('',#8070,.F.);
#8070 = EDGE_LOOP('',(#8071));
#8071 = ORIENTED_EDGE('',*,*,#8072,.T.);
#8072 = EDGE_CURVE('',#8073,#8073,#8075,.T.);
#8073 = VERTEX_POINT('',#8074);
#8074 = CARTESIAN_POINT('',(5.,2.720458146424,62.120458146424));
#8075 = CIRCLE('',#8076,5.);
#8076 = AXIS2_PLACEMENT_3D('',#8077,#8078,#8079);
#8077 = CARTESIAN_POINT('',(0.,2.720458146424,62.120458146424));
#8078 = DIRECTION('',(0.,0.,-1.));
#8079 = DIRECTION('',(1.,0.,0.));
#8080 = FACE_BOUND('',#8081,.F.);
#8081 = EDGE_LOOP('',(#8082));
#8082 = ORIENTED_EDGE('',*,*,#8083,.T.);
#8083 = EDGE_CURVE('',#8084,#8084,#8086,.T.);
#8084 = VERTEX_POINT('',#8085);
#8085 = CARTESIAN_POINT('',(10.85,2.720458146424,62.120458146424));
#8086 = CIRCLE('',#8087,0.85);
#8087 = AXIS2_PLACEMENT_3D('',#8088,#8089,#8090);
#8088 = CARTESIAN_POINT('',(10.,2.720458146424,62.120458146424));
#8089 = DIRECTION('',(0.,0.,-1.));
#8090 = DIRECTION('',(1.,0.,0.));
#8091 = PLANE('',#8092);
#8092 = AXIS2_PLACEMENT_3D('',#8093,#8094,#8095);
#8093 = CARTESIAN_POINT('',(-13.25,-17.72954185357,62.120458146424));
#8094 = DIRECTION('',(0.,0.,1.));
#8095 = DIRECTION('',(1.,0.,0.));
#8096 = ADVANCED_FACE('',(#8097),#8103,.T.);
#8097 = FACE_BOUND('',#8098,.T.);
#8098 = EDGE_LOOP('',(#8099,#8100,#8101,#8102));
#8099 = ORIENTED_EDGE('',*,*,#7955,.F.);
#8100 = ORIENTED_EDGE('',*,*,#8052,.T.);
#8101 = ORIENTED_EDGE('',*,*,#8036,.T.);
#8102 = ORIENTED_EDGE('',*,*,#7971,.F.);
#8103 = PLANE('',#8104);
#8104 = AXIS2_PLACEMENT_3D('',#8105,#8106,#8107);
#8105 = CARTESIAN_POINT('',(13.25,-17.72954185357,62.120458146424));
#8106 = DIRECTION('',(1.,0.,0.));
#8107 = DIRECTION('',(0.,0.,1.));
#8108 = ADVANCED_FACE('',(#8109),#8120,.F.);
#8109 = FACE_BOUND('',#8110,.T.);
#8110 = EDGE_LOOP('',(#8111,#8112,#8118,#8119));
#8111 = ORIENTED_EDGE('',*,*,#8061,.T.);
#8112 = ORIENTED_EDGE('',*,*,#8113,.T.);
#8113 = EDGE_CURVE('',#8062,#7988,#8114,.T.);
#8114 = LINE('',#8115,#8116);
#8115 = CARTESIAN_POINT('',(-9.15,2.720458146424,62.020458146424));
#8116 = VECTOR('',#8117,1.);
#8117 = DIRECTION('',(0.,0.,1.));
#8118 = ORIENTED_EDGE('',*,*,#7987,.F.);
#8119 = ORIENTED_EDGE('',*,*,#8113,.F.);
#8120 = CYLINDRICAL_SURFACE('',#8121,0.85);
#8121 = AXIS2_PLACEMENT_3D('',#8122,#8123,#8124);
#8122 = CARTESIAN_POINT('',(-10.,2.720458146424,62.020458146424));
#8123 = DIRECTION('',(-0.,-0.,-1.));
#8124 = DIRECTION('',(1.,0.,0.));
#8125 = ADVANCED_FACE('',(#8126),#8137,.F.);
#8126 = FACE_BOUND('',#8127,.T.);
#8127 = EDGE_LOOP('',(#8128,#8129,#8135,#8136));
#8128 = ORIENTED_EDGE('',*,*,#8072,.T.);
#8129 = ORIENTED_EDGE('',*,*,#8130,.T.);
#8130 = EDGE_CURVE('',#8073,#7999,#8131,.T.);
#8131 = LINE('',#8132,#8133);
#8132 = CARTESIAN_POINT('',(5.,2.720458146424,62.020458146424));
#8133 = VECTOR('',#8134,1.);
#8134 = DIRECTION('',(0.,0.,1.));
#8135 = ORIENTED_EDGE('',*,*,#7998,.F.);
#8136 = ORIENTED_EDGE('',*,*,#8130,.F.);
#8137 = CYLINDRICAL_SURFACE('',#8138,5.);
#8138 = AXIS2_PLACEMENT_3D('',#8139,#8140,#8141);
#8139 = CARTESIAN_POINT('',(0.,2.720458146424,62.020458146424));
#8140 = DIRECTION('',(-0.,-0.,-1.));
#8141 = DIRECTION('',(1.,0.,0.));
#8142 = ADVANCED_FACE('',(#8143),#8154,.F.);
#8143 = FACE_BOUND('',#8144,.T.);
#8144 = EDGE_LOOP('',(#8145,#8146,#8152,#8153));
#8145 = ORIENTED_EDGE('',*,*,#8083,.T.);
#8146 = ORIENTED_EDGE('',*,*,#8147,.T.);
#8147 = EDGE_CURVE('',#8084,#8010,#8148,.T.);
#8148 = LINE('',#8149,#8150);
#8149 = CARTESIAN_POINT('',(10.85,2.720458146424,62.020458146424));
#8150 = VECTOR('',#8151,1.);
#8151 = DIRECTION('',(0.,0.,1.));
#8152 = ORIENTED_EDGE('',*,*,#8009,.F.);
#8153 = ORIENTED_EDGE('',*,*,#8147,.F.);
#8154 = CYLINDRICAL_SURFACE('',#8155,0.85);
#8155 = AXIS2_PLACEMENT_3D('',#8156,#8157,#8158);
#8156 = CARTESIAN_POINT('',(10.,2.720458146424,62.020458146424));
#8157 = DIRECTION('',(-0.,-0.,-1.));
#8158 = DIRECTION('',(1.,0.,0.));
#8159 = ( GEOMETRIC_REPRESENTATION_CONTEXT(3) 
GLOBAL_UNCERTAINTY_ASSIGNED_CONTEXT((#8163)) 
GLOBAL_UNIT_ASSIGNED_CONTEXT((#8160,#8161,#8162)) REPRESENTATION_CONTEXT
('Context #1','3D Context with UNIT and UNCERTAINTY') );
#8160 = ( LENGTH_UNIT() NAMED_UNIT(*) SI_UNIT(.MILLI.,.METRE.) );
#8161 = ( NAMED_UNIT(*) PLANE_ANGLE_UNIT() SI_UNIT($,.RADIAN.) );
#8162 = ( NAMED_UNIT(*) SI_UNIT($,.STERADIAN.) SOLID_ANGLE_UNIT() );
#8163 = UNCERTAINTY_MEASURE_WITH_UNIT(LENGTH_MEASURE(1.E-07),#8160,
  'distance_accuracy_value','confusion accuracy');
#8164 = CONTEXT_DEPENDENT_SHAPE_REPRESENTATION(#8165,#8167);
#8165 = ( REPRESENTATION_RELATIONSHIP('','',#7891,#10) 
REPRESENTATION_RELATIONSHIP_WITH_TRANSFORMATION(#8166) 
SHAPE_REPRESENTATION_RELATIONSHIP() );
#8166 = ITEM_DEFINED_TRANSFORMATION('','',#11,#31);
#8167 = PRODUCT_DEFINITION_SHAPE('Placement','Placement of an item',
  #8168);
#8168 = NEXT_ASSEMBLY_USAGE_OCCURRENCE('5','Objective carrier (printed)'
  ,'',#5,#7886,$);
#8169 = PRODUCT_RELATED_PRODUCT_CATEGORY('part',$,(#7888));
#8170 = SHAPE_DEFINITION_REPRESENTATION(#8171,#8177);
#8171 = PRODUCT_DEFINITION_SHAPE('','',#8172);
#8172 = PRODUCT_DEFINITION('design','',#8173,#8176);
#8173 = PRODUCT_DEFINITION_FORMATION('','',#8174);
#8174 = PRODUCT('Slit block (printed)','Slit block (printed)','',(#8175)
  );
#8175 = PRODUCT_CONTEXT('',#2,'mechanical');
#8176 = PRODUCT_DEFINITION_CONTEXT('part definition',#2,'design');
#8177 = ADVANCED_BREP_SHAPE_REPRESENTATION('',(#11,#8178),#8644);
#8178 = MANIFOLD_SOLID_BREP('',#8179);
#8179 = CLOSED_SHELL('',(#8180,#8220,#8251,#8308,#8332,#8383,#8395,#8420
    ,#8445,#8470,#8501,#8525,#8549,#8566,#8575,#8595,#8604,#8627));
#8180 = ADVANCED_FACE('',(#8181),#8215,.F.);
#8181 = FACE_BOUND('',#8182,.F.);
#8182 = EDGE_LOOP('',(#8183,#8193,#8201,#8209));
#8183 = ORIENTED_EDGE('',*,*,#8184,.F.);
#8184 = EDGE_CURVE('',#8185,#8187,#8189,.T.);
#8185 = VERTEX_POINT('',#8186);
#8186 = CARTESIAN_POINT('',(-13.25,-17.72954185357,68.030905907619));
#8187 = VERTEX_POINT('',#8188);
#8188 = CARTESIAN_POINT('',(-13.25,-17.72954185357,73.030905907619));
#8189 = LINE('',#8190,#8191);
#8190 = CARTESIAN_POINT('',(-13.25,-17.72954185357,68.030905907619));
#8191 = VECTOR('',#8192,1.);
#8192 = DIRECTION('',(0.,0.,1.));
#8193 = ORIENTED_EDGE('',*,*,#8194,.T.);
#8194 = EDGE_CURVE('',#8185,#8195,#8197,.T.);
#8195 = VERTEX_POINT('',#8196);
#8196 = CARTESIAN_POINT('',(-13.25,15.470458146424,68.030905907619));
#8197 = LINE('',#8198,#8199);
#8198 = CARTESIAN_POINT('',(-13.25,-17.72954185357,68.030905907619));
#8199 = VECTOR('',#8200,1.);
#8200 = DIRECTION('',(0.,1.,0.));
#8201 = ORIENTED_EDGE('',*,*,#8202,.T.);
#8202 = EDGE_CURVE('',#8195,#8203,#8205,.T.);
#8203 = VERTEX_POINT('',#8204);
#8204 = CARTESIAN_POINT('',(-13.25,15.470458146424,73.030905907619));
#8205 = LINE('',#8206,#8207);
#8206 = CARTESIAN_POINT('',(-13.25,15.470458146424,68.030905907619));
#8207 = VECTOR('',#8208,1.);
#8208 = DIRECTION('',(0.,0.,1.));
#8209 = ORIENTED_EDGE('',*,*,#8210,.F.);
#8210 = EDGE_CURVE('',#8187,#8203,#8211,.T.);
#8211 = LINE('',#8212,#8213);
#8212 = CARTESIAN_POINT('',(-13.25,-17.72954185357,73.030905907619));
#8213 = VECTOR('',#8214,1.);
#8214 = DIRECTION('',(0.,1.,0.));
#8215 = PLANE('',#8216);
#8216 = AXIS2_PLACEMENT_3D('',#8217,#8218,#8219);
#8217 = CARTESIAN_POINT('',(-13.25,-17.72954185357,68.030905907619));
#8218 = DIRECTION('',(1.,0.,0.));
#8219 = DIRECTION('',(0.,0.,1.));
#8220 = ADVANCED_FACE('',(#8221),#8246,.F.);
#8221 = FACE_BOUND('',#8222,.F.);
#8222 = EDGE_LOOP('',(#8223,#8231,#8232,#8240));
#8223 = ORIENTED_EDGE('',*,*,#8224,.F.);
#8224 = EDGE_CURVE('',#8185,#8225,#8227,.T.);
#8225 = VERTEX_POINT('',#8226);
#8226 = CARTESIAN_POINT('',(13.25,-17.72954185357,68.030905907619));
#8227 = LINE('',#8228,#8229);
#8228 = CARTESIAN_POINT('',(-13.25,-17.72954185357,68.030905907619));
#8229 = VECTOR('',#8230,1.);
#8230 = DIRECTION('',(1.,0.,0.));
#8231 = ORIENTED_EDGE('',*,*,#8184,.T.);
#8232 = ORIENTED_EDGE('',*,*,#8233,.T.);
#8233 = EDGE_CURVE('',#8187,#8234,#8236,.T.);
#8234 = VERTEX_POINT('',#8235);
#8235 = CARTESIAN_POINT('',(13.25,-17.72954185357,73.030905907619));
#8236 = LINE('',#8237,#8238);
#8237 = CARTESIAN_POINT('',(-13.25,-17.72954185357,73.030905907619));
#8238 = VECTOR('',#8239,1.);
#8239 = DIRECTION('',(1.,0.,0.));
#8240 = ORIENTED_EDGE('',*,*,#8241,.F.);
#8241 = EDGE_CURVE('',#8225,#8234,#8242,.T.);
#8242 = LINE('',#8243,#8244);
#8243 = CARTESIAN_POINT('',(13.25,-17.72954185357,68.030905907619));
#8244 = VECTOR('',#8245,1.);
#8245 = DIRECTION('',(0.,0.,1.));
#8246 = PLANE('',#8247);
#8247 = AXIS2_PLACEMENT_3D('',#8248,#8249,#8250);
#8248 = CARTESIAN_POINT('',(-13.25,-17.72954185357,68.030905907619));
#8249 = DIRECTION('',(0.,1.,0.));
#8250 = DIRECTION('',(0.,0.,1.));
#8251 = ADVANCED_FACE('',(#8252,#8270,#8281,#8292),#8303,.T.);
#8252 = FACE_BOUND('',#8253,.T.);
#8253 = EDGE_LOOP('',(#8254,#8255,#8256,#8264));
#8254 = ORIENTED_EDGE('',*,*,#8210,.F.);
#8255 = ORIENTED_EDGE('',*,*,#8233,.T.);
#8256 = ORIENTED_EDGE('',*,*,#8257,.T.);
#8257 = EDGE_CURVE('',#8234,#8258,#8260,.T.);
#8258 = VERTEX_POINT('',#8259);
#8259 = CARTESIAN_POINT('',(13.25,15.470458146424,73.030905907619));
#8260 = LINE('',#8261,#8262);
#8261 = CARTESIAN_POINT('',(13.25,-17.72954185357,73.030905907619));
#8262 = VECTOR('',#8263,1.);
#8263 = DIRECTION('',(0.,1.,0.));
#8264 = ORIENTED_EDGE('',*,*,#8265,.F.);
#8265 = EDGE_CURVE('',#8203,#8258,#8266,.T.);
#8266 = LINE('',#8267,#8268);
#8267 = CARTESIAN_POINT('',(-13.25,15.470458146424,73.030905907619));
#8268 = VECTOR('',#8269,1.);
#8269 = DIRECTION('',(1.,0.,0.));
#8270 = FACE_BOUND('',#8271,.T.);
#8271 = EDGE_LOOP('',(#8272));
#8272 = ORIENTED_EDGE('',*,*,#8273,.T.);
#8273 = EDGE_CURVE('',#8274,#8274,#8276,.T.);
#8274 = VERTEX_POINT('',#8275);
#8275 = CARTESIAN_POINT('',(-9.15,2.720458146424,73.030905907619));
#8276 = CIRCLE('',#8277,0.85);
#8277 = AXIS2_PLACEMENT_3D('',#8278,#8279,#8280);
#8278 = CARTESIAN_POINT('',(-10.,2.720458146424,73.030905907619));
#8279 = DIRECTION('',(0.,0.,-1.));
#8280 = DIRECTION('',(1.,0.,0.));
#8281 = FACE_BOUND('',#8282,.T.);
#8282 = EDGE_LOOP('',(#8283));
#8283 = ORIENTED_EDGE('',*,*,#8284,.T.);
#8284 = EDGE_CURVE('',#8285,#8285,#8287,.T.);
#8285 = VERTEX_POINT('',#8286);
#8286 = CARTESIAN_POINT('',(5.,2.720458146424,73.030905907619));
#8287 = CIRCLE('',#8288,5.);
#8288 = AXIS2_PLACEMENT_3D('',#8289,#8290,#8291);
#8289 = CARTESIAN_POINT('',(0.,2.720458146424,73.030905907619));
#8290 = DIRECTION('',(0.,0.,-1.));
#8291 = DIRECTION('',(1.,0.,0.));
#8292 = FACE_BOUND('',#8293,.T.);
#8293 = EDGE_LOOP('',(#8294));
#8294 = ORIENTED_EDGE('',*,*,#8295,.T.);
#8295 = EDGE_CURVE('',#8296,#8296,#8298,.T.);
#8296 = VERTEX_POINT('',#8297);
#8297 = CARTESIAN_POINT('',(10.85,2.720458146424,73.030905907619));
#8298 = CIRCLE('',#8299,0.85);
#8299 = AXIS2_PLACEMENT_3D('',#8300,#8301,#8302);
#8300 = CARTESIAN_POINT('',(10.,2.720458146424,73.030905907619));
#8301 = DIRECTION('',(0.,0.,-1.));
#8302 = DIRECTION('',(1.,0.,0.));
#8303 = PLANE('',#8304);
#8304 = AXIS2_PLACEMENT_3D('',#8305,#8306,#8307);
#8305 = CARTESIAN_POINT('',(-13.25,-17.72954185357,73.030905907619));
#8306 = DIRECTION('',(0.,0.,1.));
#8307 = DIRECTION('',(1.,0.,0.));
#8308 = ADVANCED_FACE('',(#8309),#8327,.T.);
#8309 = FACE_BOUND('',#8310,.T.);
#8310 = EDGE_LOOP('',(#8311,#8319,#8320,#8321));
#8311 = ORIENTED_EDGE('',*,*,#8312,.F.);
#8312 = EDGE_CURVE('',#8195,#8313,#8315,.T.);
#8313 = VERTEX_POINT('',#8314);
#8314 = CARTESIAN_POINT('',(13.25,15.470458146424,68.030905907619));
#8315 = LINE('',#8316,#8317);
#8316 = CARTESIAN_POINT('',(-13.25,15.470458146424,68.030905907619));
#8317 = VECTOR('',#8318,1.);
#8318 = DIRECTION('',(1.,0.,0.));
#8319 = ORIENTED_EDGE('',*,*,#8202,.T.);
#8320 = ORIENTED_EDGE('',*,*,#8265,.T.);
#8321 = ORIENTED_EDGE('',*,*,#8322,.F.);
#8322 = EDGE_CURVE('',#8313,#8258,#8323,.T.);
#8323 = LINE('',#8324,#8325);
#8324 = CARTESIAN_POINT('',(13.25,15.470458146424,68.030905907619));
#8325 = VECTOR('',#8326,1.);
#8326 = DIRECTION('',(0.,0.,1.));
#8327 = PLANE('',#8328);
#8328 = AXIS2_PLACEMENT_3D('',#8329,#8330,#8331);
#8329 = CARTESIAN_POINT('',(-13.25,15.470458146424,68.030905907619));
#8330 = DIRECTION('',(0.,1.,0.));
#8331 = DIRECTION('',(0.,0.,1.));
#8332 = ADVANCED_FACE('',(#8333,#8344),#8378,.F.);
#8333 = FACE_BOUND('',#8334,.F.);
#8334 = EDGE_LOOP('',(#8335,#8336,#8337,#8343));
#8335 = ORIENTED_EDGE('',*,*,#8194,.F.);
#8336 = ORIENTED_EDGE('',*,*,#8224,.T.);
#8337 = ORIENTED_EDGE('',*,*,#8338,.T.);
#8338 = EDGE_CURVE('',#8225,#8313,#8339,.T.);
#8339 = LINE('',#8340,#8341);
#8340 = CARTESIAN_POINT('',(13.25,-17.72954185357,68.030905907619));
#8341 = VECTOR('',#8342,1.);
#8342 = DIRECTION('',(0.,1.,0.));
#8343 = ORIENTED_EDGE('',*,*,#8312,.F.);
#8344 = FACE_BOUND('',#8345,.F.);
#8345 = EDGE_LOOP('',(#8346,#8356,#8364,#8372));
#8346 = ORIENTED_EDGE('',*,*,#8347,.T.);
#8347 = EDGE_CURVE('',#8348,#8350,#8352,.T.);
#8348 = VERTEX_POINT('',#8349);
#8349 = CARTESIAN_POINT('',(10.3,-6.679541853576,68.030905907619));
#8350 = VERTEX_POINT('',#8351);
#8351 = CARTESIAN_POINT('',(-10.3,-6.679541853576,68.030905907619));
#8352 = LINE('',#8353,#8354);
#8353 = CARTESIAN_POINT('',(-11.775,-6.679541853576,68.030905907619));
#8354 = VECTOR('',#8355,1.);
#8355 = DIRECTION('',(-1.,0.,0.));
#8356 = ORIENTED_EDGE('',*,*,#8357,.T.);
#8357 = EDGE_CURVE('',#8350,#8358,#8360,.T.);
#8358 = VERTEX_POINT('',#8359);
#8359 = CARTESIAN_POINT('',(-10.3,12.120458146424,68.030905907619));
#8360 = LINE('',#8361,#8362);
#8361 = CARTESIAN_POINT('',(-10.3,-12.20454185357,68.030905907619));
#8362 = VECTOR('',#8363,1.);
#8363 = DIRECTION('',(0.,1.,0.));
#8364 = ORIENTED_EDGE('',*,*,#8365,.F.);
#8365 = EDGE_CURVE('',#8366,#8358,#8368,.T.);
#8366 = VERTEX_POINT('',#8367);
#8367 = CARTESIAN_POINT('',(10.3,12.120458146424,68.030905907619));
#8368 = LINE('',#8369,#8370);
#8369 = CARTESIAN_POINT('',(-11.775,12.120458146424,68.030905907619));
#8370 = VECTOR('',#8371,1.);
#8371 = DIRECTION('',(-1.,0.,0.));
#8372 = ORIENTED_EDGE('',*,*,#8373,.F.);
#8373 = EDGE_CURVE('',#8348,#8366,#8374,.T.);
#8374 = LINE('',#8375,#8376);
#8375 = CARTESIAN_POINT('',(10.3,-12.20454185357,68.030905907619));
#8376 = VECTOR('',#8377,1.);
#8377 = DIRECTION('',(0.,1.,0.));
#8378 = PLANE('',#8379);
#8379 = AXIS2_PLACEMENT_3D('',#8380,#8381,#8382);
#8380 = CARTESIAN_POINT('',(-13.25,-17.72954185357,68.030905907619));
#8381 = DIRECTION('',(0.,0.,1.));
#8382 = DIRECTION('',(1.,0.,0.));
#8383 = ADVANCED_FACE('',(#8384),#8390,.T.);
#8384 = FACE_BOUND('',#8385,.T.);
#8385 = EDGE_LOOP('',(#8386,#8387,#8388,#8389));
#8386 = ORIENTED_EDGE('',*,*,#8241,.F.);
#8387 = ORIENTED_EDGE('',*,*,#8338,.T.);
#8388 = ORIENTED_EDGE('',*,*,#8322,.T.);
#8389 = ORIENTED_EDGE('',*,*,#8257,.F.);
#8390 = PLANE('',#8391);
#8391 = AXIS2_PLACEMENT_3D('',#8392,#8393,#8394);
#8392 = CARTESIAN_POINT('',(13.25,-17.72954185357,68.030905907619));
#8393 = DIRECTION('',(1.,0.,0.));
#8394 = DIRECTION('',(0.,0.,1.));
#8395 = ADVANCED_FACE('',(#8396),#8415,.F.);
#8396 = FACE_BOUND('',#8397,.T.);
#8397 = EDGE_LOOP('',(#8398,#8407,#8413,#8414));
#8398 = ORIENTED_EDGE('',*,*,#8399,.F.);
#8399 = EDGE_CURVE('',#8400,#8400,#8402,.T.);
#8400 = VERTEX_POINT('',#8401);
#8401 = CARTESIAN_POINT('',(-9.15,2.720458146424,69.030905907619));
#8402 = CIRCLE('',#8403,0.85);
#8403 = AXIS2_PLACEMENT_3D('',#8404,#8405,#8406);
#8404 = CARTESIAN_POINT('',(-10.,2.720458146424,69.030905907619));
#8405 = DIRECTION('',(0.,0.,1.));
#8406 = DIRECTION('',(1.,0.,0.));
#8407 = ORIENTED_EDGE('',*,*,#8408,.T.);
#8408 = EDGE_CURVE('',#8400,#8274,#8409,.T.);
#8409 = LINE('',#8410,#8411);
#8410 = CARTESIAN_POINT('',(-9.15,2.720458146424,69.030905907619));
#8411 = VECTOR('',#8412,1.);
#8412 = DIRECTION('',(0.,0.,1.));
#8413 = ORIENTED_EDGE('',*,*,#8273,.F.);
#8414 = ORIENTED_EDGE('',*,*,#8408,.F.);
#8415 = CYLINDRICAL_SURFACE('',#8416,0.85);
#8416 = AXIS2_PLACEMENT_3D('',#8417,#8418,#8419);
#8417 = CARTESIAN_POINT('',(-10.,2.720458146424,69.030905907619));
#8418 = DIRECTION('',(-0.,-0.,-1.));
#8419 = DIRECTION('',(1.,0.,0.));
#8420 = ADVANCED_FACE('',(#8421),#8440,.F.);
#8421 = FACE_BOUND('',#8422,.T.);
#8422 = EDGE_LOOP('',(#8423,#8431,#8438,#8439));
#8423 = ORIENTED_EDGE('',*,*,#8424,.F.);
#8424 = EDGE_CURVE('',#8425,#8285,#8427,.T.);
#8425 = VERTEX_POINT('',#8426);
#8426 = CARTESIAN_POINT('',(5.,2.720458146424,71.982265548782));
#8427 = LINE('',#8428,#8429);
#8428 = CARTESIAN_POINT('',(5.,2.720458146424,67.930905907619));
#8429 = VECTOR('',#8430,1.);
#8430 = DIRECTION('',(0.,0.,1.));
#8431 = ORIENTED_EDGE('',*,*,#8432,.T.);
#8432 = EDGE_CURVE('',#8425,#8425,#8433,.T.);
#8433 = CIRCLE('',#8434,5.);
#8434 = AXIS2_PLACEMENT_3D('',#8435,#8436,#8437);
#8435 = CARTESIAN_POINT('',(0.,2.720458146424,71.982265548782));
#8436 = DIRECTION('',(0.,0.,-1.));
#8437 = DIRECTION('',(1.,0.,0.));
#8438 = ORIENTED_EDGE('',*,*,#8424,.T.);
#8439 = ORIENTED_EDGE('',*,*,#8284,.F.);
#8440 = CYLINDRICAL_SURFACE('',#8441,5.);
#8441 = AXIS2_PLACEMENT_3D('',#8442,#8443,#8444);
#8442 = CARTESIAN_POINT('',(0.,2.720458146424,67.930905907619));
#8443 = DIRECTION('',(-0.,-0.,-1.));
#8444 = DIRECTION('',(1.,0.,0.));
#8445 = ADVANCED_FACE('',(#8446),#8465,.F.);
#8446 = FACE_BOUND('',#8447,.T.);
#8447 = EDGE_LOOP('',(#8448,#8457,#8463,#8464));
#8448 = ORIENTED_EDGE('',*,*,#8449,.F.);
#8449 = EDGE_CURVE('',#8450,#8450,#8452,.T.);
#8450 = VERTEX_POINT('',#8451);
#8451 = CARTESIAN_POINT('',(10.85,2.720458146424,69.030905907619));
#8452 = CIRCLE('',#8453,0.85);
#8453 = AXIS2_PLACEMENT_3D('',#8454,#8455,#8456);
#8454 = CARTESIAN_POINT('',(10.,2.720458146424,69.030905907619));
#8455 = DIRECTION('',(0.,0.,1.));
#8456 = DIRECTION('',(1.,0.,0.));
#8457 = ORIENTED_EDGE('',*,*,#8458,.T.);
#8458 = EDGE_CURVE('',#8450,#8296,#8459,.T.);
#8459 = LINE('',#8460,#8461);
#8460 = CARTESIAN_POINT('',(10.85,2.720458146424,69.030905907619));
#8461 = VECTOR('',#8462,1.);
#8462 = DIRECTION('',(0.,0.,1.));
#8463 = ORIENTED_EDGE('',*,*,#8295,.F.);
#8464 = ORIENTED_EDGE('',*,*,#8458,.F.);
#8465 = CYLINDRICAL_SURFACE('',#8466,0.85);
#8466 = AXIS2_PLACEMENT_3D('',#8467,#8468,#8469);
#8467 = CARTESIAN_POINT('',(10.,2.720458146424,69.030905907619));
#8468 = DIRECTION('',(-0.,-0.,-1.));
#8469 = DIRECTION('',(1.,0.,0.));
#8470 = ADVANCED_FACE('',(#8471),#8496,.T.);
#8471 = FACE_BOUND('',#8472,.T.);
#8472 = EDGE_LOOP('',(#8473,#8481,#8482,#8490));
#8473 = ORIENTED_EDGE('',*,*,#8474,.F.);
#8474 = EDGE_CURVE('',#8348,#8475,#8477,.T.);
#8475 = VERTEX_POINT('',#8476);
#8476 = CARTESIAN_POINT('',(10.3,-6.679541853576,68.460905907619));
#8477 = LINE('',#8478,#8479);
#8478 = CARTESIAN_POINT('',(10.3,-6.679541853576,67.930905907619));
#8479 = VECTOR('',#8480,1.);
#8480 = DIRECTION('',(0.,0.,1.));
#8481 = ORIENTED_EDGE('',*,*,#8347,.T.);
#8482 = ORIENTED_EDGE('',*,*,#8483,.T.);
#8483 = EDGE_CURVE('',#8350,#8484,#8486,.T.);
#8484 = VERTEX_POINT('',#8485);
#8485 = CARTESIAN_POINT('',(-10.3,-6.679541853576,68.460905907619));
#8486 = LINE('',#8487,#8488);
#8487 = CARTESIAN_POINT('',(-10.3,-6.679541853576,67.930905907619));
#8488 = VECTOR('',#8489,1.);
#8489 = DIRECTION('',(0.,0.,1.));
#8490 = ORIENTED_EDGE('',*,*,#8491,.T.);
#8491 = EDGE_CURVE('',#8484,#8475,#8492,.T.);
#8492 = LINE('',#8493,#8494);
#8493 = CARTESIAN_POINT('',(-10.3,-6.679541853576,68.460905907619));
#8494 = VECTOR('',#8495,1.);
#8495 = DIRECTION('',(1.,0.,0.));
#8496 = PLANE('',#8497);
#8497 = AXIS2_PLACEMENT_3D('',#8498,#8499,#8500);
#8498 = CARTESIAN_POINT('',(-10.3,-6.679541853576,67.930905907619));
#8499 = DIRECTION('',(0.,1.,0.));
#8500 = DIRECTION('',(0.,0.,1.));
#8501 = ADVANCED_FACE('',(#8502),#8520,.F.);
#8502 = FACE_BOUND('',#8503,.F.);
#8503 = EDGE_LOOP('',(#8504,#8505,#8506,#8514));
#8504 = ORIENTED_EDGE('',*,*,#8474,.F.);
#8505 = ORIENTED_EDGE('',*,*,#8373,.T.);
#8506 = ORIENTED_EDGE('',*,*,#8507,.T.);
#8507 = EDGE_CURVE('',#8366,#8508,#8510,.T.);
#8508 = VERTEX_POINT('',#8509);
#8509 = CARTESIAN_POINT('',(10.3,12.120458146424,68.460905907619));
#8510 = LINE('',#8511,#8512);
#8511 = CARTESIAN_POINT('',(10.3,12.120458146424,67.930905907619));
#8512 = VECTOR('',#8513,1.);
#8513 = DIRECTION('',(0.,0.,1.));
#8514 = ORIENTED_EDGE('',*,*,#8515,.F.);
#8515 = EDGE_CURVE('',#8475,#8508,#8516,.T.);
#8516 = LINE('',#8517,#8518);
#8517 = CARTESIAN_POINT('',(10.3,-6.679541853576,68.460905907619));
#8518 = VECTOR('',#8519,1.);
#8519 = DIRECTION('',(0.,1.,0.));
#8520 = PLANE('',#8521);
#8521 = AXIS2_PLACEMENT_3D('',#8522,#8523,#8524);
#8522 = CARTESIAN_POINT('',(10.3,-6.679541853576,67.930905907619));
#8523 = DIRECTION('',(1.,0.,0.));
#8524 = DIRECTION('',(0.,0.,1.));
#8525 = ADVANCED_FACE('',(#8526),#8544,.F.);
#8526 = FACE_BOUND('',#8527,.F.);
#8527 = EDGE_LOOP('',(#8528,#8529,#8530,#8538));
#8528 = ORIENTED_EDGE('',*,*,#8507,.F.);
#8529 = ORIENTED_EDGE('',*,*,#8365,.T.);
#8530 = ORIENTED_EDGE('',*,*,#8531,.T.);
#8531 = EDGE_CURVE('',#8358,#8532,#8534,.T.);
#8532 = VERTEX_POINT('',#8533);
#8533 = CARTESIAN_POINT('',(-10.3,12.120458146424,68.460905907619));
#8534 = LINE('',#8535,#8536);
#8535 = CARTESIAN_POINT('',(-10.3,12.120458146424,67.930905907619));
#8536 = VECTOR('',#8537,1.);
#8537 = DIRECTION('',(0.,0.,1.));
#8538 = ORIENTED_EDGE('',*,*,#8539,.T.);
#8539 = EDGE_CURVE('',#8532,#8508,#8540,.T.);
#8540 = LINE('',#8541,#8542);
#8541 = CARTESIAN_POINT('',(-10.3,12.120458146424,68.460905907619));
#8542 = VECTOR('',#8543,1.);
#8543 = DIRECTION('',(1.,0.,0.));
#8544 = PLANE('',#8545);
#8545 = AXIS2_PLACEMENT_3D('',#8546,#8547,#8548);
#8546 = CARTESIAN_POINT('',(-10.3,12.120458146424,67.930905907619));
#8547 = DIRECTION('',(0.,1.,0.));
#8548 = DIRECTION('',(0.,0.,1.));
#8549 = ADVANCED_FACE('',(#8550),#8561,.T.);
#8550 = FACE_BOUND('',#8551,.T.);
#8551 = EDGE_LOOP('',(#8552,#8553,#8554,#8555));
#8552 = ORIENTED_EDGE('',*,*,#8483,.F.);
#8553 = ORIENTED_EDGE('',*,*,#8357,.T.);
#8554 = ORIENTED_EDGE('',*,*,#8531,.T.);
#8555 = ORIENTED_EDGE('',*,*,#8556,.F.);
#8556 = EDGE_CURVE('',#8484,#8532,#8557,.T.);
#8557 = LINE('',#8558,#8559);
#8558 = CARTESIAN_POINT('',(-10.3,-6.679541853576,68.460905907619));
#8559 = VECTOR('',#8560,1.);
#8560 = DIRECTION('',(0.,1.,0.));
#8561 = PLANE('',#8562);
#8562 = AXIS2_PLACEMENT_3D('',#8563,#8564,#8565);
#8563 = CARTESIAN_POINT('',(-10.3,-6.679541853576,67.930905907619));
#8564 = DIRECTION('',(1.,0.,0.));
#8565 = DIRECTION('',(0.,0.,1.));
#8566 = ADVANCED_FACE('',(#8567),#8570,.T.);
#8567 = FACE_BOUND('',#8568,.F.);
#8568 = EDGE_LOOP('',(#8569));
#8569 = ORIENTED_EDGE('',*,*,#8399,.F.);
#8570 = PLANE('',#8571);
#8571 = AXIS2_PLACEMENT_3D('',#8572,#8573,#8574);
#8572 = CARTESIAN_POINT('',(-10.,2.720458146424,69.030905907619));
#8573 = DIRECTION('',(0.,0.,1.));
#8574 = DIRECTION('',(1.,0.,0.));
#8575 = ADVANCED_FACE('',(#8576,#8587),#8590,.F.);
#8576 = FACE_BOUND('',#8577,.F.);
#8577 = EDGE_LOOP('',(#8578));
#8578 = ORIENTED_EDGE('',*,*,#8579,.T.);
#8579 = EDGE_CURVE('',#8580,#8580,#8582,.T.);
#8580 = VERTEX_POINT('',#8581);
#8581 = CARTESIAN_POINT('',(6.5,2.720458146424,71.982265548782));
#8582 = CIRCLE('',#8583,6.5);
#8583 = AXIS2_PLACEMENT_3D('',#8584,#8585,#8586);
#8584 = CARTESIAN_POINT('',(0.,2.720458146424,71.982265548782));
#8585 = DIRECTION('',(0.,0.,1.));
#8586 = DIRECTION('',(1.,0.,0.));
#8587 = FACE_BOUND('',#8588,.F.);
#8588 = EDGE_LOOP('',(#8589));
#8589 = ORIENTED_EDGE('',*,*,#8432,.T.);
#8590 = PLANE('',#8591);
#8591 = AXIS2_PLACEMENT_3D('',#8592,#8593,#8594);
#8592 = CARTESIAN_POINT('',(0.,2.720458146424,71.982265548782));
#8593 = DIRECTION('',(0.,0.,1.));
#8594 = DIRECTION('',(1.,0.,0.));
#8595 = ADVANCED_FACE('',(#8596),#8599,.T.);
#8596 = FACE_BOUND('',#8597,.F.);
#8597 = EDGE_LOOP('',(#8598));
#8598 = ORIENTED_EDGE('',*,*,#8449,.F.);
#8599 = PLANE('',#8600);
#8600 = AXIS2_PLACEMENT_3D('',#8601,#8602,#8603);
#8601 = CARTESIAN_POINT('',(10.,2.720458146424,69.030905907619));
#8602 = DIRECTION('',(0.,0.,1.));
#8603 = DIRECTION('',(1.,0.,0.));
#8604 = ADVANCED_FACE('',(#8605,#8611),#8622,.F.);
#8605 = FACE_BOUND('',#8606,.F.);
#8606 = EDGE_LOOP('',(#8607,#8608,#8609,#8610));
#8607 = ORIENTED_EDGE('',*,*,#8556,.F.);
#8608 = ORIENTED_EDGE('',*,*,#8491,.T.);
#8609 = ORIENTED_EDGE('',*,*,#8515,.T.);
#8610 = ORIENTED_EDGE('',*,*,#8539,.F.);
#8611 = FACE_BOUND('',#8612,.F.);
#8612 = EDGE_LOOP('',(#8613));
#8613 = ORIENTED_EDGE('',*,*,#8614,.T.);
#8614 = EDGE_CURVE('',#8615,#8615,#8617,.T.);
#8615 = VERTEX_POINT('',#8616);
#8616 = CARTESIAN_POINT('',(6.5,2.720458146424,68.460905907619));
#8617 = CIRCLE('',#8618,6.5);
#8618 = AXIS2_PLACEMENT_3D('',#8619,#8620,#8621);
#8619 = CARTESIAN_POINT('',(0.,2.720458146424,68.460905907619));
#8620 = DIRECTION('',(0.,0.,-1.));
#8621 = DIRECTION('',(1.,0.,0.));
#8622 = PLANE('',#8623);
#8623 = AXIS2_PLACEMENT_3D('',#8624,#8625,#8626);
#8624 = CARTESIAN_POINT('',(-10.3,-6.679541853576,68.460905907619));
#8625 = DIRECTION('',(0.,0.,1.));
#8626 = DIRECTION('',(1.,0.,0.));
#8627 = ADVANCED_FACE('',(#8628),#8639,.F.);
#8628 = FACE_BOUND('',#8629,.T.);
#8629 = EDGE_LOOP('',(#8630,#8631,#8637,#8638));
#8630 = ORIENTED_EDGE('',*,*,#8614,.T.);
#8631 = ORIENTED_EDGE('',*,*,#8632,.T.);
#8632 = EDGE_CURVE('',#8615,#8580,#8633,.T.);
#8633 = LINE('',#8634,#8635);
#8634 = CARTESIAN_POINT('',(6.5,2.720458146424,68.450905907619));
#8635 = VECTOR('',#8636,1.);
#8636 = DIRECTION('',(0.,0.,1.));
#8637 = ORIENTED_EDGE('',*,*,#8579,.T.);
#8638 = ORIENTED_EDGE('',*,*,#8632,.F.);
#8639 = CYLINDRICAL_SURFACE('',#8640,6.5);
#8640 = AXIS2_PLACEMENT_3D('',#8641,#8642,#8643);
#8641 = CARTESIAN_POINT('',(0.,2.720458146424,68.450905907619));
#8642 = DIRECTION('',(-0.,-0.,-1.));
#8643 = DIRECTION('',(1.,0.,0.));
#8644 = ( GEOMETRIC_REPRESENTATION_CONTEXT(3) 
GLOBAL_UNCERTAINTY_ASSIGNED_CONTEXT((#8648)) 
GLOBAL_UNIT_ASSIGNED_CONTEXT((#8645,#8646,#8647)) REPRESENTATION_CONTEXT
('Context #1','3D Context with UNIT and UNCERTAINTY') );
#8645 = ( LENGTH_UNIT() NAMED_UNIT(*) SI_UNIT(.MILLI.,.METRE.) );
#8646 = ( NAMED_UNIT(*) PLANE_ANGLE_UNIT() SI_UNIT($,.RADIAN.) );
#8647 = ( NAMED_UNIT(*) SI_UNIT($,.STERADIAN.) SOLID_ANGLE_UNIT() );
#8648 = UNCERTAINTY_MEASURE_WITH_UNIT(LENGTH_MEASURE(2.E-06),#8645,
  'distance_accuracy_value','confusion accuracy');
#8649 = CONTEXT_DEPENDENT_SHAPE_REPRESENTATION(#8650,#8652);
#8650 = ( REPRESENTATION_RELATIONSHIP('','',#8177,#10) 
REPRESENTATION_RELATIONSHIP_WITH_TRANSFORMATION(#8651) 
SHAPE_REPRESENTATION_RELATIONSHIP() );
#8651 = ITEM_DEFINED_TRANSFORMATION('','',#11,#35);
#8652 = PRODUCT_DEFINITION_SHAPE('Placement','Placement of an item',
  #8653);
#8653 = NEXT_ASSEMBLY_USAGE_OCCURRENCE('6','Slit block (printed)','',#5,
  #8172,$);
#8654 = PRODUCT_RELATED_PRODUCT_CATEGORY('part',$,(#8174));
#8655 = SHAPE_DEFINITION_REPRESENTATION(#8656,#8662);
#8656 = PRODUCT_DEFINITION_SHAPE('','',#8657);
#8657 = PRODUCT_DEFINITION('design','',#8658,#8661);
#8658 = PRODUCT_DEFINITION_FORMATION('','',#8659);
#8659 = PRODUCT('Grating carrier (printed)','Grating carrier (printed)',
  '',(#8660));
#8660 = PRODUCT_CONTEXT('',#2,'mechanical');
#8661 = PRODUCT_DEFINITION_CONTEXT('part definition',#2,'design');
#8662 = ADVANCED_BREP_SHAPE_REPRESENTATION('',(#11,#8663),#9091);
#8663 = MANIFOLD_SOLID_BREP('',#8664);
#8664 = CLOSED_SHELL('',(#8665,#8705,#8736,#8794,#8818,#8869,#8881,#8912
    ,#8936,#8960,#8977,#9008,#9032,#9056,#9073));
#8665 = ADVANCED_FACE('',(#8666),#8700,.F.);
#8666 = FACE_BOUND('',#8667,.F.);
#8667 = EDGE_LOOP('',(#8668,#8678,#8686,#8694));
#8668 = ORIENTED_EDGE('',*,*,#8669,.F.);
#8669 = EDGE_CURVE('',#8670,#8672,#8674,.T.);
#8670 = VERTEX_POINT('',#8671);
#8671 = CARTESIAN_POINT('',(-13.25,-17.72954185357,96.030905907619));
#8672 = VERTEX_POINT('',#8673);
#8673 = CARTESIAN_POINT('',(-13.25,-17.72954185357,99.030905907619));
#8674 = LINE('',#8675,#8676);
#8675 = CARTESIAN_POINT('',(-13.25,-17.72954185357,96.030905907619));
#8676 = VECTOR('',#8677,1.);
#8677 = DIRECTION('',(0.,0.,1.));
#8678 = ORIENTED_EDGE('',*,*,#8679,.T.);
#8679 = EDGE_CURVE('',#8670,#8680,#8682,.T.);
#8680 = VERTEX_POINT('',#8681);
#8681 = CARTESIAN_POINT('',(-13.25,15.470458146424,96.030905907619));
#8682 = LINE('',#8683,#8684);
#8683 = CARTESIAN_POINT('',(-13.25,-17.72954185357,96.030905907619));
#8684 = VECTOR('',#8685,1.);
#8685 = DIRECTION('',(0.,1.,0.));
#8686 = ORIENTED_EDGE('',*,*,#8687,.T.);
#8687 = EDGE_CURVE('',#8680,#8688,#8690,.T.);
#8688 = VERTEX_POINT('',#8689);
#8689 = CARTESIAN_POINT('',(-13.25,15.470458146424,99.030905907619));
#8690 = LINE('',#8691,#8692);
#8691 = CARTESIAN_POINT('',(-13.25,15.470458146424,96.030905907619));
#8692 = VECTOR('',#8693,1.);
#8693 = DIRECTION('',(0.,0.,1.));
#8694 = ORIENTED_EDGE('',*,*,#8695,.F.);
#8695 = EDGE_CURVE('',#8672,#8688,#8696,.T.);
#8696 = LINE('',#8697,#8698);
#8697 = CARTESIAN_POINT('',(-13.25,-17.72954185357,99.030905907619));
#8698 = VECTOR('',#8699,1.);
#8699 = DIRECTION('',(0.,1.,0.));
#8700 = PLANE('',#8701);
#8701 = AXIS2_PLACEMENT_3D('',#8702,#8703,#8704);
#8702 = CARTESIAN_POINT('',(-13.25,-17.72954185357,96.030905907619));
#8703 = DIRECTION('',(1.,0.,0.));
#8704 = DIRECTION('',(0.,0.,1.));
#8705 = ADVANCED_FACE('',(#8706),#8731,.F.);
#8706 = FACE_BOUND('',#8707,.F.);
#8707 = EDGE_LOOP('',(#8708,#8716,#8717,#8725));
#8708 = ORIENTED_EDGE('',*,*,#8709,.F.);
#8709 = EDGE_CURVE('',#8670,#8710,#8712,.T.);
#8710 = VERTEX_POINT('',#8711);
#8711 = CARTESIAN_POINT('',(13.25,-17.72954185357,96.030905907619));
#8712 = LINE('',#8713,#8714);
#8713 = CARTESIAN_POINT('',(-13.25,-17.72954185357,96.030905907619));
#8714 = VECTOR('',#8715,1.);
#8715 = DIRECTION('',(1.,0.,0.));
#8716 = ORIENTED_EDGE('',*,*,#8669,.T.);
#8717 = ORIENTED_EDGE('',*,*,#8718,.T.);
#8718 = EDGE_CURVE('',#8672,#8719,#8721,.T.);
#8719 = VERTEX_POINT('',#8720);
#8720 = CARTESIAN_POINT('',(13.25,-17.72954185357,99.030905907619));
#8721 = LINE('',#8722,#8723);
#8722 = CARTESIAN_POINT('',(-13.25,-17.72954185357,99.030905907619));
#8723 = VECTOR('',#8724,1.);
#8724 = DIRECTION('',(1.,0.,0.));
#8725 = ORIENTED_EDGE('',*,*,#8726,.F.);
#8726 = EDGE_CURVE('',#8710,#8719,#8727,.T.);
#8727 = LINE('',#8728,#8729);
#8728 = CARTESIAN_POINT('',(13.25,-17.72954185357,96.030905907619));
#8729 = VECTOR('',#8730,1.);
#8730 = DIRECTION('',(0.,0.,1.));
#8731 = PLANE('',#8732);
#8732 = AXIS2_PLACEMENT_3D('',#8733,#8734,#8735);
#8733 = CARTESIAN_POINT('',(-13.25,-17.72954185357,96.030905907619));
#8734 = DIRECTION('',(0.,1.,0.));
#8735 = DIRECTION('',(0.,0.,1.));
#8736 = ADVANCED_FACE('',(#8737,#8755),#8789,.T.);
#8737 = FACE_BOUND('',#8738,.T.);
#8738 = EDGE_LOOP('',(#8739,#8740,#8741,#8749));
#8739 = ORIENTED_EDGE('',*,*,#8695,.F.);
#8740 = ORIENTED_EDGE('',*,*,#8718,.T.);
#8741 = ORIENTED_EDGE('',*,*,#8742,.T.);
#8742 = EDGE_CURVE('',#8719,#8743,#8745,.T.);
#8743 = VERTEX_POINT('',#8744);
#8744 = CARTESIAN_POINT('',(13.25,15.470458146424,99.030905907619));
#8745 = LINE('',#8746,#8747);
#8746 = CARTESIAN_POINT('',(13.25,-17.72954185357,99.030905907619));
#8747 = VECTOR('',#8748,1.);
#8748 = DIRECTION('',(0.,1.,0.));
#8749 = ORIENTED_EDGE('',*,*,#8750,.F.);
#8750 = EDGE_CURVE('',#8688,#8743,#8751,.T.);
#8751 = LINE('',#8752,#8753);
#8752 = CARTESIAN_POINT('',(-13.25,15.470458146424,99.030905907619));
#8753 = VECTOR('',#8754,1.);
#8754 = DIRECTION('',(1.,0.,0.));
#8755 = FACE_BOUND('',#8756,.T.);
#8756 = EDGE_LOOP('',(#8757,#8767,#8775,#8783));
#8757 = ORIENTED_EDGE('',*,*,#8758,.T.);
#8758 = EDGE_CURVE('',#8759,#8761,#8763,.T.);
#8759 = VERTEX_POINT('',#8760);
#8760 = CARTESIAN_POINT('',(7.7,-4.979541853576,99.030905907619));
#8761 = VERTEX_POINT('',#8762);
#8762 = CARTESIAN_POINT('',(-7.7,-4.979541853576,99.030905907619));
#8763 = LINE('',#8764,#8765);
#8764 = CARTESIAN_POINT('',(-10.475,-4.979541853576,99.030905907619));
#8765 = VECTOR('',#8766,1.);
#8766 = DIRECTION('',(-1.,0.,0.));
#8767 = ORIENTED_EDGE('',*,*,#8768,.T.);
#8768 = EDGE_CURVE('',#8761,#8769,#8771,.T.);
#8769 = VERTEX_POINT('',#8770);
#8770 = CARTESIAN_POINT('',(-7.7,10.420458146424,99.030905907619));
#8771 = LINE('',#8772,#8773);
#8772 = CARTESIAN_POINT('',(-7.7,-11.35454185357,99.030905907619));
#8773 = VECTOR('',#8774,1.);
#8774 = DIRECTION('',(0.,1.,0.));
#8775 = ORIENTED_EDGE('',*,*,#8776,.F.);
#8776 = EDGE_CURVE('',#8777,#8769,#8779,.T.);
#8777 = VERTEX_POINT('',#8778);
#8778 = CARTESIAN_POINT('',(7.7,10.420458146424,99.030905907619));
#8779 = LINE('',#8780,#8781);
#8780 = CARTESIAN_POINT('',(-10.475,10.420458146424,99.030905907619));
#8781 = VECTOR('',#8782,1.);
#8782 = DIRECTION('',(-1.,0.,0.));
#8783 = ORIENTED_EDGE('',*,*,#8784,.F.);
#8784 = EDGE_CURVE('',#8759,#8777,#8785,.T.);
#8785 = LINE('',#8786,#8787);
#8786 = CARTESIAN_POINT('',(7.7,-11.35454185357,99.030905907619));
#8787 = VECTOR('',#8788,1.);
#8788 = DIRECTION('',(0.,1.,0.));
#8789 = PLANE('',#8790);
#8790 = AXIS2_PLACEMENT_3D('',#8791,#8792,#8793);
#8791 = CARTESIAN_POINT('',(-13.25,-17.72954185357,99.030905907619));
#8792 = DIRECTION('',(0.,0.,1.));
#8793 = DIRECTION('',(1.,0.,0.));
#8794 = ADVANCED_FACE('',(#8795),#8813,.T.);
#8795 = FACE_BOUND('',#8796,.T.);
#8796 = EDGE_LOOP('',(#8797,#8805,#8806,#8807));
#8797 = ORIENTED_EDGE('',*,*,#8798,.F.);
#8798 = EDGE_CURVE('',#8680,#8799,#8801,.T.);
#8799 = VERTEX_POINT('',#8800);
#8800 = CARTESIAN_POINT('',(13.25,15.470458146424,96.030905907619));
#8801 = LINE('',#8802,#8803);
#8802 = CARTESIAN_POINT('',(-13.25,15.470458146424,96.030905907619));
#8803 = VECTOR('',#8804,1.);
#8804 = DIRECTION('',(1.,0.,0.));
#8805 = ORIENTED_EDGE('',*,*,#8687,.T.);
#8806 = ORIENTED_EDGE('',*,*,#8750,.T.);
#8807 = ORIENTED_EDGE('',*,*,#8808,.F.);
#8808 = EDGE_CURVE('',#8799,#8743,#8809,.T.);
#8809 = LINE('',#8810,#8811);
#8810 = CARTESIAN_POINT('',(13.25,15.470458146424,96.030905907619));
#8811 = VECTOR('',#8812,1.);
#8812 = DIRECTION('',(0.,0.,1.));
#8813 = PLANE('',#8814);
#8814 = AXIS2_PLACEMENT_3D('',#8815,#8816,#8817);
#8815 = CARTESIAN_POINT('',(-13.25,15.470458146424,96.030905907619));
#8816 = DIRECTION('',(0.,1.,0.));
#8817 = DIRECTION('',(0.,0.,1.));
#8818 = ADVANCED_FACE('',(#8819,#8830),#8864,.F.);
#8819 = FACE_BOUND('',#8820,.F.);
#8820 = EDGE_LOOP('',(#8821,#8822,#8823,#8829));
#8821 = ORIENTED_EDGE('',*,*,#8679,.F.);
#8822 = ORIENTED_EDGE('',*,*,#8709,.T.);
#8823 = ORIENTED_EDGE('',*,*,#8824,.T.);
#8824 = EDGE_CURVE('',#8710,#8799,#8825,.T.);
#8825 = LINE('',#8826,#8827);
#8826 = CARTESIAN_POINT('',(13.25,-17.72954185357,96.030905907619));
#8827 = VECTOR('',#8828,1.);
#8828 = DIRECTION('',(0.,1.,0.));
#8829 = ORIENTED_EDGE('',*,*,#8798,.F.);
#8830 = FACE_BOUND('',#8831,.F.);
#8831 = EDGE_LOOP('',(#8832,#8842,#8850,#8858));
#8832 = ORIENTED_EDGE('',*,*,#8833,.T.);
#8833 = EDGE_CURVE('',#8834,#8836,#8838,.T.);
#8834 = VERTEX_POINT('',#8835);
#8835 = CARTESIAN_POINT('',(6.,-3.279541853576,96.030905907619));
#8836 = VERTEX_POINT('',#8837);
#8837 = CARTESIAN_POINT('',(-6.,-3.279541853576,96.030905907619));
#8838 = LINE('',#8839,#8840);
#8839 = CARTESIAN_POINT('',(-9.625,-3.279541853576,96.030905907619));
#8840 = VECTOR('',#8841,1.);
#8841 = DIRECTION('',(-1.,0.,0.));
#8842 = ORIENTED_EDGE('',*,*,#8843,.T.);
#8843 = EDGE_CURVE('',#8836,#8844,#8846,.T.);
#8844 = VERTEX_POINT('',#8845);
#8845 = CARTESIAN_POINT('',(-6.,8.720458146424,96.030905907619));
#8846 = LINE('',#8847,#8848);
#8847 = CARTESIAN_POINT('',(-6.,-10.50454185357,96.030905907619));
#8848 = VECTOR('',#8849,1.);
#8849 = DIRECTION('',(0.,1.,0.));
#8850 = ORIENTED_EDGE('',*,*,#8851,.F.);
#8851 = EDGE_CURVE('',#8852,#8844,#8854,.T.);
#8852 = VERTEX_POINT('',#8853);
#8853 = CARTESIAN_POINT('',(6.,8.720458146424,96.030905907619));
#8854 = LINE('',#8855,#8856);
#8855 = CARTESIAN_POINT('',(-9.625,8.720458146424,96.030905907619));
#8856 = VECTOR('',#8857,1.);
#8857 = DIRECTION('',(-1.,0.,0.));
#8858 = ORIENTED_EDGE('',*,*,#8859,.F.);
#8859 = EDGE_CURVE('',#8834,#8852,#8860,.T.);
#8860 = LINE('',#8861,#8862);
#8861 = CARTESIAN_POINT('',(6.,-10.50454185357,96.030905907619));
#8862 = VECTOR('',#8863,1.);
#8863 = DIRECTION('',(0.,1.,0.));
#8864 = PLANE('',#8865);
#8865 = AXIS2_PLACEMENT_3D('',#8866,#8867,#8868);
#8866 = CARTESIAN_POINT('',(-13.25,-17.72954185357,96.030905907619));
#8867 = DIRECTION('',(0.,0.,1.));
#8868 = DIRECTION('',(1.,0.,0.));
#8869 = ADVANCED_FACE('',(#8870),#8876,.T.);
#8870 = FACE_BOUND('',#8871,.T.);
#8871 = EDGE_LOOP('',(#8872,#8873,#8874,#8875));
#8872 = ORIENTED_EDGE('',*,*,#8726,.F.);
#8873 = ORIENTED_EDGE('',*,*,#8824,.T.);
#8874 = ORIENTED_EDGE('',*,*,#8808,.T.);
#8875 = ORIENTED_EDGE('',*,*,#8742,.F.);
#8876 = PLANE('',#8877);
#8877 = AXIS2_PLACEMENT_3D('',#8878,#8879,#8880);
#8878 = CARTESIAN_POINT('',(13.25,-17.72954185357,96.030905907619));
#8879 = DIRECTION('',(1.,0.,0.));
#8880 = DIRECTION('',(0.,0.,1.));
#8881 = ADVANCED_FACE('',(#8882),#8907,.T.);
#8882 = FACE_BOUND('',#8883,.T.);
#8883 = EDGE_LOOP('',(#8884,#8892,#8900,#8906));
#8884 = ORIENTED_EDGE('',*,*,#8885,.F.);
#8885 = EDGE_CURVE('',#8886,#8759,#8888,.T.);
#8886 = VERTEX_POINT('',#8887);
#8887 = CARTESIAN_POINT('',(7.7,-4.979541853576,98.730905907619));
#8888 = LINE('',#8889,#8890);
#8889 = CARTESIAN_POINT('',(7.7,-4.979541853576,98.730905907619));
#8890 = VECTOR('',#8891,1.);
#8891 = DIRECTION('',(0.,0.,1.));
#8892 = ORIENTED_EDGE('',*,*,#8893,.F.);
#8893 = EDGE_CURVE('',#8894,#8886,#8896,.T.);
#8894 = VERTEX_POINT('',#8895);
#8895 = CARTESIAN_POINT('',(-7.7,-4.979541853576,98.730905907619));
#8896 = LINE('',#8897,#8898);
#8897 = CARTESIAN_POINT('',(-7.7,-4.979541853576,98.730905907619));
#8898 = VECTOR('',#8899,1.);
#8899 = DIRECTION('',(1.,0.,0.));
#8900 = ORIENTED_EDGE('',*,*,#8901,.T.);
#8901 = EDGE_CURVE('',#8894,#8761,#8902,.T.);
#8902 = LINE('',#8903,#8904);
#8903 = CARTESIAN_POINT('',(-7.7,-4.979541853576,98.730905907619));
#8904 = VECTOR('',#8905,1.);
#8905 = DIRECTION('',(0.,0.,1.));
#8906 = ORIENTED_EDGE('',*,*,#8758,.F.);
#8907 = PLANE('',#8908);
#8908 = AXIS2_PLACEMENT_3D('',#8909,#8910,#8911);
#8909 = CARTESIAN_POINT('',(-7.7,-4.979541853576,98.730905907619));
#8910 = DIRECTION('',(0.,1.,0.));
#8911 = DIRECTION('',(0.,0.,1.));
#8912 = ADVANCED_FACE('',(#8913),#8931,.F.);
#8913 = FACE_BOUND('',#8914,.F.);
#8914 = EDGE_LOOP('',(#8915,#8916,#8924,#8930));
#8915 = ORIENTED_EDGE('',*,*,#8885,.F.);
#8916 = ORIENTED_EDGE('',*,*,#8917,.T.);
#8917 = EDGE_CURVE('',#8886,#8918,#8920,.T.);
#8918 = VERTEX_POINT('',#8919);
#8919 = CARTESIAN_POINT('',(7.7,10.420458146424,98.730905907619));
#8920 = LINE('',#8921,#8922);
#8921 = CARTESIAN_POINT('',(7.7,-4.979541853576,98.730905907619));
#8922 = VECTOR('',#8923,1.);
#8923 = DIRECTION('',(0.,1.,0.));
#8924 = ORIENTED_EDGE('',*,*,#8925,.T.);
#8925 = EDGE_CURVE('',#8918,#8777,#8926,.T.);
#8926 = LINE('',#8927,#8928);
#8927 = CARTESIAN_POINT('',(7.7,10.420458146424,98.730905907619));
#8928 = VECTOR('',#8929,1.);
#8929 = DIRECTION('',(0.,0.,1.));
#8930 = ORIENTED_EDGE('',*,*,#8784,.F.);
#8931 = PLANE('',#8932);
#8932 = AXIS2_PLACEMENT_3D('',#8933,#8934,#8935);
#8933 = CARTESIAN_POINT('',(7.7,-4.979541853576,98.730905907619));
#8934 = DIRECTION('',(1.,0.,0.));
#8935 = DIRECTION('',(0.,0.,1.));
#8936 = ADVANCED_FACE('',(#8937),#8955,.F.);
#8937 = FACE_BOUND('',#8938,.F.);
#8938 = EDGE_LOOP('',(#8939,#8940,#8948,#8954));
#8939 = ORIENTED_EDGE('',*,*,#8925,.F.);
#8940 = ORIENTED_EDGE('',*,*,#8941,.F.);
#8941 = EDGE_CURVE('',#8942,#8918,#8944,.T.);
#8942 = VERTEX_POINT('',#8943);
#8943 = CARTESIAN_POINT('',(-7.7,10.420458146424,98.730905907619));
#8944 = LINE('',#8945,#8946);
#8945 = CARTESIAN_POINT('',(-7.7,10.420458146424,98.730905907619));
#8946 = VECTOR('',#8947,1.);
#8947 = DIRECTION('',(1.,0.,0.));
#8948 = ORIENTED_EDGE('',*,*,#8949,.T.);
#8949 = EDGE_CURVE('',#8942,#8769,#8950,.T.);
#8950 = LINE('',#8951,#8952);
#8951 = CARTESIAN_POINT('',(-7.7,10.420458146424,98.730905907619));
#8952 = VECTOR('',#8953,1.);
#8953 = DIRECTION('',(0.,0.,1.));
#8954 = ORIENTED_EDGE('',*,*,#8776,.F.);
#8955 = PLANE('',#8956);
#8956 = AXIS2_PLACEMENT_3D('',#8957,#8958,#8959);
#8957 = CARTESIAN_POINT('',(-7.7,10.420458146424,98.730905907619));
#8958 = DIRECTION('',(0.,1.,0.));
#8959 = DIRECTION('',(0.,0.,1.));
#8960 = ADVANCED_FACE('',(#8961),#8972,.T.);
#8961 = FACE_BOUND('',#8962,.T.);
#8962 = EDGE_LOOP('',(#8963,#8964,#8970,#8971));
#8963 = ORIENTED_EDGE('',*,*,#8901,.F.);
#8964 = ORIENTED_EDGE('',*,*,#8965,.T.);
#8965 = EDGE_CURVE('',#8894,#8942,#8966,.T.);
#8966 = LINE('',#8967,#8968);
#8967 = CARTESIAN_POINT('',(-7.7,-4.979541853576,98.730905907619));
#8968 = VECTOR('',#8969,1.);
#8969 = DIRECTION('',(0.,1.,0.));
#8970 = ORIENTED_EDGE('',*,*,#8949,.T.);
#8971 = ORIENTED_EDGE('',*,*,#8768,.F.);
#8972 = PLANE('',#8973);
#8973 = AXIS2_PLACEMENT_3D('',#8974,#8975,#8976);
#8974 = CARTESIAN_POINT('',(-7.7,-4.979541853576,98.730905907619));
#8975 = DIRECTION('',(1.,0.,0.));
#8976 = DIRECTION('',(0.,0.,1.));
#8977 = ADVANCED_FACE('',(#8978),#9003,.T.);
#8978 = FACE_BOUND('',#8979,.T.);
#8979 = EDGE_LOOP('',(#8980,#8988,#8989,#8997));
#8980 = ORIENTED_EDGE('',*,*,#8981,.F.);
#8981 = EDGE_CURVE('',#8834,#8982,#8984,.T.);
#8982 = VERTEX_POINT('',#8983);
#8983 = CARTESIAN_POINT('',(6.,-3.279541853576,98.730905907619));
#8984 = LINE('',#8985,#8986);
#8985 = CARTESIAN_POINT('',(6.,-3.279541853576,95.930905907619));
#8986 = VECTOR('',#8987,1.);
#8987 = DIRECTION('',(0.,0.,1.));
#8988 = ORIENTED_EDGE('',*,*,#8833,.T.);
#8989 = ORIENTED_EDGE('',*,*,#8990,.T.);
#8990 = EDGE_CURVE('',#8836,#8991,#8993,.T.);
#8991 = VERTEX_POINT('',#8992);
#8992 = CARTESIAN_POINT('',(-6.,-3.279541853576,98.730905907619));
#8993 = LINE('',#8994,#8995);
#8994 = CARTESIAN_POINT('',(-6.,-3.279541853576,95.930905907619));
#8995 = VECTOR('',#8996,1.);
#8996 = DIRECTION('',(0.,0.,1.));
#8997 = ORIENTED_EDGE('',*,*,#8998,.T.);
#8998 = EDGE_CURVE('',#8991,#8982,#8999,.T.);
#8999 = LINE('',#9000,#9001);
#9000 = CARTESIAN_POINT('',(-6.85,-3.279541853576,98.730905907619));
#9001 = VECTOR('',#9002,1.);
#9002 = DIRECTION('',(1.,0.,0.));
#9003 = PLANE('',#9004);
#9004 = AXIS2_PLACEMENT_3D('',#9005,#9006,#9007);
#9005 = CARTESIAN_POINT('',(-6.,-3.279541853576,95.930905907619));
#9006 = DIRECTION('',(0.,1.,0.));
#9007 = DIRECTION('',(0.,0.,1.));
#9008 = ADVANCED_FACE('',(#9009),#9027,.F.);
#9009 = FACE_BOUND('',#9010,.F.);
#9010 = EDGE_LOOP('',(#9011,#9012,#9013,#9021));
#9011 = ORIENTED_EDGE('',*,*,#8981,.F.);
#9012 = ORIENTED_EDGE('',*,*,#8859,.T.);
#9013 = ORIENTED_EDGE('',*,*,#9014,.T.);
#9014 = EDGE_CURVE('',#8852,#9015,#9017,.T.);
#9015 = VERTEX_POINT('',#9016);
#9016 = CARTESIAN_POINT('',(6.,8.720458146424,98.730905907619));
#9017 = LINE('',#9018,#9019);
#9018 = CARTESIAN_POINT('',(6.,8.720458146424,95.930905907619));
#9019 = VECTOR('',#9020,1.);
#9020 = DIRECTION('',(0.,0.,1.));
#9021 = ORIENTED_EDGE('',*,*,#9022,.T.);
#9022 = EDGE_CURVE('',#9015,#8982,#9023,.T.);
#9023 = LINE('',#9024,#9025);
#9024 = CARTESIAN_POINT('',(6.,-4.129541853576,98.730905907619));
#9025 = VECTOR('',#9026,1.);
#9026 = DIRECTION('',(0.,-1.,0.));
#9027 = PLANE('',#9028);
#9028 = AXIS2_PLACEMENT_3D('',#9029,#9030,#9031);
#9029 = CARTESIAN_POINT('',(6.,-3.279541853576,95.930905907619));
#9030 = DIRECTION('',(1.,0.,0.));
#9031 = DIRECTION('',(0.,0.,1.));
#9032 = ADVANCED_FACE('',(#9033),#9051,.F.);
#9033 = FACE_BOUND('',#9034,.F.);
#9034 = EDGE_LOOP('',(#9035,#9036,#9037,#9045));
#9035 = ORIENTED_EDGE('',*,*,#9014,.F.);
#9036 = ORIENTED_EDGE('',*,*,#8851,.T.);
#9037 = ORIENTED_EDGE('',*,*,#9038,.T.);
#9038 = EDGE_CURVE('',#8844,#9039,#9041,.T.);
#9039 = VERTEX_POINT('',#9040);
#9040 = CARTESIAN_POINT('',(-6.,8.720458146424,98.730905907619));
#9041 = LINE('',#9042,#9043);
#9042 = CARTESIAN_POINT('',(-6.,8.720458146424,95.930905907619));
#9043 = VECTOR('',#9044,1.);
#9044 = DIRECTION('',(0.,0.,1.));
#9045 = ORIENTED_EDGE('',*,*,#9046,.T.);
#9046 = EDGE_CURVE('',#9039,#9015,#9047,.T.);
#9047 = LINE('',#9048,#9049);
#9048 = CARTESIAN_POINT('',(-6.85,8.720458146424,98.730905907619));
#9049 = VECTOR('',#9050,1.);
#9050 = DIRECTION('',(1.,0.,0.));
#9051 = PLANE('',#9052);
#9052 = AXIS2_PLACEMENT_3D('',#9053,#9054,#9055);
#9053 = CARTESIAN_POINT('',(-6.,8.720458146424,95.930905907619));
#9054 = DIRECTION('',(0.,1.,0.));
#9055 = DIRECTION('',(0.,0.,1.));
#9056 = ADVANCED_FACE('',(#9057),#9068,.T.);
#9057 = FACE_BOUND('',#9058,.T.);
#9058 = EDGE_LOOP('',(#9059,#9060,#9061,#9062));
#9059 = ORIENTED_EDGE('',*,*,#8990,.F.);
#9060 = ORIENTED_EDGE('',*,*,#8843,.T.);
#9061 = ORIENTED_EDGE('',*,*,#9038,.T.);
#9062 = ORIENTED_EDGE('',*,*,#9063,.T.);
#9063 = EDGE_CURVE('',#9039,#8991,#9064,.T.);
#9064 = LINE('',#9065,#9066);
#9065 = CARTESIAN_POINT('',(-6.,-4.129541853576,98.730905907619));
#9066 = VECTOR('',#9067,1.);
#9067 = DIRECTION('',(0.,-1.,0.));
#9068 = PLANE('',#9069);
#9069 = AXIS2_PLACEMENT_3D('',#9070,#9071,#9072);
#9070 = CARTESIAN_POINT('',(-6.,-3.279541853576,95.930905907619));
#9071 = DIRECTION('',(1.,0.,0.));
#9072 = DIRECTION('',(0.,0.,1.));
#9073 = ADVANCED_FACE('',(#9074,#9080),#9086,.T.);
#9074 = FACE_BOUND('',#9075,.T.);
#9075 = EDGE_LOOP('',(#9076,#9077,#9078,#9079));
#9076 = ORIENTED_EDGE('',*,*,#8965,.F.);
#9077 = ORIENTED_EDGE('',*,*,#8893,.T.);
#9078 = ORIENTED_EDGE('',*,*,#8917,.T.);
#9079 = ORIENTED_EDGE('',*,*,#8941,.F.);
#9080 = FACE_BOUND('',#9081,.T.);
#9081 = EDGE_LOOP('',(#9082,#9083,#9084,#9085));
#9082 = ORIENTED_EDGE('',*,*,#9063,.F.);
#9083 = ORIENTED_EDGE('',*,*,#9046,.T.);
#9084 = ORIENTED_EDGE('',*,*,#9022,.T.);
#9085 = ORIENTED_EDGE('',*,*,#8998,.F.);
#9086 = PLANE('',#9087);
#9087 = AXIS2_PLACEMENT_3D('',#9088,#9089,#9090);
#9088 = CARTESIAN_POINT('',(-7.7,-4.979541853576,98.730905907619));
#9089 = DIRECTION('',(0.,0.,1.));
#9090 = DIRECTION('',(1.,0.,0.));
#9091 = ( GEOMETRIC_REPRESENTATION_CONTEXT(3) 
GLOBAL_UNCERTAINTY_ASSIGNED_CONTEXT((#9095)) 
GLOBAL_UNIT_ASSIGNED_CONTEXT((#9092,#9093,#9094)) REPRESENTATION_CONTEXT
('Context #1','3D Context with UNIT and UNCERTAINTY') );
#9092 = ( LENGTH_UNIT() NAMED_UNIT(*) SI_UNIT(.MILLI.,.METRE.) );
#9093 = ( NAMED_UNIT(*) PLANE_ANGLE_UNIT() SI_UNIT($,.RADIAN.) );
#9094 = ( NAMED_UNIT(*) SI_UNIT($,.STERADIAN.) SOLID_ANGLE_UNIT() );
#9095 = UNCERTAINTY_MEASURE_WITH_UNIT(LENGTH_MEASURE(1.E-05),#9092,
  'distance_accuracy_value','confusion accuracy');
#9096 = CONTEXT_DEPENDENT_SHAPE_REPRESENTATION(#9097,#9099);
#9097 = ( REPRESENTATION_RELATIONSHIP('','',#8662,#10) 
REPRESENTATION_RELATIONSHIP_WITH_TRANSFORMATION(#9098) 
SHAPE_REPRESENTATION_RELATIONSHIP() );
#9098 = ITEM_DEFINED_TRANSFORMATION('','',#11,#39);
#9099 = PRODUCT_DEFINITION_SHAPE('Placement','Placement of an item',
  #9100);
#9100 = NEXT_ASSEMBLY_USAGE_OCCURRENCE('7','Grating carrier (printed)',
  '',#5,#8657,$);
#9101 = PRODUCT_RELATED_PRODUCT_CATEGORY('part',$,(#8659));
#9102 = SHAPE_DEFINITION_REPRESENTATION(#9103,#9109);
#9103 = PRODUCT_DEFINITION_SHAPE('','',#9104);
#9104 = PRODUCT_DEFINITION('design','',#9105,#9108);
#9105 = PRODUCT_DEFINITION_FORMATION('','',#9106);
#9106 = PRODUCT('Filter cap and stop (printed)',
  'Filter cap and stop (printed)','',(#9107));
#9107 = PRODUCT_CONTEXT('',#2,'mechanical');
#9108 = PRODUCT_DEFINITION_CONTEXT('part definition',#2,'design');
#9109 = ADVANCED_BREP_SHAPE_REPRESENTATION('',(#11,#9110),#9292);
#9110 = MANIFOLD_SOLID_BREP('',#9111);
#9111 = CLOSED_SHELL('',(#9112,#9145,#9165,#9185,#9210,#9235,#9255,#9275
    ));
#9112 = ADVANCED_FACE('',(#9113),#9140,.T.);
#9113 = FACE_BOUND('',#9114,.F.);
#9114 = EDGE_LOOP('',(#9115,#9125,#9132,#9133));
#9115 = ORIENTED_EDGE('',*,*,#9116,.T.);
#9116 = EDGE_CURVE('',#9117,#9119,#9121,.T.);
#9117 = VERTEX_POINT('',#9118);
#9118 = CARTESIAN_POINT('',(8.35,2.720458146424,38.420458146424));
#9119 = VERTEX_POINT('',#9120);
#9120 = CARTESIAN_POINT('',(8.35,2.720458146424,47.620458146424));
#9121 = LINE('',#9122,#9123);
#9122 = CARTESIAN_POINT('',(8.35,2.720458146424,38.420458146424));
#9123 = VECTOR('',#9124,1.);
#9124 = DIRECTION('',(0.,0.,1.));
#9125 = ORIENTED_EDGE('',*,*,#9126,.T.);
#9126 = EDGE_CURVE('',#9119,#9119,#9127,.T.);
#9127 = CIRCLE('',#9128,8.35);
#9128 = AXIS2_PLACEMENT_3D('',#9129,#9130,#9131);
#9129 = CARTESIAN_POINT('',(0.,2.720458146424,47.620458146424));
#9130 = DIRECTION('',(0.,0.,1.));
#9131 = DIRECTION('',(1.,0.,0.));
#9132 = ORIENTED_EDGE('',*,*,#9116,.F.);
#9133 = ORIENTED_EDGE('',*,*,#9134,.F.);
#9134 = EDGE_CURVE('',#9117,#9117,#9135,.T.);
#9135 = CIRCLE('',#9136,8.35);
#9136 = AXIS2_PLACEMENT_3D('',#9137,#9138,#9139);
#9137 = CARTESIAN_POINT('',(0.,2.720458146424,38.420458146424));
#9138 = DIRECTION('',(0.,0.,1.));
#9139 = DIRECTION('',(1.,0.,0.));
#9140 = CYLINDRICAL_SURFACE('',#9141,8.35);
#9141 = AXIS2_PLACEMENT_3D('',#9142,#9143,#9144);
#9142 = CARTESIAN_POINT('',(0.,2.720458146424,38.420458146424));
#9143 = DIRECTION('',(-0.,-0.,-1.));
#9144 = DIRECTION('',(1.,0.,0.));
#9145 = ADVANCED_FACE('',(#9146,#9149),#9160,.F.);
#9146 = FACE_BOUND('',#9147,.F.);
#9147 = EDGE_LOOP('',(#9148));
#9148 = ORIENTED_EDGE('',*,*,#9134,.T.);
#9149 = FACE_BOUND('',#9150,.F.);
#9150 = EDGE_LOOP('',(#9151));
#9151 = ORIENTED_EDGE('',*,*,#9152,.T.);
#9152 = EDGE_CURVE('',#9153,#9153,#9155,.T.);
#9153 = VERTEX_POINT('',#9154);
#9154 = CARTESIAN_POINT('',(2.,2.720458146424,38.420458146424));
#9155 = CIRCLE('',#9156,2.);
#9156 = AXIS2_PLACEMENT_3D('',#9157,#9158,#9159);
#9157 = CARTESIAN_POINT('',(0.,2.720458146424,38.420458146424));
#9158 = DIRECTION('',(0.,0.,-1.));
#9159 = DIRECTION('',(1.,0.,0.));
#9160 = PLANE('',#9161);
#9161 = AXIS2_PLACEMENT_3D('',#9162,#9163,#9164);
#9162 = CARTESIAN_POINT('',(0.,2.720458146424,38.420458146424));
#9163 = DIRECTION('',(0.,0.,1.));
#9164 = DIRECTION('',(1.,0.,0.));
#9165 = ADVANCED_FACE('',(#9166,#9169),#9180,.T.);
#9166 = FACE_BOUND('',#9167,.T.);
#9167 = EDGE_LOOP('',(#9168));
#9168 = ORIENTED_EDGE('',*,*,#9126,.T.);
#9169 = FACE_BOUND('',#9170,.T.);
#9170 = EDGE_LOOP('',(#9171));
#9171 = ORIENTED_EDGE('',*,*,#9172,.T.);
#9172 = EDGE_CURVE('',#9173,#9173,#9175,.T.);
#9173 = VERTEX_POINT('',#9174);
#9174 = CARTESIAN_POINT('',(7.15,2.720458146424,47.620458146424));
#9175 = CIRCLE('',#9176,7.15);
#9176 = AXIS2_PLACEMENT_3D('',#9177,#9178,#9179);
#9177 = CARTESIAN_POINT('',(0.,2.720458146424,47.620458146424));
#9178 = DIRECTION('',(0.,0.,-1.));
#9179 = DIRECTION('',(1.,0.,0.));
#9180 = PLANE('',#9181);
#9181 = AXIS2_PLACEMENT_3D('',#9182,#9183,#9184);
#9182 = CARTESIAN_POINT('',(0.,2.720458146424,47.620458146424));
#9183 = DIRECTION('',(0.,0.,1.));
#9184 = DIRECTION('',(1.,0.,0.));
#9185 = ADVANCED_FACE('',(#9186),#9205,.F.);
#9186 = FACE_BOUND('',#9187,.T.);
#9187 = EDGE_LOOP('',(#9188,#9189,#9197,#9204));
#9188 = ORIENTED_EDGE('',*,*,#9152,.T.);
#9189 = ORIENTED_EDGE('',*,*,#9190,.T.);
#9190 = EDGE_CURVE('',#9153,#9191,#9193,.T.);
#9191 = VERTEX_POINT('',#9192);
#9192 = CARTESIAN_POINT('',(2.,2.720458146424,39.570458146424));
#9193 = LINE('',#9194,#9195);
#9194 = CARTESIAN_POINT('',(2.,2.720458146424,38.320458146424));
#9195 = VECTOR('',#9196,1.);
#9196 = DIRECTION('',(0.,0.,1.));
#9197 = ORIENTED_EDGE('',*,*,#9198,.F.);
#9198 = EDGE_CURVE('',#9191,#9191,#9199,.T.);
#9199 = CIRCLE('',#9200,2.);
#9200 = AXIS2_PLACEMENT_3D('',#9201,#9202,#9203);
#9201 = CARTESIAN_POINT('',(0.,2.720458146424,39.570458146424));
#9202 = DIRECTION('',(0.,0.,-1.));
#9203 = DIRECTION('',(1.,0.,0.));
#9204 = ORIENTED_EDGE('',*,*,#9190,.F.);
#9205 = CYLINDRICAL_SURFACE('',#9206,2.);
#9206 = AXIS2_PLACEMENT_3D('',#9207,#9208,#9209);
#9207 = CARTESIAN_POINT('',(0.,2.720458146424,38.320458146424));
#9208 = DIRECTION('',(-0.,-0.,-1.));
#9209 = DIRECTION('',(1.,0.,0.));
#9210 = ADVANCED_FACE('',(#9211),#9230,.F.);
#9211 = FACE_BOUND('',#9212,.T.);
#9212 = EDGE_LOOP('',(#9213,#9222,#9228,#9229));
#9213 = ORIENTED_EDGE('',*,*,#9214,.F.);
#9214 = EDGE_CURVE('',#9215,#9215,#9217,.T.);
#9215 = VERTEX_POINT('',#9216);
#9216 = CARTESIAN_POINT('',(7.15,2.720458146424,42.620458146424));
#9217 = CIRCLE('',#9218,7.15);
#9218 = AXIS2_PLACEMENT_3D('',#9219,#9220,#9221);
#9219 = CARTESIAN_POINT('',(0.,2.720458146424,42.620458146424));
#9220 = DIRECTION('',(0.,0.,1.));
#9221 = DIRECTION('',(1.,0.,0.));
#9222 = ORIENTED_EDGE('',*,*,#9223,.T.);
#9223 = EDGE_CURVE('',#9215,#9173,#9224,.T.);
#9224 = LINE('',#9225,#9226);
#9225 = CARTESIAN_POINT('',(7.15,2.720458146424,42.620458146424));
#9226 = VECTOR('',#9227,1.);
#9227 = DIRECTION('',(0.,0.,1.));
#9228 = ORIENTED_EDGE('',*,*,#9172,.F.);
#9229 = ORIENTED_EDGE('',*,*,#9223,.F.);
#9230 = CYLINDRICAL_SURFACE('',#9231,7.15);
#9231 = AXIS2_PLACEMENT_3D('',#9232,#9233,#9234);
#9232 = CARTESIAN_POINT('',(0.,2.720458146424,42.620458146424));
#9233 = DIRECTION('',(-0.,-0.,-1.));
#9234 = DIRECTION('',(1.,0.,0.));
#9235 = ADVANCED_FACE('',(#9236,#9247),#9250,.T.);
#9236 = FACE_BOUND('',#9237,.T.);
#9237 = EDGE_LOOP('',(#9238));
#9238 = ORIENTED_EDGE('',*,*,#9239,.T.);
#9239 = EDGE_CURVE('',#9240,#9240,#9242,.T.);
#9240 = VERTEX_POINT('',#9241);
#9241 = CARTESIAN_POINT('',(6.64,2.720458146424,39.570458146424));
#9242 = CIRCLE('',#9243,6.64);
#9243 = AXIS2_PLACEMENT_3D('',#9244,#9245,#9246);
#9244 = CARTESIAN_POINT('',(0.,2.720458146424,39.570458146424));
#9245 = DIRECTION('',(0.,0.,1.));
#9246 = DIRECTION('',(1.,0.,0.));
#9247 = FACE_BOUND('',#9248,.T.);
#9248 = EDGE_LOOP('',(#9249));
#9249 = ORIENTED_EDGE('',*,*,#9198,.T.);
#9250 = PLANE('',#9251);
#9251 = AXIS2_PLACEMENT_3D('',#9252,#9253,#9254);
#9252 = CARTESIAN_POINT('',(0.,2.720458146424,39.570458146424));
#9253 = DIRECTION('',(0.,0.,1.));
#9254 = DIRECTION('',(1.,0.,0.));
#9255 = ADVANCED_FACE('',(#9256,#9259),#9270,.T.);
#9256 = FACE_BOUND('',#9257,.T.);
#9257 = EDGE_LOOP('',(#9258));
#9258 = ORIENTED_EDGE('',*,*,#9214,.T.);
#9259 = FACE_BOUND('',#9260,.T.);
#9260 = EDGE_LOOP('',(#9261));
#9261 = ORIENTED_EDGE('',*,*,#9262,.T.);
#9262 = EDGE_CURVE('',#9263,#9263,#9265,.T.);
#9263 = VERTEX_POINT('',#9264);
#9264 = CARTESIAN_POINT('',(6.64,2.720458146424,42.620458146424));
#9265 = CIRCLE('',#9266,6.64);
#9266 = AXIS2_PLACEMENT_3D('',#9267,#9268,#9269);
#9267 = CARTESIAN_POINT('',(0.,2.720458146424,42.620458146424));
#9268 = DIRECTION('',(0.,0.,-1.));
#9269 = DIRECTION('',(1.,0.,0.));
#9270 = PLANE('',#9271);
#9271 = AXIS2_PLACEMENT_3D('',#9272,#9273,#9274);
#9272 = CARTESIAN_POINT('',(0.,2.720458146424,42.620458146424));
#9273 = DIRECTION('',(0.,0.,1.));
#9274 = DIRECTION('',(1.,0.,0.));
#9275 = ADVANCED_FACE('',(#9276),#9287,.F.);
#9276 = FACE_BOUND('',#9277,.T.);
#9277 = EDGE_LOOP('',(#9278,#9279,#9285,#9286));
#9278 = ORIENTED_EDGE('',*,*,#9239,.F.);
#9279 = ORIENTED_EDGE('',*,*,#9280,.T.);
#9280 = EDGE_CURVE('',#9240,#9263,#9281,.T.);
#9281 = LINE('',#9282,#9283);
#9282 = CARTESIAN_POINT('',(6.64,2.720458146424,39.570458146424));
#9283 = VECTOR('',#9284,1.);
#9284 = DIRECTION('',(0.,0.,1.));
#9285 = ORIENTED_EDGE('',*,*,#9262,.F.);
#9286 = ORIENTED_EDGE('',*,*,#9280,.F.);
#9287 = CYLINDRICAL_SURFACE('',#9288,6.64);
#9288 = AXIS2_PLACEMENT_3D('',#9289,#9290,#9291);
#9289 = CARTESIAN_POINT('',(0.,2.720458146424,39.570458146424));
#9290 = DIRECTION('',(-0.,-0.,-1.));
#9291 = DIRECTION('',(1.,0.,0.));
#9292 = ( GEOMETRIC_REPRESENTATION_CONTEXT(3) 
GLOBAL_UNCERTAINTY_ASSIGNED_CONTEXT((#9296)) 
GLOBAL_UNIT_ASSIGNED_CONTEXT((#9293,#9294,#9295)) REPRESENTATION_CONTEXT
('Context #1','3D Context with UNIT and UNCERTAINTY') );
#9293 = ( LENGTH_UNIT() NAMED_UNIT(*) SI_UNIT(.MILLI.,.METRE.) );
#9294 = ( NAMED_UNIT(*) PLANE_ANGLE_UNIT() SI_UNIT($,.RADIAN.) );
#9295 = ( NAMED_UNIT(*) SI_UNIT($,.STERADIAN.) SOLID_ANGLE_UNIT() );
#9296 = UNCERTAINTY_MEASURE_WITH_UNIT(LENGTH_MEASURE(1.E-07),#9293,
  'distance_accuracy_value','confusion accuracy');
#9297 = CONTEXT_DEPENDENT_SHAPE_REPRESENTATION(#9298,#9300);
#9298 = ( REPRESENTATION_RELATIONSHIP('','',#9109,#10) 
REPRESENTATION_RELATIONSHIP_WITH_TRANSFORMATION(#9299) 
SHAPE_REPRESENTATION_RELATIONSHIP() );
#9299 = ITEM_DEFINED_TRANSFORMATION('','',#11,#43);
#9300 = PRODUCT_DEFINITION_SHAPE('Placement','Placement of an item',
  #9301);
#9301 = NEXT_ASSEMBLY_USAGE_OCCURRENCE('8',
  'Filter cap and stop (printed)','',#5,#9104,$);
#9302 = PRODUCT_RELATED_PRODUCT_CATEGORY('part',$,(#9106));
#9303 = SHAPE_DEFINITION_REPRESENTATION(#9304,#9310);
#9304 = PRODUCT_DEFINITION_SHAPE('','',#9305);
#9305 = PRODUCT_DEFINITION('design','',#9306,#9309);
#9306 = PRODUCT_DEFINITION_FORMATION('','',#9307);
#9307 = PRODUCT('Stepper 8HS11-0204S (NEMA 8, 1.8 deg, 60 g)',
  'Stepper 8HS11-0204S (NEMA 8, 1.8 deg, 60 g)','',(#9308));
#9308 = PRODUCT_CONTEXT('',#2,'mechanical');
#9309 = PRODUCT_DEFINITION_CONTEXT('part definition',#2,'design');
#9310 = SHAPE_REPRESENTATION('',(#11,#9311,#9773,#9826,#9879),#10029);
#9311 = MANIFOLD_SOLID_BREP('',#9312);
#9312 = CLOSED_SHELL('',(#9313,#9385,#9416,#9440,#9464,#9488,#9512,#9536
    ,#9560,#9577,#9637,#9662,#9687,#9712,#9737,#9746,#9755,#9764));
#9313 = ADVANCED_FACE('',(#9314),#9380,.F.);
#9314 = FACE_BOUND('',#9315,.F.);
#9315 = EDGE_LOOP('',(#9316,#9326,#9334,#9342,#9350,#9358,#9366,#9374));
#9316 = ORIENTED_EDGE('',*,*,#9317,.F.);
#9317 = EDGE_CURVE('',#9318,#9320,#9322,.T.);
#9318 = VERTEX_POINT('',#9319);
#9319 = CARTESIAN_POINT('',(-45.5,-12.45,15.45));
#9320 = VERTEX_POINT('',#9321);
#9321 = CARTESIAN_POINT('',(-45.5,-12.45,32.75));
#9322 = LINE('',#9323,#9324);
#9323 = CARTESIAN_POINT('',(-45.5,-12.45,13.95));
#9324 = VECTOR('',#9325,1.);
#9325 = DIRECTION('',(0.,0.,1.));
#9326 = ORIENTED_EDGE('',*,*,#9327,.T.);
#9327 = EDGE_CURVE('',#9318,#9328,#9330,.T.);
#9328 = VERTEX_POINT('',#9329);
#9329 = CARTESIAN_POINT('',(-45.5,-10.95,13.95));
#9330 = LINE('',#9331,#9332);
#9331 = CARTESIAN_POINT('',(-45.5,-11.325,14.325));
#9332 = VECTOR('',#9333,1.);
#9333 = DIRECTION('',(0.,0.707106781187,-0.707106781187));
#9334 = ORIENTED_EDGE('',*,*,#9335,.T.);
#9335 = EDGE_CURVE('',#9328,#9336,#9338,.T.);
#9336 = VERTEX_POINT('',#9337);
#9337 = CARTESIAN_POINT('',(-45.5,6.35,13.95));
#9338 = LINE('',#9339,#9340);
#9339 = CARTESIAN_POINT('',(-45.5,-12.45,13.95));
#9340 = VECTOR('',#9341,1.);
#9341 = DIRECTION('',(0.,1.,0.));
#9342 = ORIENTED_EDGE('',*,*,#9343,.T.);
#9343 = EDGE_CURVE('',#9336,#9344,#9346,.T.);
#9344 = VERTEX_POINT('',#9345);
#9345 = CARTESIAN_POINT('',(-45.5,7.85,15.45));
#9346 = LINE('',#9347,#9348);
#9347 = CARTESIAN_POINT('',(-45.5,2.4,10.));
#9348 = VECTOR('',#9349,1.);
#9349 = DIRECTION('',(0.,0.707106781187,0.707106781187));
#9350 = ORIENTED_EDGE('',*,*,#9351,.T.);
#9351 = EDGE_CURVE('',#9344,#9352,#9354,.T.);
#9352 = VERTEX_POINT('',#9353);
#9353 = CARTESIAN_POINT('',(-45.5,7.85,32.75));
#9354 = LINE('',#9355,#9356);
#9355 = CARTESIAN_POINT('',(-45.5,7.85,13.95));
#9356 = VECTOR('',#9357,1.);
#9357 = DIRECTION('',(0.,0.,1.));
#9358 = ORIENTED_EDGE('',*,*,#9359,.T.);
#9359 = EDGE_CURVE('',#9352,#9360,#9362,.T.);
#9360 = VERTEX_POINT('',#9361);
#9361 = CARTESIAN_POINT('',(-45.5,6.35,34.25));
#9362 = LINE('',#9363,#9364);
#9363 = CARTESIAN_POINT('',(-45.5,6.725,33.875));
#9364 = VECTOR('',#9365,1.);
#9365 = DIRECTION('',(0.,-0.707106781187,0.707106781187));
#9366 = ORIENTED_EDGE('',*,*,#9367,.F.);
#9367 = EDGE_CURVE('',#9368,#9360,#9370,.T.);
#9368 = VERTEX_POINT('',#9369);
#9369 = CARTESIAN_POINT('',(-45.5,-10.95,34.25));
#9370 = LINE('',#9371,#9372);
#9371 = CARTESIAN_POINT('',(-45.5,-12.45,34.25));
#9372 = VECTOR('',#9373,1.);
#9373 = DIRECTION('',(0.,1.,0.));
#9374 = ORIENTED_EDGE('',*,*,#9375,.T.);
#9375 = EDGE_CURVE('',#9368,#9320,#9376,.T.);
#9376 = LINE('',#9377,#9378);
#9377 = CARTESIAN_POINT('',(-45.5,-17.15,28.05));
#9378 = VECTOR('',#9379,1.);
#9379 = DIRECTION('',(0.,-0.707106781187,-0.707106781187));
#9380 = PLANE('',#9381);
#9381 = AXIS2_PLACEMENT_3D('',#9382,#9383,#9384);
#9382 = CARTESIAN_POINT('',(-45.5,-12.45,13.95));
#9383 = DIRECTION('',(1.,0.,0.));
#9384 = DIRECTION('',(0.,0.,1.));
#9385 = ADVANCED_FACE('',(#9386),#9411,.F.);
#9386 = FACE_BOUND('',#9387,.F.);
#9387 = EDGE_LOOP('',(#9388,#9398,#9404,#9405));
#9388 = ORIENTED_EDGE('',*,*,#9389,.F.);
#9389 = EDGE_CURVE('',#9390,#9392,#9394,.T.);
#9390 = VERTEX_POINT('',#9391);
#9391 = CARTESIAN_POINT('',(-17.5,-12.45,15.45));
#9392 = VERTEX_POINT('',#9393);
#9393 = CARTESIAN_POINT('',(-17.5,-12.45,32.75));
#9394 = LINE('',#9395,#9396);
#9395 = CARTESIAN_POINT('',(-17.5,-12.45,13.95));
#9396 = VECTOR('',#9397,1.);
#9397 = DIRECTION('',(0.,0.,1.));
#9398 = ORIENTED_EDGE('',*,*,#9399,.F.);
#9399 = EDGE_CURVE('',#9318,#9390,#9400,.T.);
#9400 = LINE('',#9401,#9402);
#9401 = CARTESIAN_POINT('',(-46.5,-12.45,15.45));
#9402 = VECTOR('',#9403,1.);
#9403 = DIRECTION('',(1.,0.,2.22044604925E-16));
#9404 = ORIENTED_EDGE('',*,*,#9317,.T.);
#9405 = ORIENTED_EDGE('',*,*,#9406,.T.);
#9406 = EDGE_CURVE('',#9320,#9392,#9407,.T.);
#9407 = LINE('',#9408,#9409);
#9408 = CARTESIAN_POINT('',(-46.5,-12.45,32.75));
#9409 = VECTOR('',#9410,1.);
#9410 = DIRECTION('',(1.,0.,2.22044604925E-16));
#9411 = PLANE('',#9412);
#9412 = AXIS2_PLACEMENT_3D('',#9413,#9414,#9415);
#9413 = CARTESIAN_POINT('',(-45.5,-12.45,13.95));
#9414 = DIRECTION('',(0.,1.,0.));
#9415 = DIRECTION('',(0.,0.,1.));
#9416 = ADVANCED_FACE('',(#9417),#9435,.T.);
#9417 = FACE_BOUND('',#9418,.T.);
#9418 = EDGE_LOOP('',(#9419,#9420,#9421,#9429));
#9419 = ORIENTED_EDGE('',*,*,#9375,.T.);
#9420 = ORIENTED_EDGE('',*,*,#9406,.T.);
#9421 = ORIENTED_EDGE('',*,*,#9422,.F.);
#9422 = EDGE_CURVE('',#9423,#9392,#9425,.T.);
#9423 = VERTEX_POINT('',#9424);
#9424 = CARTESIAN_POINT('',(-17.5,-10.95,34.25));
#9425 = LINE('',#9426,#9427);
#9426 = CARTESIAN_POINT('',(-17.5,-17.15,28.05));
#9427 = VECTOR('',#9428,1.);
#9428 = DIRECTION('',(0.,-0.707106781187,-0.707106781187));
#9429 = ORIENTED_EDGE('',*,*,#9430,.F.);
#9430 = EDGE_CURVE('',#9368,#9423,#9431,.T.);
#9431 = LINE('',#9432,#9433);
#9432 = CARTESIAN_POINT('',(-46.5,-10.95,34.25));
#9433 = VECTOR('',#9434,1.);
#9434 = DIRECTION('',(1.,0.,2.22044604925E-16));
#9435 = PLANE('',#9436);
#9436 = AXIS2_PLACEMENT_3D('',#9437,#9438,#9439);
#9437 = CARTESIAN_POINT('',(-46.5,-12.45,32.75));
#9438 = DIRECTION('',(-1.570092458684E-16,-0.707106781187,0.707106781187
    ));
#9439 = DIRECTION('',(-1.570092458684E-16,0.707106781187,0.707106781187)
  );
#9440 = ADVANCED_FACE('',(#9441),#9459,.T.);
#9441 = FACE_BOUND('',#9442,.T.);
#9442 = EDGE_LOOP('',(#9443,#9444,#9445,#9453));
#9443 = ORIENTED_EDGE('',*,*,#9367,.F.);
#9444 = ORIENTED_EDGE('',*,*,#9430,.T.);
#9445 = ORIENTED_EDGE('',*,*,#9446,.T.);
#9446 = EDGE_CURVE('',#9423,#9447,#9449,.T.);
#9447 = VERTEX_POINT('',#9448);
#9448 = CARTESIAN_POINT('',(-17.5,6.35,34.25));
#9449 = LINE('',#9450,#9451);
#9450 = CARTESIAN_POINT('',(-17.5,-12.45,34.25));
#9451 = VECTOR('',#9452,1.);
#9452 = DIRECTION('',(0.,1.,0.));
#9453 = ORIENTED_EDGE('',*,*,#9454,.F.);
#9454 = EDGE_CURVE('',#9360,#9447,#9455,.T.);
#9455 = LINE('',#9456,#9457);
#9456 = CARTESIAN_POINT('',(-46.5,6.35,34.25));
#9457 = VECTOR('',#9458,1.);
#9458 = DIRECTION('',(1.,0.,2.22044604925E-16));
#9459 = PLANE('',#9460);
#9460 = AXIS2_PLACEMENT_3D('',#9461,#9462,#9463);
#9461 = CARTESIAN_POINT('',(-45.5,-12.45,34.25));
#9462 = DIRECTION('',(0.,0.,1.));
#9463 = DIRECTION('',(1.,0.,0.));
#9464 = ADVANCED_FACE('',(#9465),#9483,.T.);
#9465 = FACE_BOUND('',#9466,.T.);
#9466 = EDGE_LOOP('',(#9467,#9468,#9469,#9477));
#9467 = ORIENTED_EDGE('',*,*,#9359,.T.);
#9468 = ORIENTED_EDGE('',*,*,#9454,.T.);
#9469 = ORIENTED_EDGE('',*,*,#9470,.F.);
#9470 = EDGE_CURVE('',#9471,#9447,#9473,.T.);
#9471 = VERTEX_POINT('',#9472);
#9472 = CARTESIAN_POINT('',(-17.5,7.85,32.75));
#9473 = LINE('',#9474,#9475);
#9474 = CARTESIAN_POINT('',(-17.5,6.725,33.875));
#9475 = VECTOR('',#9476,1.);
#9476 = DIRECTION('',(0.,-0.707106781187,0.707106781187));
#9477 = ORIENTED_EDGE('',*,*,#9478,.F.);
#9478 = EDGE_CURVE('',#9352,#9471,#9479,.T.);
#9479 = LINE('',#9480,#9481);
#9480 = CARTESIAN_POINT('',(-46.5,7.85,32.75));
#9481 = VECTOR('',#9482,1.);
#9482 = DIRECTION('',(1.,0.,2.22044604925E-16));
#9483 = PLANE('',#9484);
#9484 = AXIS2_PLACEMENT_3D('',#9485,#9486,#9487);
#9485 = CARTESIAN_POINT('',(-46.5,6.35,34.25));
#9486 = DIRECTION('',(-1.570092458684E-16,0.707106781187,0.707106781187)
  );
#9487 = DIRECTION('',(1.570092458684E-16,0.707106781187,-0.707106781187)
  );
#9488 = ADVANCED_FACE('',(#9489),#9507,.T.);
#9489 = FACE_BOUND('',#9490,.T.);
#9490 = EDGE_LOOP('',(#9491,#9499,#9505,#9506));
#9491 = ORIENTED_EDGE('',*,*,#9492,.F.);
#9492 = EDGE_CURVE('',#9493,#9471,#9495,.T.);
#9493 = VERTEX_POINT('',#9494);
#9494 = CARTESIAN_POINT('',(-17.5,7.85,15.45));
#9495 = LINE('',#9496,#9497);
#9496 = CARTESIAN_POINT('',(-17.5,7.85,13.95));
#9497 = VECTOR('',#9498,1.);
#9498 = DIRECTION('',(0.,0.,1.));
#9499 = ORIENTED_EDGE('',*,*,#9500,.F.);
#9500 = EDGE_CURVE('',#9344,#9493,#9501,.T.);
#9501 = LINE('',#9502,#9503);
#9502 = CARTESIAN_POINT('',(-46.5,7.85,15.45));
#9503 = VECTOR('',#9504,1.);
#9504 = DIRECTION('',(1.,0.,2.22044604925E-16));
#9505 = ORIENTED_EDGE('',*,*,#9351,.T.);
#9506 = ORIENTED_EDGE('',*,*,#9478,.T.);
#9507 = PLANE('',#9508);
#9508 = AXIS2_PLACEMENT_3D('',#9509,#9510,#9511);
#9509 = CARTESIAN_POINT('',(-45.5,7.85,13.95));
#9510 = DIRECTION('',(0.,1.,0.));
#9511 = DIRECTION('',(0.,0.,1.));
#9512 = ADVANCED_FACE('',(#9513),#9531,.T.);
#9513 = FACE_BOUND('',#9514,.T.);
#9514 = EDGE_LOOP('',(#9515,#9516,#9517,#9525));
#9515 = ORIENTED_EDGE('',*,*,#9343,.T.);
#9516 = ORIENTED_EDGE('',*,*,#9500,.T.);
#9517 = ORIENTED_EDGE('',*,*,#9518,.F.);
#9518 = EDGE_CURVE('',#9519,#9493,#9521,.T.);
#9519 = VERTEX_POINT('',#9520);
#9520 = CARTESIAN_POINT('',(-17.5,6.35,13.95));
#9521 = LINE('',#9522,#9523);
#9522 = CARTESIAN_POINT('',(-17.5,2.4,10.));
#9523 = VECTOR('',#9524,1.);
#9524 = DIRECTION('',(0.,0.707106781187,0.707106781187));
#9525 = ORIENTED_EDGE('',*,*,#9526,.F.);
#9526 = EDGE_CURVE('',#9336,#9519,#9527,.T.);
#9527 = LINE('',#9528,#9529);
#9528 = CARTESIAN_POINT('',(-46.5,6.35,13.95));
#9529 = VECTOR('',#9530,1.);
#9530 = DIRECTION('',(1.,0.,2.22044604925E-16));
#9531 = PLANE('',#9532);
#9532 = AXIS2_PLACEMENT_3D('',#9533,#9534,#9535);
#9533 = CARTESIAN_POINT('',(-46.5,7.85,15.45));
#9534 = DIRECTION('',(1.570092458684E-16,0.707106781187,-0.707106781187)
  );
#9535 = DIRECTION('',(1.570092458684E-16,-0.707106781187,-0.707106781187
    ));
#9536 = ADVANCED_FACE('',(#9537),#9555,.F.);
#9537 = FACE_BOUND('',#9538,.F.);
#9538 = EDGE_LOOP('',(#9539,#9540,#9548,#9554));
#9539 = ORIENTED_EDGE('',*,*,#9335,.F.);
#9540 = ORIENTED_EDGE('',*,*,#9541,.T.);
#9541 = EDGE_CURVE('',#9328,#9542,#9544,.T.);
#9542 = VERTEX_POINT('',#9543);
#9543 = CARTESIAN_POINT('',(-17.5,-10.95,13.95));
#9544 = LINE('',#9545,#9546);
#9545 = CARTESIAN_POINT('',(-46.5,-10.95,13.95));
#9546 = VECTOR('',#9547,1.);
#9547 = DIRECTION('',(1.,0.,2.22044604925E-16));
#9548 = ORIENTED_EDGE('',*,*,#9549,.T.);
#9549 = EDGE_CURVE('',#9542,#9519,#9550,.T.);
#9550 = LINE('',#9551,#9552);
#9551 = CARTESIAN_POINT('',(-17.5,-12.45,13.95));
#9552 = VECTOR('',#9553,1.);
#9553 = DIRECTION('',(0.,1.,0.));
#9554 = ORIENTED_EDGE('',*,*,#9526,.F.);
#9555 = PLANE('',#9556);
#9556 = AXIS2_PLACEMENT_3D('',#9557,#9558,#9559);
#9557 = CARTESIAN_POINT('',(-45.5,-12.45,13.95));
#9558 = DIRECTION('',(0.,0.,1.));
#9559 = DIRECTION('',(1.,0.,0.));
#9560 = ADVANCED_FACE('',(#9561),#9572,.T.);
#9561 = FACE_BOUND('',#9562,.T.);
#9562 = EDGE_LOOP('',(#9563,#9564,#9565,#9571));
#9563 = ORIENTED_EDGE('',*,*,#9327,.T.);
#9564 = ORIENTED_EDGE('',*,*,#9541,.T.);
#9565 = ORIENTED_EDGE('',*,*,#9566,.F.);
#9566 = EDGE_CURVE('',#9390,#9542,#9567,.T.);
#9567 = LINE('',#9568,#9569);
#9568 = CARTESIAN_POINT('',(-17.5,-11.325,14.325));
#9569 = VECTOR('',#9570,1.);
#9570 = DIRECTION('',(0.,0.707106781187,-0.707106781187));
#9571 = ORIENTED_EDGE('',*,*,#9399,.F.);
#9572 = PLANE('',#9573);
#9573 = AXIS2_PLACEMENT_3D('',#9574,#9575,#9576);
#9574 = CARTESIAN_POINT('',(-46.5,-10.95,13.95));
#9575 = DIRECTION('',(1.570092458684E-16,-0.707106781187,-0.707106781187
    ));
#9576 = DIRECTION('',(-1.570092458684E-16,-0.707106781187,0.707106781187
    ));
#9577 = ADVANCED_FACE('',(#9578,#9588,#9599,#9610,#9621),#9632,.T.);
#9578 = FACE_BOUND('',#9579,.T.);
#9579 = EDGE_LOOP('',(#9580,#9581,#9582,#9583,#9584,#9585,#9586,#9587));
#9580 = ORIENTED_EDGE('',*,*,#9389,.F.);
#9581 = ORIENTED_EDGE('',*,*,#9566,.T.);
#9582 = ORIENTED_EDGE('',*,*,#9549,.T.);
#9583 = ORIENTED_EDGE('',*,*,#9518,.T.);
#9584 = ORIENTED_EDGE('',*,*,#9492,.T.);
#9585 = ORIENTED_EDGE('',*,*,#9470,.T.);
#9586 = ORIENTED_EDGE('',*,*,#9446,.F.);
#9587 = ORIENTED_EDGE('',*,*,#9422,.T.);
#9588 = FACE_BOUND('',#9589,.T.);
#9589 = EDGE_LOOP('',(#9590));
#9590 = ORIENTED_EDGE('',*,*,#9591,.F.);
#9591 = EDGE_CURVE('',#9592,#9592,#9594,.T.);
#9592 = VERTEX_POINT('',#9593);
#9593 = CARTESIAN_POINT('',(-17.5,5.7,16.9));
#9594 = CIRCLE('',#9595,0.8);
#9595 = AXIS2_PLACEMENT_3D('',#9596,#9597,#9598);
#9596 = CARTESIAN_POINT('',(-17.5,5.7,16.1));
#9597 = DIRECTION('',(1.,0.,2.22044604925E-16));
#9598 = DIRECTION('',(-2.22044604925E-16,0.,1.));
#9599 = FACE_BOUND('',#9600,.T.);
#9600 = EDGE_LOOP('',(#9601));
#9601 = ORIENTED_EDGE('',*,*,#9602,.F.);
#9602 = EDGE_CURVE('',#9603,#9603,#9605,.T.);
#9603 = VERTEX_POINT('',#9604);
#9604 = CARTESIAN_POINT('',(-17.5,5.7,32.9));
#9605 = CIRCLE('',#9606,0.8);
#9606 = AXIS2_PLACEMENT_3D('',#9607,#9608,#9609);
#9607 = CARTESIAN_POINT('',(-17.5,5.7,32.1));
#9608 = DIRECTION('',(1.,0.,2.22044604925E-16));
#9609 = DIRECTION('',(-2.22044604925E-16,0.,1.));
#9610 = FACE_BOUND('',#9611,.T.);
#9611 = EDGE_LOOP('',(#9612));
#9612 = ORIENTED_EDGE('',*,*,#9613,.F.);
#9613 = EDGE_CURVE('',#9614,#9614,#9616,.T.);
#9614 = VERTEX_POINT('',#9615);
#9615 = CARTESIAN_POINT('',(-17.5,-10.3,16.9));
#9616 = CIRCLE('',#9617,0.8);
#9617 = AXIS2_PLACEMENT_3D('',#9618,#9619,#9620);
#9618 = CARTESIAN_POINT('',(-17.5,-10.3,16.1));
#9619 = DIRECTION('',(1.,0.,2.22044604925E-16));
#9620 = DIRECTION('',(-2.22044604925E-16,0.,1.));
#9621 = FACE_BOUND('',#9622,.T.);
#9622 = EDGE_LOOP('',(#9623));
#9623 = ORIENTED_EDGE('',*,*,#9624,.F.);
#9624 = EDGE_CURVE('',#9625,#9625,#9627,.T.);
#9625 = VERTEX_POINT('',#9626);
#9626 = CARTESIAN_POINT('',(-17.5,-10.3,32.9));
#9627 = CIRCLE('',#9628,0.8);
#9628 = AXIS2_PLACEMENT_3D('',#9629,#9630,#9631);
#9629 = CARTESIAN_POINT('',(-17.5,-10.3,32.1));
#9630 = DIRECTION('',(1.,0.,2.22044604925E-16));
#9631 = DIRECTION('',(-2.22044604925E-16,0.,1.));
#9632 = PLANE('',#9633);
#9633 = AXIS2_PLACEMENT_3D('',#9634,#9635,#9636);
#9634 = CARTESIAN_POINT('',(-17.5,-12.45,13.95));
#9635 = DIRECTION('',(1.,0.,0.));
#9636 = DIRECTION('',(0.,0.,1.));
#9637 = ADVANCED_FACE('',(#9638),#9657,.F.);
#9638 = FACE_BOUND('',#9639,.T.);
#9639 = EDGE_LOOP('',(#9640,#9641,#9649,#9656));
#9640 = ORIENTED_EDGE('',*,*,#9591,.T.);
#9641 = ORIENTED_EDGE('',*,*,#9642,.T.);
#9642 = EDGE_CURVE('',#9592,#9643,#9645,.T.);
#9643 = VERTEX_POINT('',#9644);
#9644 = CARTESIAN_POINT('',(-19.99,5.7,16.9));
#9645 = LINE('',#9646,#9647);
#9646 = CARTESIAN_POINT('',(-17.49,5.7,16.9));
#9647 = VECTOR('',#9648,1.);
#9648 = DIRECTION('',(-1.,0.,-2.22044604925E-16));
#9649 = ORIENTED_EDGE('',*,*,#9650,.T.);
#9650 = EDGE_CURVE('',#9643,#9643,#9651,.T.);
#9651 = CIRCLE('',#9652,0.8);
#9652 = AXIS2_PLACEMENT_3D('',#9653,#9654,#9655);
#9653 = CARTESIAN_POINT('',(-19.99,5.7,16.1));
#9654 = DIRECTION('',(-1.,0.,-2.22044604925E-16));
#9655 = DIRECTION('',(-2.22044604925E-16,0.,1.));
#9656 = ORIENTED_EDGE('',*,*,#9642,.F.);
#9657 = CYLINDRICAL_SURFACE('',#9658,0.8);
#9658 = AXIS2_PLACEMENT_3D('',#9659,#9660,#9661);
#9659 = CARTESIAN_POINT('',(-17.49,5.7,16.1));
#9660 = DIRECTION('',(1.,-0.,2.22044604925E-16));
#9661 = DIRECTION('',(-2.22044604925E-16,0.,1.));
#9662 = ADVANCED_FACE('',(#9663),#9682,.F.);
#9663 = FACE_BOUND('',#9664,.T.);
#9664 = EDGE_LOOP('',(#9665,#9666,#9674,#9681));
#9665 = ORIENTED_EDGE('',*,*,#9602,.T.);
#9666 = ORIENTED_EDGE('',*,*,#9667,.T.);
#9667 = EDGE_CURVE('',#9603,#9668,#9670,.T.);
#9668 = VERTEX_POINT('',#9669);
#9669 = CARTESIAN_POINT('',(-19.99,5.7,32.9));
#9670 = LINE('',#9671,#9672);
#9671 = CARTESIAN_POINT('',(-17.49,5.7,32.9));
#9672 = VECTOR('',#9673,1.);
#9673 = DIRECTION('',(-1.,0.,-2.22044604925E-16));
#9674 = ORIENTED_EDGE('',*,*,#9675,.T.);
#9675 = EDGE_CURVE('',#9668,#9668,#9676,.T.);
#9676 = CIRCLE('',#9677,0.8);
#9677 = AXIS2_PLACEMENT_3D('',#9678,#9679,#9680);
#9678 = CARTESIAN_POINT('',(-19.99,5.7,32.1));
#9679 = DIRECTION('',(-1.,0.,-2.22044604925E-16));
#9680 = DIRECTION('',(-2.22044604925E-16,0.,1.));
#9681 = ORIENTED_EDGE('',*,*,#9667,.F.);
#9682 = CYLINDRICAL_SURFACE('',#9683,0.8);
#9683 = AXIS2_PLACEMENT_3D('',#9684,#9685,#9686);
#9684 = CARTESIAN_POINT('',(-17.49,5.7,32.1));
#9685 = DIRECTION('',(1.,-0.,2.22044604925E-16));
#9686 = DIRECTION('',(-2.22044604925E-16,0.,1.));
#9687 = ADVANCED_FACE('',(#9688),#9707,.F.);
#9688 = FACE_BOUND('',#9689,.T.);
#9689 = EDGE_LOOP('',(#9690,#9691,#9699,#9706));
#9690 = ORIENTED_EDGE('',*,*,#9613,.T.);
#9691 = ORIENTED_EDGE('',*,*,#9692,.T.);
#9692 = EDGE_CURVE('',#9614,#9693,#9695,.T.);
#9693 = VERTEX_POINT('',#9694);
#9694 = CARTESIAN_POINT('',(-19.99,-10.3,16.9));
#9695 = LINE('',#9696,#9697);
#9696 = CARTESIAN_POINT('',(-17.49,-10.3,16.9));
#9697 = VECTOR('',#9698,1.);
#9698 = DIRECTION('',(-1.,0.,-2.22044604925E-16));
#9699 = ORIENTED_EDGE('',*,*,#9700,.T.);
#9700 = EDGE_CURVE('',#9693,#9693,#9701,.T.);
#9701 = CIRCLE('',#9702,0.8);
#9702 = AXIS2_PLACEMENT_3D('',#9703,#9704,#9705);
#9703 = CARTESIAN_POINT('',(-19.99,-10.3,16.1));
#9704 = DIRECTION('',(-1.,0.,-2.22044604925E-16));
#9705 = DIRECTION('',(-2.22044604925E-16,0.,1.));
#9706 = ORIENTED_EDGE('',*,*,#9692,.F.);
#9707 = CYLINDRICAL_SURFACE('',#9708,0.8);
#9708 = AXIS2_PLACEMENT_3D('',#9709,#9710,#9711);
#9709 = CARTESIAN_POINT('',(-17.49,-10.3,16.1));
#9710 = DIRECTION('',(1.,-0.,2.22044604925E-16));
#9711 = DIRECTION('',(-2.22044604925E-16,0.,1.));
#9712 = ADVANCED_FACE('',(#9713),#9732,.F.);
#9713 = FACE_BOUND('',#9714,.T.);
#9714 = EDGE_LOOP('',(#9715,#9716,#9724,#9731));
#9715 = ORIENTED_EDGE('',*,*,#9624,.T.);
#9716 = ORIENTED_EDGE('',*,*,#9717,.T.);
#9717 = EDGE_CURVE('',#9625,#9718,#9720,.T.);
#9718 = VERTEX_POINT('',#9719);
#9719 = CARTESIAN_POINT('',(-19.99,-10.3,32.9));
#9720 = LINE('',#9721,#9722);
#9721 = CARTESIAN_POINT('',(-17.49,-10.3,32.9));
#9722 = VECTOR('',#9723,1.);
#9723 = DIRECTION('',(-1.,0.,-2.22044604925E-16));
#9724 = ORIENTED_EDGE('',*,*,#9725,.T.);
#9725 = EDGE_CURVE('',#9718,#9718,#9726,.T.);
#9726 = CIRCLE('',#9727,0.8);
#9727 = AXIS2_PLACEMENT_3D('',#9728,#9729,#9730);
#9728 = CARTESIAN_POINT('',(-19.99,-10.3,32.1));
#9729 = DIRECTION('',(-1.,0.,-2.22044604925E-16));
#9730 = DIRECTION('',(-2.22044604925E-16,0.,1.));
#9731 = ORIENTED_EDGE('',*,*,#9717,.F.);
#9732 = CYLINDRICAL_SURFACE('',#9733,0.8);
#9733 = AXIS2_PLACEMENT_3D('',#9734,#9735,#9736);
#9734 = CARTESIAN_POINT('',(-17.49,-10.3,32.1));
#9735 = DIRECTION('',(1.,-0.,2.22044604925E-16));
#9736 = DIRECTION('',(-2.22044604925E-16,0.,1.));
#9737 = ADVANCED_FACE('',(#9738),#9741,.F.);
#9738 = FACE_BOUND('',#9739,.T.);
#9739 = EDGE_LOOP('',(#9740));
#9740 = ORIENTED_EDGE('',*,*,#9650,.F.);
#9741 = PLANE('',#9742);
#9742 = AXIS2_PLACEMENT_3D('',#9743,#9744,#9745);
#9743 = CARTESIAN_POINT('',(-19.99,5.7,16.1));
#9744 = DIRECTION('',(-1.,0.,-2.22044604925E-16));
#9745 = DIRECTION('',(-2.22044604925E-16,0.,1.));
#9746 = ADVANCED_FACE('',(#9747),#9750,.F.);
#9747 = FACE_BOUND('',#9748,.T.);
#9748 = EDGE_LOOP('',(#9749));
#9749 = ORIENTED_EDGE('',*,*,#9675,.F.);
#9750 = PLANE('',#9751);
#9751 = AXIS2_PLACEMENT_3D('',#9752,#9753,#9754);
#9752 = CARTESIAN_POINT('',(-19.99,5.7,32.1));
#9753 = DIRECTION('',(-1.,0.,-2.22044604925E-16));
#9754 = DIRECTION('',(-2.22044604925E-16,0.,1.));
#9755 = ADVANCED_FACE('',(#9756),#9759,.F.);
#9756 = FACE_BOUND('',#9757,.T.);
#9757 = EDGE_LOOP('',(#9758));
#9758 = ORIENTED_EDGE('',*,*,#9700,.F.);
#9759 = PLANE('',#9760);
#9760 = AXIS2_PLACEMENT_3D('',#9761,#9762,#9763);
#9761 = CARTESIAN_POINT('',(-19.99,-10.3,16.1));
#9762 = DIRECTION('',(-1.,0.,-2.22044604925E-16));
#9763 = DIRECTION('',(-2.22044604925E-16,0.,1.));
#9764 = ADVANCED_FACE('',(#9765),#9768,.F.);
#9765 = FACE_BOUND('',#9766,.T.);
#9766 = EDGE_LOOP('',(#9767));
#9767 = ORIENTED_EDGE('',*,*,#9725,.F.);
#9768 = PLANE('',#9769);
#9769 = AXIS2_PLACEMENT_3D('',#9770,#9771,#9772);
#9770 = CARTESIAN_POINT('',(-19.99,-10.3,32.1));
#9771 = DIRECTION('',(-1.,0.,-2.22044604925E-16));
#9772 = DIRECTION('',(-2.22044604925E-16,0.,1.));
#9773 = MANIFOLD_SOLID_BREP('',#9774);
#9774 = CLOSED_SHELL('',(#9775,#9808,#9817));
#9775 = ADVANCED_FACE('',(#9776),#9803,.T.);
#9776 = FACE_BOUND('',#9777,.F.);
#9777 = EDGE_LOOP('',(#9778,#9788,#9795,#9796));
#9778 = ORIENTED_EDGE('',*,*,#9779,.T.);
#9779 = EDGE_CURVE('',#9780,#9782,#9784,.T.);
#9780 = VERTEX_POINT('',#9781);
#9781 = CARTESIAN_POINT('',(-17.5,-2.3,16.6));
#9782 = VERTEX_POINT('',#9783);
#9783 = CARTESIAN_POINT('',(-16.,-2.3,16.6));
#9784 = LINE('',#9785,#9786);
#9785 = CARTESIAN_POINT('',(-17.5,-2.3,16.6));
#9786 = VECTOR('',#9787,1.);
#9787 = DIRECTION('',(1.,0.,2.22044604925E-16));
#9788 = ORIENTED_EDGE('',*,*,#9789,.T.);
#9789 = EDGE_CURVE('',#9782,#9782,#9790,.T.);
#9790 = CIRCLE('',#9791,7.5);
#9791 = AXIS2_PLACEMENT_3D('',#9792,#9793,#9794);
#9792 = CARTESIAN_POINT('',(-16.,-2.3,24.1));
#9793 = DIRECTION('',(1.,-0.,2.22044604925E-16));
#9794 = DIRECTION('',(2.22044604925E-16,0.,-1.));
#9795 = ORIENTED_EDGE('',*,*,#9779,.F.);
#9796 = ORIENTED_EDGE('',*,*,#9797,.F.);
#9797 = EDGE_CURVE('',#9780,#9780,#9798,.T.);
#9798 = CIRCLE('',#9799,7.5);
#9799 = AXIS2_PLACEMENT_3D('',#9800,#9801,#9802);
#9800 = CARTESIAN_POINT('',(-17.5,-2.3,24.1));
#9801 = DIRECTION('',(1.,-0.,2.22044604925E-16));
#9802 = DIRECTION('',(2.22044604925E-16,0.,-1.));
#9803 = CYLINDRICAL_SURFACE('',#9804,7.5);
#9804 = AXIS2_PLACEMENT_3D('',#9805,#9806,#9807);
#9805 = CARTESIAN_POINT('',(-17.5,-2.3,24.1));
#9806 = DIRECTION('',(-1.,-0.,-2.22044604925E-16));
#9807 = DIRECTION('',(2.22044604925E-16,0.,-1.));
#9808 = ADVANCED_FACE('',(#9809),#9812,.F.);
#9809 = FACE_BOUND('',#9810,.T.);
#9810 = EDGE_LOOP('',(#9811));
#9811 = ORIENTED_EDGE('',*,*,#9797,.F.);
#9812 = PLANE('',#9813);
#9813 = AXIS2_PLACEMENT_3D('',#9814,#9815,#9816);
#9814 = CARTESIAN_POINT('',(-17.5,-2.3,24.1));
#9815 = DIRECTION('',(1.,0.,2.22044604925E-16));
#9816 = DIRECTION('',(2.22044604925E-16,0.,-1.));
#9817 = ADVANCED_FACE('',(#9818),#9821,.T.);
#9818 = FACE_BOUND('',#9819,.F.);
#9819 = EDGE_LOOP('',(#9820));
#9820 = ORIENTED_EDGE('',*,*,#9789,.F.);
#9821 = PLANE('',#9822);
#9822 = AXIS2_PLACEMENT_3D('',#9823,#9824,#9825);
#9823 = CARTESIAN_POINT('',(-16.,-2.3,24.1));
#9824 = DIRECTION('',(1.,0.,2.22044604925E-16));
#9825 = DIRECTION('',(2.22044604925E-16,0.,-1.));
#9826 = MANIFOLD_SOLID_BREP('',#9827);
#9827 = CLOSED_SHELL('',(#9828,#9861,#9870));
#9828 = ADVANCED_FACE('',(#9829),#9856,.T.);
#9829 = FACE_BOUND('',#9830,.F.);
#9830 = EDGE_LOOP('',(#9831,#9841,#9848,#9849));
#9831 = ORIENTED_EDGE('',*,*,#9832,.T.);
#9832 = EDGE_CURVE('',#9833,#9835,#9837,.T.);
#9833 = VERTEX_POINT('',#9834);
#9834 = CARTESIAN_POINT('',(-17.5,-2.3,22.1));
#9835 = VERTEX_POINT('',#9836);
#9836 = CARTESIAN_POINT('',(-7.5,-2.3,22.1));
#9837 = LINE('',#9838,#9839);
#9838 = CARTESIAN_POINT('',(-17.5,-2.3,22.1));
#9839 = VECTOR('',#9840,1.);
#9840 = DIRECTION('',(1.,0.,2.22044604925E-16));
#9841 = ORIENTED_EDGE('',*,*,#9842,.T.);
#9842 = EDGE_CURVE('',#9835,#9835,#9843,.T.);
#9843 = CIRCLE('',#9844,2.);
#9844 = AXIS2_PLACEMENT_3D('',#9845,#9846,#9847);
#9845 = CARTESIAN_POINT('',(-7.5,-2.3,24.1));
#9846 = DIRECTION('',(1.,-0.,2.22044604925E-16));
#9847 = DIRECTION('',(2.22044604925E-16,0.,-1.));
#9848 = ORIENTED_EDGE('',*,*,#9832,.F.);
#9849 = ORIENTED_EDGE('',*,*,#9850,.F.);
#9850 = EDGE_CURVE('',#9833,#9833,#9851,.T.);
#9851 = CIRCLE('',#9852,2.);
#9852 = AXIS2_PLACEMENT_3D('',#9853,#9854,#9855);
#9853 = CARTESIAN_POINT('',(-17.5,-2.3,24.1));
#9854 = DIRECTION('',(1.,-0.,2.22044604925E-16));
#9855 = DIRECTION('',(2.22044604925E-16,0.,-1.));
#9856 = CYLINDRICAL_SURFACE('',#9857,2.);
#9857 = AXIS2_PLACEMENT_3D('',#9858,#9859,#9860);
#9858 = CARTESIAN_POINT('',(-17.5,-2.3,24.1));
#9859 = DIRECTION('',(-1.,-0.,-2.22044604925E-16));
#9860 = DIRECTION('',(2.22044604925E-16,0.,-1.));
#9861 = ADVANCED_FACE('',(#9862),#9865,.F.);
#9862 = FACE_BOUND('',#9863,.T.);
#9863 = EDGE_LOOP('',(#9864));
#9864 = ORIENTED_EDGE('',*,*,#9850,.F.);
#9865 = PLANE('',#9866);
#9866 = AXIS2_PLACEMENT_3D('',#9867,#9868,#9869);
#9867 = CARTESIAN_POINT('',(-17.5,-2.3,24.1));
#9868 = DIRECTION('',(1.,0.,2.22044604925E-16));
#9869 = DIRECTION('',(2.22044604925E-16,0.,-1.));
#9870 = ADVANCED_FACE('',(#9871),#9874,.T.);
#9871 = FACE_BOUND('',#9872,.F.);
#9872 = EDGE_LOOP('',(#9873));
#9873 = ORIENTED_EDGE('',*,*,#9842,.F.);
#9874 = PLANE('',#9875);
#9875 = AXIS2_PLACEMENT_3D('',#9876,#9877,#9878);
#9876 = CARTESIAN_POINT('',(-7.5,-2.3,24.1));
#9877 = DIRECTION('',(1.,0.,2.22044604925E-16));
#9878 = DIRECTION('',(2.22044604925E-16,0.,-1.));
#9879 = MANIFOLD_SOLID_BREP('',#9880);
#9880 = CLOSED_SHELL('',(#9881,#9921,#9961,#9983,#10005,#10017));
#9881 = ADVANCED_FACE('',(#9882),#9916,.F.);
#9882 = FACE_BOUND('',#9883,.F.);
#9883 = EDGE_LOOP('',(#9884,#9894,#9902,#9910));
#9884 = ORIENTED_EDGE('',*,*,#9885,.F.);
#9885 = EDGE_CURVE('',#9886,#9888,#9890,.T.);
#9886 = VERTEX_POINT('',#9887);
#9887 = CARTESIAN_POINT('',(-44.5,-4.8,33.75));
#9888 = VERTEX_POINT('',#9889);
#9889 = CARTESIAN_POINT('',(-44.5,-4.8,35.75));
#9890 = LINE('',#9891,#9892);
#9891 = CARTESIAN_POINT('',(-44.5,-4.8,33.75));
#9892 = VECTOR('',#9893,1.);
#9893 = DIRECTION('',(0.,0.,1.));
#9894 = ORIENTED_EDGE('',*,*,#9895,.T.);
#9895 = EDGE_CURVE('',#9886,#9896,#9898,.T.);
#9896 = VERTEX_POINT('',#9897);
#9897 = CARTESIAN_POINT('',(-44.5,0.2,33.75));
#9898 = LINE('',#9899,#9900);
#9899 = CARTESIAN_POINT('',(-44.5,-4.8,33.75));
#9900 = VECTOR('',#9901,1.);
#9901 = DIRECTION('',(0.,1.,0.));
#9902 = ORIENTED_EDGE('',*,*,#9903,.T.);
#9903 = EDGE_CURVE('',#9896,#9904,#9906,.T.);
#9904 = VERTEX_POINT('',#9905);
#9905 = CARTESIAN_POINT('',(-44.5,0.2,35.75));
#9906 = LINE('',#9907,#9908);
#9907 = CARTESIAN_POINT('',(-44.5,0.2,33.75));
#9908 = VECTOR('',#9909,1.);
#9909 = DIRECTION('',(0.,0.,1.));
#9910 = ORIENTED_EDGE('',*,*,#9911,.F.);
#9911 = EDGE_CURVE('',#9888,#9904,#9912,.T.);
#9912 = LINE('',#9913,#9914);
#9913 = CARTESIAN_POINT('',(-44.5,-4.8,35.75));
#9914 = VECTOR('',#9915,1.);
#9915 = DIRECTION('',(0.,1.,0.));
#9916 = PLANE('',#9917);
#9917 = AXIS2_PLACEMENT_3D('',#9918,#9919,#9920);
#9918 = CARTESIAN_POINT('',(-44.5,-4.8,33.75));
#9919 = DIRECTION('',(1.,0.,0.));
#9920 = DIRECTION('',(0.,0.,1.));
#9921 = ADVANCED_FACE('',(#9922),#9956,.T.);
#9922 = FACE_BOUND('',#9923,.T.);
#9923 = EDGE_LOOP('',(#9924,#9934,#9942,#9950));
#9924 = ORIENTED_EDGE('',*,*,#9925,.F.);
#9925 = EDGE_CURVE('',#9926,#9928,#9930,.T.);
#9926 = VERTEX_POINT('',#9927);
#9927 = CARTESIAN_POINT('',(-41.5,-4.8,33.75));
#9928 = VERTEX_POINT('',#9929);
#9929 = CARTESIAN_POINT('',(-41.5,-4.8,35.75));
#9930 = LINE('',#9931,#9932);
#9931 = CARTESIAN_POINT('',(-41.5,-4.8,33.75));
#9932 = VECTOR('',#9933,1.);
#9933 = DIRECTION('',(0.,0.,1.));
#9934 = ORIENTED_EDGE('',*,*,#9935,.T.);
#9935 = EDGE_CURVE('',#9926,#9936,#9938,.T.);
#9936 = VERTEX_POINT('',#9937);
#9937 = CARTESIAN_POINT('',(-41.5,0.2,33.75));
#9938 = LINE('',#9939,#9940);
#9939 = CARTESIAN_POINT('',(-41.5,-4.8,33.75));
#9940 = VECTOR('',#9941,1.);
#9941 = DIRECTION('',(0.,1.,0.));
#9942 = ORIENTED_EDGE('',*,*,#9943,.T.);
#9943 = EDGE_CURVE('',#9936,#9944,#9946,.T.);
#9944 = VERTEX_POINT('',#9945);
#9945 = CARTESIAN_POINT('',(-41.5,0.2,35.75));
#9946 = LINE('',#9947,#9948);
#9947 = CARTESIAN_POINT('',(-41.5,0.2,33.75));
#9948 = VECTOR('',#9949,1.);
#9949 = DIRECTION('',(0.,0.,1.));
#9950 = ORIENTED_EDGE('',*,*,#9951,.F.);
#9951 = EDGE_CURVE('',#9928,#9944,#9952,.T.);
#9952 = LINE('',#9953,#9954);
#9953 = CARTESIAN_POINT('',(-41.5,-4.8,35.75));
#9954 = VECTOR('',#9955,1.);
#9955 = DIRECTION('',(0.,1.,0.));
#9956 = PLANE('',#9957);
#9957 = AXIS2_PLACEMENT_3D('',#9958,#9959,#9960);
#9958 = CARTESIAN_POINT('',(-41.5,-4.8,33.75));
#9959 = DIRECTION('',(1.,0.,0.));
#9960 = DIRECTION('',(0.,0.,1.));
#9961 = ADVANCED_FACE('',(#9962),#9978,.F.);
#9962 = FACE_BOUND('',#9963,.F.);
#9963 = EDGE_LOOP('',(#9964,#9970,#9971,#9977));
#9964 = ORIENTED_EDGE('',*,*,#9965,.F.);
#9965 = EDGE_CURVE('',#9886,#9926,#9966,.T.);
#9966 = LINE('',#9967,#9968);
#9967 = CARTESIAN_POINT('',(-44.5,-4.8,33.75));
#9968 = VECTOR('',#9969,1.);
#9969 = DIRECTION('',(1.,0.,0.));
#9970 = ORIENTED_EDGE('',*,*,#9885,.T.);
#9971 = ORIENTED_EDGE('',*,*,#9972,.T.);
#9972 = EDGE_CURVE('',#9888,#9928,#9973,.T.);
#9973 = LINE('',#9974,#9975);
#9974 = CARTESIAN_POINT('',(-44.5,-4.8,35.75));
#9975 = VECTOR('',#9976,1.);
#9976 = DIRECTION('',(1.,0.,0.));
#9977 = ORIENTED_EDGE('',*,*,#9925,.F.);
#9978 = PLANE('',#9979);
#9979 = AXIS2_PLACEMENT_3D('',#9980,#9981,#9982);
#9980 = CARTESIAN_POINT('',(-44.5,-4.8,33.75));
#9981 = DIRECTION('',(0.,1.,0.));
#9982 = DIRECTION('',(0.,0.,1.));
#9983 = ADVANCED_FACE('',(#9984),#10000,.T.);
#9984 = FACE_BOUND('',#9985,.T.);
#9985 = EDGE_LOOP('',(#9986,#9992,#9993,#9999));
#9986 = ORIENTED_EDGE('',*,*,#9987,.F.);
#9987 = EDGE_CURVE('',#9896,#9936,#9988,.T.);
#9988 = LINE('',#9989,#9990);
#9989 = CARTESIAN_POINT('',(-44.5,0.2,33.75));
#9990 = VECTOR('',#9991,1.);
#9991 = DIRECTION('',(1.,0.,0.));
#9992 = ORIENTED_EDGE('',*,*,#9903,.T.);
#9993 = ORIENTED_EDGE('',*,*,#9994,.T.);
#9994 = EDGE_CURVE('',#9904,#9944,#9995,.T.);
#9995 = LINE('',#9996,#9997);
#9996 = CARTESIAN_POINT('',(-44.5,0.2,35.75));
#9997 = VECTOR('',#9998,1.);
#9998 = DIRECTION('',(1.,0.,0.));
#9999 = ORIENTED_EDGE('',*,*,#9943,.F.);
#10000 = PLANE('',#10001);
#10001 = AXIS2_PLACEMENT_3D('',#10002,#10003,#10004);
#10002 = CARTESIAN_POINT('',(-44.5,0.2,33.75));
#10003 = DIRECTION('',(0.,1.,0.));
#10004 = DIRECTION('',(0.,0.,1.));
#10005 = ADVANCED_FACE('',(#10006),#10012,.F.);
#10006 = FACE_BOUND('',#10007,.F.);
#10007 = EDGE_LOOP('',(#10008,#10009,#10010,#10011));
#10008 = ORIENTED_EDGE('',*,*,#9895,.F.);
#10009 = ORIENTED_EDGE('',*,*,#9965,.T.);
#10010 = ORIENTED_EDGE('',*,*,#9935,.T.);
#10011 = ORIENTED_EDGE('',*,*,#9987,.F.);
#10012 = PLANE('',#10013);
#10013 = AXIS2_PLACEMENT_3D('',#10014,#10015,#10016);
#10014 = CARTESIAN_POINT('',(-44.5,-4.8,33.75));
#10015 = DIRECTION('',(0.,0.,1.));
#10016 = DIRECTION('',(1.,0.,0.));
#10017 = ADVANCED_FACE('',(#10018),#10024,.T.);
#10018 = FACE_BOUND('',#10019,.T.);
#10019 = EDGE_LOOP('',(#10020,#10021,#10022,#10023));
#10020 = ORIENTED_EDGE('',*,*,#9911,.F.);
#10021 = ORIENTED_EDGE('',*,*,#9972,.T.);
#10022 = ORIENTED_EDGE('',*,*,#9951,.T.);
#10023 = ORIENTED_EDGE('',*,*,#9994,.F.);
#10024 = PLANE('',#10025);
#10025 = AXIS2_PLACEMENT_3D('',#10026,#10027,#10028);
#10026 = CARTESIAN_POINT('',(-44.5,-4.8,35.75));
#10027 = DIRECTION('',(0.,0.,1.));
#10028 = DIRECTION('',(1.,0.,0.));
#10029 = ( GEOMETRIC_REPRESENTATION_CONTEXT(3) 
GLOBAL_UNCERTAINTY_ASSIGNED_CONTEXT((#10033)) 
GLOBAL_UNIT_ASSIGNED_CONTEXT((#10030,#10031,#10032)) 
REPRESENTATION_CONTEXT('Context #1',
  '3D Context with UNIT and UNCERTAINTY') );
#10030 = ( LENGTH_UNIT() NAMED_UNIT(*) SI_UNIT(.MILLI.,.METRE.) );
#10031 = ( NAMED_UNIT(*) PLANE_ANGLE_UNIT() SI_UNIT($,.RADIAN.) );
#10032 = ( NAMED_UNIT(*) SI_UNIT($,.STERADIAN.) SOLID_ANGLE_UNIT() );
#10033 = UNCERTAINTY_MEASURE_WITH_UNIT(LENGTH_MEASURE(1.E-05),#10030,
  'distance_accuracy_value','confusion accuracy');
#10034 = CONTEXT_DEPENDENT_SHAPE_REPRESENTATION(#10035,#10037);
#10035 = ( REPRESENTATION_RELATIONSHIP('','',#9310,#10) 
REPRESENTATION_RELATIONSHIP_WITH_TRANSFORMATION(#10036) 
SHAPE_REPRESENTATION_RELATIONSHIP() );
#10036 = ITEM_DEFINED_TRANSFORMATION('','',#11,#47);
#10037 = PRODUCT_DEFINITION_SHAPE('Placement','Placement of an item',
  #10038);
#10038 = NEXT_ASSEMBLY_USAGE_OCCURRENCE('9',
  'Stepper 8HS11-0204S (NEMA 8, 1.8 deg, 60 g)','',#5,#9305,$);
#10039 = PRODUCT_RELATED_PRODUCT_CATEGORY('part',$,(#9307));
#10040 = SHAPE_DEFINITION_REPRESENTATION(#10041,#10047);
#10041 = PRODUCT_DEFINITION_SHAPE('','',#10042);
#10042 = PRODUCT_DEFINITION('design','',#10043,#10046);
#10043 = PRODUCT_DEFINITION_FORMATION('','',#10044);
#10044 = PRODUCT(
  'Scan mirror: 20 x 20 mm cut from a RUEHALF 3 mm front-surface sheet',
  'Scan mirror: 20 x 20 mm cut from a RUEHALF 3 mm front-surface sheet',
  '',(#10045));
#10045 = PRODUCT_CONTEXT('',#2,'mechanical');
#10046 = PRODUCT_DEFINITION_CONTEXT('part definition',#2,'design');
#10047 = ADVANCED_BREP_SHAPE_REPRESENTATION('',(#11,#10048),#10198);
#10048 = MANIFOLD_SOLID_BREP('',#10049);
#10049 = CLOSED_SHELL('',(#10050,#10090,#10130,#10152,#10174,#10186));
#10050 = ADVANCED_FACE('',(#10051),#10085,.F.);
#10051 = FACE_BOUND('',#10052,.F.);
#10052 = EDGE_LOOP('',(#10053,#10063,#10071,#10079));
#10053 = ORIENTED_EDGE('',*,*,#10054,.F.);
#10054 = EDGE_CURVE('',#10055,#10057,#10059,.T.);
#10055 = VERTEX_POINT('',#10056);
#10056 = CARTESIAN_POINT('',(-10.,7.67020561473,19.928069990999));
#10057 = VERTEX_POINT('',#10058);
#10058 = CARTESIAN_POINT('',(-10.,-6.471930009001,34.07020561473));
#10059 = LINE('',#10060,#10061);
#10060 = CARTESIAN_POINT('',(-10.,7.67020561473,19.928069990999));
#10061 = VECTOR('',#10062,1.);
#10062 = DIRECTION('',(-8.799220673267E-18,-0.707106781187,
    0.707106781187));
#10063 = ORIENTED_EDGE('',*,*,#10064,.T.);
#10064 = EDGE_CURVE('',#10055,#10065,#10067,.T.);
#10065 = VERTEX_POINT('',#10066);
#10066 = CARTESIAN_POINT('',(-10.,9.79152595829,22.049390334559));
#10067 = LINE('',#10068,#10069);
#10068 = CARTESIAN_POINT('',(-10.,7.67020561473,19.928069990999));
#10069 = VECTOR('',#10070,1.);
#10070 = DIRECTION('',(-1.238144307851E-16,0.707106781187,0.707106781187
    ));
#10071 = ORIENTED_EDGE('',*,*,#10072,.T.);
#10072 = EDGE_CURVE('',#10065,#10073,#10075,.T.);
#10073 = VERTEX_POINT('',#10074);
#10074 = CARTESIAN_POINT('',(-10.,-4.350609665441,36.19152595829));
#10075 = LINE('',#10076,#10077);
#10076 = CARTESIAN_POINT('',(-10.,9.79152595829,22.049390334559));
#10077 = VECTOR('',#10078,1.);
#10078 = DIRECTION('',(-8.799220673267E-18,-0.707106781187,
    0.707106781187));
#10079 = ORIENTED_EDGE('',*,*,#10080,.F.);
#10080 = EDGE_CURVE('',#10057,#10073,#10081,.T.);
#10081 = LINE('',#10082,#10083);
#10082 = CARTESIAN_POINT('',(-10.,-6.471930009001,34.07020561473));
#10083 = VECTOR('',#10084,1.);
#10084 = DIRECTION('',(-1.238144307851E-16,0.707106781187,0.707106781187
    ));
#10085 = PLANE('',#10086);
#10086 = AXIS2_PLACEMENT_3D('',#10087,#10088,#10089);
#10087 = CARTESIAN_POINT('',(-10.,7.67020561473,19.928069990999));
#10088 = DIRECTION('',(1.,8.132803500968E-17,9.377201222413E-17));
#10089 = DIRECTION('',(-8.799220673267E-18,-0.707106781187,
    0.707106781187));
#10090 = ADVANCED_FACE('',(#10091),#10125,.T.);
#10091 = FACE_BOUND('',#10092,.T.);
#10092 = EDGE_LOOP('',(#10093,#10103,#10111,#10119));
#10093 = ORIENTED_EDGE('',*,*,#10094,.F.);
#10094 = EDGE_CURVE('',#10095,#10097,#10099,.T.);
#10095 = VERTEX_POINT('',#10096);
#10096 = CARTESIAN_POINT('',(10.,7.67020561473,19.928069990999));
#10097 = VERTEX_POINT('',#10098);
#10098 = CARTESIAN_POINT('',(10.,-6.471930009001,34.07020561473));
#10099 = LINE('',#10100,#10101);
#10100 = CARTESIAN_POINT('',(10.,7.67020561473,19.928069990999));
#10101 = VECTOR('',#10102,1.);
#10102 = DIRECTION('',(-8.799220673267E-18,-0.707106781187,
    0.707106781187));
#10103 = ORIENTED_EDGE('',*,*,#10104,.T.);
#10104 = EDGE_CURVE('',#10095,#10105,#10107,.T.);
#10105 = VERTEX_POINT('',#10106);
#10106 = CARTESIAN_POINT('',(10.,9.79152595829,22.049390334559));
#10107 = LINE('',#10108,#10109);
#10108 = CARTESIAN_POINT('',(10.,7.67020561473,19.928069990999));
#10109 = VECTOR('',#10110,1.);
#10110 = DIRECTION('',(-1.238144307851E-16,0.707106781187,0.707106781187
    ));
#10111 = ORIENTED_EDGE('',*,*,#10112,.T.);
#10112 = EDGE_CURVE('',#10105,#10113,#10115,.T.);
#10113 = VERTEX_POINT('',#10114);
#10114 = CARTESIAN_POINT('',(10.,-4.350609665441,36.19152595829));
#10115 = LINE('',#10116,#10117);
#10116 = CARTESIAN_POINT('',(10.,9.79152595829,22.049390334559));
#10117 = VECTOR('',#10118,1.);
#10118 = DIRECTION('',(-8.799220673267E-18,-0.707106781187,
    0.707106781187));
#10119 = ORIENTED_EDGE('',*,*,#10120,.F.);
#10120 = EDGE_CURVE('',#10097,#10113,#10121,.T.);
#10121 = LINE('',#10122,#10123);
#10122 = CARTESIAN_POINT('',(10.,-6.471930009001,34.07020561473));
#10123 = VECTOR('',#10124,1.);
#10124 = DIRECTION('',(-1.238144307851E-16,0.707106781187,0.707106781187
    ));
#10125 = PLANE('',#10126);
#10126 = AXIS2_PLACEMENT_3D('',#10127,#10128,#10129);
#10127 = CARTESIAN_POINT('',(10.,7.67020561473,19.928069990999));
#10128 = DIRECTION('',(1.,8.132803500968E-17,9.377201222413E-17));
#10129 = DIRECTION('',(-8.799220673267E-18,-0.707106781187,
    0.707106781187));
#10130 = ADVANCED_FACE('',(#10131),#10147,.F.);
#10131 = FACE_BOUND('',#10132,.F.);
#10132 = EDGE_LOOP('',(#10133,#10139,#10140,#10146));
#10133 = ORIENTED_EDGE('',*,*,#10134,.F.);
#10134 = EDGE_CURVE('',#10055,#10095,#10135,.T.);
#10135 = LINE('',#10136,#10137);
#10136 = CARTESIAN_POINT('',(-10.,7.67020561473,19.928069990999));
#10137 = VECTOR('',#10138,1.);
#10138 = DIRECTION('',(1.,8.132803500968E-17,9.377201222413E-17));
#10139 = ORIENTED_EDGE('',*,*,#10054,.T.);
#10140 = ORIENTED_EDGE('',*,*,#10141,.T.);
#10141 = EDGE_CURVE('',#10057,#10097,#10142,.T.);
#10142 = LINE('',#10143,#10144);
#10143 = CARTESIAN_POINT('',(-10.,-6.471930009001,34.07020561473));
#10144 = VECTOR('',#10145,1.);
#10145 = DIRECTION('',(1.,8.132803500968E-17,9.377201222413E-17));
#10146 = ORIENTED_EDGE('',*,*,#10094,.F.);
#10147 = PLANE('',#10148);
#10148 = AXIS2_PLACEMENT_3D('',#10149,#10150,#10151);
#10149 = CARTESIAN_POINT('',(-10.,7.67020561473,19.928069990999));
#10150 = DIRECTION('',(-1.238144307851E-16,0.707106781187,0.707106781187
    ));
#10151 = DIRECTION('',(-8.799220673267E-18,-0.707106781187,
    0.707106781187));
#10152 = ADVANCED_FACE('',(#10153),#10169,.T.);
#10153 = FACE_BOUND('',#10154,.T.);
#10154 = EDGE_LOOP('',(#10155,#10161,#10162,#10168));
#10155 = ORIENTED_EDGE('',*,*,#10156,.F.);
#10156 = EDGE_CURVE('',#10065,#10105,#10157,.T.);
#10157 = LINE('',#10158,#10159);
#10158 = CARTESIAN_POINT('',(-10.,9.79152595829,22.049390334559));
#10159 = VECTOR('',#10160,1.);
#10160 = DIRECTION('',(1.,8.132803500968E-17,9.377201222413E-17));
#10161 = ORIENTED_EDGE('',*,*,#10072,.T.);
#10162 = ORIENTED_EDGE('',*,*,#10163,.T.);
#10163 = EDGE_CURVE('',#10073,#10113,#10164,.T.);
#10164 = LINE('',#10165,#10166);
#10165 = CARTESIAN_POINT('',(-10.,-4.350609665441,36.19152595829));
#10166 = VECTOR('',#10167,1.);
#10167 = DIRECTION('',(1.,8.132803500968E-17,9.377201222413E-17));
#10168 = ORIENTED_EDGE('',*,*,#10112,.F.);
#10169 = PLANE('',#10170);
#10170 = AXIS2_PLACEMENT_3D('',#10171,#10172,#10173);
#10171 = CARTESIAN_POINT('',(-10.,9.79152595829,22.049390334559));
#10172 = DIRECTION('',(-1.238144307851E-16,0.707106781187,0.707106781187
    ));
#10173 = DIRECTION('',(-8.799220673267E-18,-0.707106781187,
    0.707106781187));
#10174 = ADVANCED_FACE('',(#10175),#10181,.F.);
#10175 = FACE_BOUND('',#10176,.F.);
#10176 = EDGE_LOOP('',(#10177,#10178,#10179,#10180));
#10177 = ORIENTED_EDGE('',*,*,#10064,.F.);
#10178 = ORIENTED_EDGE('',*,*,#10134,.T.);
#10179 = ORIENTED_EDGE('',*,*,#10104,.T.);
#10180 = ORIENTED_EDGE('',*,*,#10156,.F.);
#10181 = PLANE('',#10182);
#10182 = AXIS2_PLACEMENT_3D('',#10183,#10184,#10185);
#10183 = CARTESIAN_POINT('',(-10.,7.67020561473,19.928069990999));
#10184 = DIRECTION('',(-8.799220673267E-18,-0.707106781187,
    0.707106781187));
#10185 = DIRECTION('',(1.,8.132803500968E-17,9.377201222413E-17));
#10186 = ADVANCED_FACE('',(#10187),#10193,.T.);
#10187 = FACE_BOUND('',#10188,.T.);
#10188 = EDGE_LOOP('',(#10189,#10190,#10191,#10192));
#10189 = ORIENTED_EDGE('',*,*,#10080,.F.);
#10190 = ORIENTED_EDGE('',*,*,#10141,.T.);
#10191 = ORIENTED_EDGE('',*,*,#10120,.T.);
#10192 = ORIENTED_EDGE('',*,*,#10163,.F.);
#10193 = PLANE('',#10194);
#10194 = AXIS2_PLACEMENT_3D('',#10195,#10196,#10197);
#10195 = CARTESIAN_POINT('',(-10.,-6.471930009001,34.07020561473));
#10196 = DIRECTION('',(-8.799220673267E-18,-0.707106781187,
    0.707106781187));
#10197 = DIRECTION('',(1.,8.132803500968E-17,9.377201222413E-17));
#10198 = ( GEOMETRIC_REPRESENTATION_CONTEXT(3) 
GLOBAL_UNCERTAINTY_ASSIGNED_CONTEXT((#10202)) 
GLOBAL_UNIT_ASSIGNED_CONTEXT((#10199,#10200,#10201)) 
REPRESENTATION_CONTEXT('Context #1',
  '3D Context with UNIT and UNCERTAINTY') );
#10199 = ( LENGTH_UNIT() NAMED_UNIT(*) SI_UNIT(.MILLI.,.METRE.) );
#10200 = ( NAMED_UNIT(*) PLANE_ANGLE_UNIT() SI_UNIT($,.RADIAN.) );
#10201 = ( NAMED_UNIT(*) SI_UNIT($,.STERADIAN.) SOLID_ANGLE_UNIT() );
#10202 = UNCERTAINTY_MEASURE_WITH_UNIT(LENGTH_MEASURE(1.E-07),#10199,
  'distance_accuracy_value','confusion accuracy');
#10203 = CONTEXT_DEPENDENT_SHAPE_REPRESENTATION(#10204,#10206);
#10204 = ( REPRESENTATION_RELATIONSHIP('','',#10047,#10) 
REPRESENTATION_RELATIONSHIP_WITH_TRANSFORMATION(#10205) 
SHAPE_REPRESENTATION_RELATIONSHIP() );
#10205 = ITEM_DEFINED_TRANSFORMATION('','',#11,#51);
#10206 = PRODUCT_DEFINITION_SHAPE('Placement','Placement of an item',
  #10207);
#10207 = NEXT_ASSEMBLY_USAGE_OCCURRENCE('10',
  'Scan mirror: 20 x 20 mm cut from a RUEHALF 3 mm front-surface sheet',
  '',#5,#10042,$);
#10208 = PRODUCT_RELATED_PRODUCT_CATEGORY('part',$,(#10044));
#10209 = SHAPE_DEFINITION_REPRESENTATION(#10210,#10216);
#10210 = PRODUCT_DEFINITION_SHAPE('','',#10211);
#10211 = PRODUCT_DEFINITION('design','',#10212,#10215);
#10212 = PRODUCT_DEFINITION_FORMATION('','',#10213);
#10213 = PRODUCT('Home magnet 5 x 1.6 mm','Home magnet 5 x 1.6 mm','',(
    #10214));
#10214 = PRODUCT_CONTEXT('',#2,'mechanical');
#10215 = PRODUCT_DEFINITION_CONTEXT('part definition',#2,'design');
#10216 = ADVANCED_BREP_SHAPE_REPRESENTATION('',(#11,#10217),#10270);
#10217 = MANIFOLD_SOLID_BREP('',#10218);
#10218 = CLOSED_SHELL('',(#10219,#10252,#10261));
#10219 = ADVANCED_FACE('',(#10220),#10247,.T.);
#10220 = FACE_BOUND('',#10221,.F.);
#10221 = EDGE_LOOP('',(#10222,#10232,#10239,#10240));
#10222 = ORIENTED_EDGE('',*,*,#10223,.T.);
#10223 = EDGE_CURVE('',#10224,#10226,#10228,.T.);
#10224 = VERTEX_POINT('',#10225);
#10225 = CARTESIAN_POINT('',(10.9,-6.189087296526,16.675378797541));
#10226 = VERTEX_POINT('',#10227);
#10227 = CARTESIAN_POINT('',(12.5,-6.189087296526,16.675378797541));
#10228 = LINE('',#10229,#10230);
#10229 = CARTESIAN_POINT('',(10.9,-6.189087296526,16.675378797541));
#10230 = VECTOR('',#10231,1.);
#10231 = DIRECTION('',(1.,2.747661802697E-16,-3.925231146709E-17));
#10232 = ORIENTED_EDGE('',*,*,#10233,.T.);
#10233 = EDGE_CURVE('',#10226,#10226,#10234,.T.);
#10234 = CIRCLE('',#10235,2.5);
#10235 = AXIS2_PLACEMENT_3D('',#10236,#10237,#10238);
#10236 = CARTESIAN_POINT('',(12.5,-7.956854249492,18.443145750508));
#10237 = DIRECTION('',(1.,2.747661802697E-16,-3.925231146709E-17));
#10238 = DIRECTION('',(-2.22044604925E-16,0.707106781187,-0.707106781187
    ));
#10239 = ORIENTED_EDGE('',*,*,#10223,.F.);
#10240 = ORIENTED_EDGE('',*,*,#10241,.F.);
#10241 = EDGE_CURVE('',#10224,#10224,#10242,.T.);
#10242 = CIRCLE('',#10243,2.5);
#10243 = AXIS2_PLACEMENT_3D('',#10244,#10245,#10246);
#10244 = CARTESIAN_POINT('',(10.9,-7.956854249492,18.443145750508));
#10245 = DIRECTION('',(1.,2.747661802697E-16,-3.925231146709E-17));
#10246 = DIRECTION('',(-2.22044604925E-16,0.707106781187,-0.707106781187
    ));
#10247 = CYLINDRICAL_SURFACE('',#10248,2.5);
#10248 = AXIS2_PLACEMENT_3D('',#10249,#10250,#10251);
#10249 = CARTESIAN_POINT('',(10.9,-7.956854249492,18.443145750508));
#10250 = DIRECTION('',(-1.,-2.747661802697E-16,3.925231146709E-17));
#10251 = DIRECTION('',(-2.22044604925E-16,0.707106781187,-0.707106781187
    ));
#10252 = ADVANCED_FACE('',(#10253),#10256,.F.);
#10253 = FACE_BOUND('',#10254,.T.);
#10254 = EDGE_LOOP('',(#10255));
#10255 = ORIENTED_EDGE('',*,*,#10241,.F.);
#10256 = PLANE('',#10257);
#10257 = AXIS2_PLACEMENT_3D('',#10258,#10259,#10260);
#10258 = CARTESIAN_POINT('',(10.9,-7.956854249492,18.443145750508));
#10259 = DIRECTION('',(1.,2.747661802697E-16,-3.925231146709E-17));
#10260 = DIRECTION('',(-2.22044604925E-16,0.707106781187,-0.707106781187
    ));
#10261 = ADVANCED_FACE('',(#10262),#10265,.T.);
#10262 = FACE_BOUND('',#10263,.F.);
#10263 = EDGE_LOOP('',(#10264));
#10264 = ORIENTED_EDGE('',*,*,#10233,.F.);
#10265 = PLANE('',#10266);
#10266 = AXIS2_PLACEMENT_3D('',#10267,#10268,#10269);
#10267 = CARTESIAN_POINT('',(12.5,-7.956854249492,18.443145750508));
#10268 = DIRECTION('',(1.,2.747661802697E-16,-3.925231146709E-17));
#10269 = DIRECTION('',(-2.22044604925E-16,0.707106781187,-0.707106781187
    ));
#10270 = ( GEOMETRIC_REPRESENTATION_CONTEXT(3) 
GLOBAL_UNCERTAINTY_ASSIGNED_CONTEXT((#10274)) 
GLOBAL_UNIT_ASSIGNED_CONTEXT((#10271,#10272,#10273)) 
REPRESENTATION_CONTEXT('Context #1',
  '3D Context with UNIT and UNCERTAINTY') );
#10271 = ( LENGTH_UNIT() NAMED_UNIT(*) SI_UNIT(.MILLI.,.METRE.) );
#10272 = ( NAMED_UNIT(*) PLANE_ANGLE_UNIT() SI_UNIT($,.RADIAN.) );
#10273 = ( NAMED_UNIT(*) SI_UNIT($,.STERADIAN.) SOLID_ANGLE_UNIT() );
#10274 = UNCERTAINTY_MEASURE_WITH_UNIT(LENGTH_MEASURE(1.E-07),#10271,
  'distance_accuracy_value','confusion accuracy');
#10275 = CONTEXT_DEPENDENT_SHAPE_REPRESENTATION(#10276,#10278);
#10276 = ( REPRESENTATION_RELATIONSHIP('','',#10216,#10) 
REPRESENTATION_RELATIONSHIP_WITH_TRANSFORMATION(#10277) 
SHAPE_REPRESENTATION_RELATIONSHIP() );
#10277 = ITEM_DEFINED_TRANSFORMATION('','',#11,#55);
#10278 = PRODUCT_DEFINITION_SHAPE('Placement','Placement of an item',
  #10279);
#10279 = NEXT_ASSEMBLY_USAGE_OCCURRENCE('11','Home magnet 5 x 1.6 mm',''
  ,#5,#10211,$);
#10280 = PRODUCT_RELATED_PRODUCT_CATEGORY('part',$,(#10213));
#10281 = SHAPE_DEFINITION_REPRESENTATION(#10282,#10288);
#10282 = PRODUCT_DEFINITION_SHAPE('','',#10283);
#10283 = PRODUCT_DEFINITION('design','',#10284,#10287);
#10284 = PRODUCT_DEFINITION_FORMATION('','',#10285);
#10285 = PRODUCT('A3144 hall sensor (home switch)',
  'A3144 hall sensor (home switch)','',(#10286));
#10286 = PRODUCT_CONTEXT('',#2,'mechanical');
#10287 = PRODUCT_DEFINITION_CONTEXT('part definition',#2,'design');
#10288 = SHAPE_REPRESENTATION('',(#11,#10289,#10439,#10589,#10739,#10889
    ,#11039,#11189),#11339);
#10289 = MANIFOLD_SOLID_BREP('',#10290);
#10290 = CLOSED_SHELL('',(#10291,#10331,#10371,#10393,#10415,#10427));
#10291 = ADVANCED_FACE('',(#10292),#10326,.F.);
#10292 = FACE_BOUND('',#10293,.F.);
#10293 = EDGE_LOOP('',(#10294,#10304,#10312,#10320));
#10294 = ORIENTED_EDGE('',*,*,#10295,.F.);
#10295 = EDGE_CURVE('',#10296,#10298,#10300,.T.);
#10296 = VERTEX_POINT('',#10297);
#10297 = CARTESIAN_POINT('',(13.6,-12.31955758473,21.902754058019));
#10298 = VERTEX_POINT('',#10299);
#10299 = CARTESIAN_POINT('',(13.6,-12.31955758473,24.902754058019));
#10300 = LINE('',#10301,#10302);
#10301 = CARTESIAN_POINT('',(13.6,-12.31955758473,21.902754058019));
#10302 = VECTOR('',#10303,1.);
#10303 = DIRECTION('',(0.,0.,1.));
#10304 = ORIENTED_EDGE('',*,*,#10305,.T.);
#10305 = EDGE_CURVE('',#10296,#10306,#10308,.T.);
#10306 = VERTEX_POINT('',#10307);
#10307 = CARTESIAN_POINT('',(13.6,-8.219557584734,21.902754058019));
#10308 = LINE('',#10309,#10310);
#10309 = CARTESIAN_POINT('',(13.6,-12.31955758473,21.902754058019));
#10310 = VECTOR('',#10311,1.);
#10311 = DIRECTION('',(0.,1.,0.));
#10312 = ORIENTED_EDGE('',*,*,#10313,.T.);
#10313 = EDGE_CURVE('',#10306,#10314,#10316,.T.);
#10314 = VERTEX_POINT('',#10315);
#10315 = CARTESIAN_POINT('',(13.6,-8.219557584734,24.902754058019));
#10316 = LINE('',#10317,#10318);
#10317 = CARTESIAN_POINT('',(13.6,-8.219557584734,21.902754058019));
#10318 = VECTOR('',#10319,1.);
#10319 = DIRECTION('',(0.,0.,1.));
#10320 = ORIENTED_EDGE('',*,*,#10321,.F.);
#10321 = EDGE_CURVE('',#10298,#10314,#10322,.T.);
#10322 = LINE('',#10323,#10324);
#10323 = CARTESIAN_POINT('',(13.6,-12.31955758473,24.902754058019));
#10324 = VECTOR('',#10325,1.);
#10325 = DIRECTION('',(0.,1.,0.));
#10326 = PLANE('',#10327);
#10327 = AXIS2_PLACEMENT_3D('',#10328,#10329,#10330);
#10328 = CARTESIAN_POINT('',(13.6,-12.31955758473,21.902754058019));
#10329 = DIRECTION('',(1.,0.,0.));
#10330 = DIRECTION('',(0.,0.,1.));
#10331 = ADVANCED_FACE('',(#10332),#10366,.T.);
#10332 = FACE_BOUND('',#10333,.T.);
#10333 = EDGE_LOOP('',(#10334,#10344,#10352,#10360));
#10334 = ORIENTED_EDGE('',*,*,#10335,.F.);
#10335 = EDGE_CURVE('',#10336,#10338,#10340,.T.);
#10336 = VERTEX_POINT('',#10337);
#10337 = CARTESIAN_POINT('',(15.1,-12.31955758473,21.902754058019));
#10338 = VERTEX_POINT('',#10339);
#10339 = CARTESIAN_POINT('',(15.1,-12.31955758473,24.902754058019));
#10340 = LINE('',#10341,#10342);
#10341 = CARTESIAN_POINT('',(15.1,-12.31955758473,21.902754058019));
#10342 = VECTOR('',#10343,1.);
#10343 = DIRECTION('',(0.,0.,1.));
#10344 = ORIENTED_EDGE('',*,*,#10345,.T.);
#10345 = EDGE_CURVE('',#10336,#10346,#10348,.T.);
#10346 = VERTEX_POINT('',#10347);
#10347 = CARTESIAN_POINT('',(15.1,-8.219557584734,21.902754058019));
#10348 = LINE('',#10349,#10350);
#10349 = CARTESIAN_POINT('',(15.1,-12.31955758473,21.902754058019));
#10350 = VECTOR('',#10351,1.);
#10351 = DIRECTION('',(0.,1.,0.));
#10352 = ORIENTED_EDGE('',*,*,#10353,.T.);
#10353 = EDGE_CURVE('',#10346,#10354,#10356,.T.);
#10354 = VERTEX_POINT('',#10355);
#10355 = CARTESIAN_POINT('',(15.1,-8.219557584734,24.902754058019));
#10356 = LINE('',#10357,#10358);
#10357 = CARTESIAN_POINT('',(15.1,-8.219557584734,21.902754058019));
#10358 = VECTOR('',#10359,1.);
#10359 = DIRECTION('',(0.,0.,1.));
#10360 = ORIENTED_EDGE('',*,*,#10361,.F.);
#10361 = EDGE_CURVE('',#10338,#10354,#10362,.T.);
#10362 = LINE('',#10363,#10364);
#10363 = CARTESIAN_POINT('',(15.1,-12.31955758473,24.902754058019));
#10364 = VECTOR('',#10365,1.);
#10365 = DIRECTION('',(0.,1.,0.));
#10366 = PLANE('',#10367);
#10367 = AXIS2_PLACEMENT_3D('',#10368,#10369,#10370);
#10368 = CARTESIAN_POINT('',(15.1,-12.31955758473,21.902754058019));
#10369 = DIRECTION('',(1.,0.,0.));
#10370 = DIRECTION('',(0.,0.,1.));
#10371 = ADVANCED_FACE('',(#10372),#10388,.F.);
#10372 = FACE_BOUND('',#10373,.F.);
#10373 = EDGE_LOOP('',(#10374,#10380,#10381,#10387));
#10374 = ORIENTED_EDGE('',*,*,#10375,.F.);
#10375 = EDGE_CURVE('',#10296,#10336,#10376,.T.);
#10376 = LINE('',#10377,#10378);
#10377 = CARTESIAN_POINT('',(13.6,-12.31955758473,21.902754058019));
#10378 = VECTOR('',#10379,1.);
#10379 = DIRECTION('',(1.,0.,0.));
#10380 = ORIENTED_EDGE('',*,*,#10295,.T.);
#10381 = ORIENTED_EDGE('',*,*,#10382,.T.);
#10382 = EDGE_CURVE('',#10298,#10338,#10383,.T.);
#10383 = LINE('',#10384,#10385);
#10384 = CARTESIAN_POINT('',(13.6,-12.31955758473,24.902754058019));
#10385 = VECTOR('',#10386,1.);
#10386 = DIRECTION('',(1.,0.,0.));
#10387 = ORIENTED_EDGE('',*,*,#10335,.F.);
#10388 = PLANE('',#10389);
#10389 = AXIS2_PLACEMENT_3D('',#10390,#10391,#10392);
#10390 = CARTESIAN_POINT('',(13.6,-12.31955758473,21.902754058019));
#10391 = DIRECTION('',(0.,1.,0.));
#10392 = DIRECTION('',(0.,0.,1.));
#10393 = ADVANCED_FACE('',(#10394),#10410,.T.);
#10394 = FACE_BOUND('',#10395,.T.);
#10395 = EDGE_LOOP('',(#10396,#10402,#10403,#10409));
#10396 = ORIENTED_EDGE('',*,*,#10397,.F.);
#10397 = EDGE_CURVE('',#10306,#10346,#10398,.T.);
#10398 = LINE('',#10399,#10400);
#10399 = CARTESIAN_POINT('',(13.6,-8.219557584734,21.902754058019));
#10400 = VECTOR('',#10401,1.);
#10401 = DIRECTION('',(1.,0.,0.));
#10402 = ORIENTED_EDGE('',*,*,#10313,.T.);
#10403 = ORIENTED_EDGE('',*,*,#10404,.T.);
#10404 = EDGE_CURVE('',#10314,#10354,#10405,.T.);
#10405 = LINE('',#10406,#10407);
#10406 = CARTESIAN_POINT('',(13.6,-8.219557584734,24.902754058019));
#10407 = VECTOR('',#10408,1.);
#10408 = DIRECTION('',(1.,0.,0.));
#10409 = ORIENTED_EDGE('',*,*,#10353,.F.);
#10410 = PLANE('',#10411);
#10411 = AXIS2_PLACEMENT_3D('',#10412,#10413,#10414);
#10412 = CARTESIAN_POINT('',(13.6,-8.219557584734,21.902754058019));
#10413 = DIRECTION('',(0.,1.,0.));
#10414 = DIRECTION('',(0.,0.,1.));
#10415 = ADVANCED_FACE('',(#10416),#10422,.F.);
#10416 = FACE_BOUND('',#10417,.F.);
#10417 = EDGE_LOOP('',(#10418,#10419,#10420,#10421));
#10418 = ORIENTED_EDGE('',*,*,#10305,.F.);
#10419 = ORIENTED_EDGE('',*,*,#10375,.T.);
#10420 = ORIENTED_EDGE('',*,*,#10345,.T.);
#10421 = ORIENTED_EDGE('',*,*,#10397,.F.);
#10422 = PLANE('',#10423);
#10423 = AXIS2_PLACEMENT_3D('',#10424,#10425,#10426);
#10424 = CARTESIAN_POINT('',(13.6,-12.31955758473,21.902754058019));
#10425 = DIRECTION('',(0.,0.,1.));
#10426 = DIRECTION('',(1.,0.,0.));
#10427 = ADVANCED_FACE('',(#10428),#10434,.T.);
#10428 = FACE_BOUND('',#10429,.T.);
#10429 = EDGE_LOOP('',(#10430,#10431,#10432,#10433));
#10430 = ORIENTED_EDGE('',*,*,#10321,.F.);
#10431 = ORIENTED_EDGE('',*,*,#10382,.T.);
#10432 = ORIENTED_EDGE('',*,*,#10361,.T.);
#10433 = ORIENTED_EDGE('',*,*,#10404,.F.);
#10434 = PLANE('',#10435);
#10435 = AXIS2_PLACEMENT_3D('',#10436,#10437,#10438);
#10436 = CARTESIAN_POINT('',(13.6,-12.31955758473,24.902754058019));
#10437 = DIRECTION('',(0.,0.,1.));
#10438 = DIRECTION('',(1.,0.,0.));
#10439 = MANIFOLD_SOLID_BREP('',#10440);
#10440 = CLOSED_SHELL('',(#10441,#10481,#10521,#10543,#10565,#10577));
#10441 = ADVANCED_FACE('',(#10442),#10476,.F.);
#10442 = FACE_BOUND('',#10443,.F.);
#10443 = EDGE_LOOP('',(#10444,#10454,#10462,#10470));
#10444 = ORIENTED_EDGE('',*,*,#10445,.F.);
#10445 = EDGE_CURVE('',#10446,#10448,#10450,.T.);
#10446 = VERTEX_POINT('',#10447);
#10447 = CARTESIAN_POINT('',(14.15,-11.73955758473,21.402754058019));
#10448 = VERTEX_POINT('',#10449);
#10449 = CARTESIAN_POINT('',(14.15,-11.73955758473,21.902754058019));
#10450 = LINE('',#10451,#10452);
#10451 = CARTESIAN_POINT('',(14.15,-11.73955758473,21.402754058019));
#10452 = VECTOR('',#10453,1.);
#10453 = DIRECTION('',(0.,0.,1.));
#10454 = ORIENTED_EDGE('',*,*,#10455,.T.);
#10455 = EDGE_CURVE('',#10446,#10456,#10458,.T.);
#10456 = VERTEX_POINT('',#10457);
#10457 = CARTESIAN_POINT('',(14.15,-11.33955758473,21.402754058019));
#10458 = LINE('',#10459,#10460);
#10459 = CARTESIAN_POINT('',(14.15,-11.73955758473,21.402754058019));
#10460 = VECTOR('',#10461,1.);
#10461 = DIRECTION('',(0.,1.,0.));
#10462 = ORIENTED_EDGE('',*,*,#10463,.T.);
#10463 = EDGE_CURVE('',#10456,#10464,#10466,.T.);
#10464 = VERTEX_POINT('',#10465);
#10465 = CARTESIAN_POINT('',(14.15,-11.33955758473,21.902754058019));
#10466 = LINE('',#10467,#10468);
#10467 = CARTESIAN_POINT('',(14.15,-11.33955758473,21.402754058019));
#10468 = VECTOR('',#10469,1.);
#10469 = DIRECTION('',(0.,0.,1.));
#10470 = ORIENTED_EDGE('',*,*,#10471,.F.);
#10471 = EDGE_CURVE('',#10448,#10464,#10472,.T.);
#10472 = LINE('',#10473,#10474);
#10473 = CARTESIAN_POINT('',(14.15,-11.73955758473,21.902754058019));
#10474 = VECTOR('',#10475,1.);
#10475 = DIRECTION('',(0.,1.,0.));
#10476 = PLANE('',#10477);
#10477 = AXIS2_PLACEMENT_3D('',#10478,#10479,#10480);
#10478 = CARTESIAN_POINT('',(14.15,-11.73955758473,21.402754058019));
#10479 = DIRECTION('',(1.,0.,0.));
#10480 = DIRECTION('',(0.,0.,1.));
#10481 = ADVANCED_FACE('',(#10482),#10516,.T.);
#10482 = FACE_BOUND('',#10483,.T.);
#10483 = EDGE_LOOP('',(#10484,#10494,#10502,#10510));
#10484 = ORIENTED_EDGE('',*,*,#10485,.F.);
#10485 = EDGE_CURVE('',#10486,#10488,#10490,.T.);
#10486 = VERTEX_POINT('',#10487);
#10487 = CARTESIAN_POINT('',(14.55,-11.73955758473,21.402754058019));
#10488 = VERTEX_POINT('',#10489);
#10489 = CARTESIAN_POINT('',(14.55,-11.73955758473,21.902754058019));
#10490 = LINE('',#10491,#10492);
#10491 = CARTESIAN_POINT('',(14.55,-11.73955758473,21.402754058019));
#10492 = VECTOR('',#10493,1.);
#10493 = DIRECTION('',(0.,0.,1.));
#10494 = ORIENTED_EDGE('',*,*,#10495,.T.);
#10495 = EDGE_CURVE('',#10486,#10496,#10498,.T.);
#10496 = VERTEX_POINT('',#10497);
#10497 = CARTESIAN_POINT('',(14.55,-11.33955758473,21.402754058019));
#10498 = LINE('',#10499,#10500);
#10499 = CARTESIAN_POINT('',(14.55,-11.73955758473,21.402754058019));
#10500 = VECTOR('',#10501,1.);
#10501 = DIRECTION('',(0.,1.,0.));
#10502 = ORIENTED_EDGE('',*,*,#10503,.T.);
#10503 = EDGE_CURVE('',#10496,#10504,#10506,.T.);
#10504 = VERTEX_POINT('',#10505);
#10505 = CARTESIAN_POINT('',(14.55,-11.33955758473,21.902754058019));
#10506 = LINE('',#10507,#10508);
#10507 = CARTESIAN_POINT('',(14.55,-11.33955758473,21.402754058019));
#10508 = VECTOR('',#10509,1.);
#10509 = DIRECTION('',(0.,0.,1.));
#10510 = ORIENTED_EDGE('',*,*,#10511,.F.);
#10511 = EDGE_CURVE('',#10488,#10504,#10512,.T.);
#10512 = LINE('',#10513,#10514);
#10513 = CARTESIAN_POINT('',(14.55,-11.73955758473,21.902754058019));
#10514 = VECTOR('',#10515,1.);
#10515 = DIRECTION('',(0.,1.,0.));
#10516 = PLANE('',#10517);
#10517 = AXIS2_PLACEMENT_3D('',#10518,#10519,#10520);
#10518 = CARTESIAN_POINT('',(14.55,-11.73955758473,21.402754058019));
#10519 = DIRECTION('',(1.,0.,0.));
#10520 = DIRECTION('',(0.,0.,1.));
#10521 = ADVANCED_FACE('',(#10522),#10538,.F.);
#10522 = FACE_BOUND('',#10523,.F.);
#10523 = EDGE_LOOP('',(#10524,#10530,#10531,#10537));
#10524 = ORIENTED_EDGE('',*,*,#10525,.F.);
#10525 = EDGE_CURVE('',#10446,#10486,#10526,.T.);
#10526 = LINE('',#10527,#10528);
#10527 = CARTESIAN_POINT('',(14.15,-11.73955758473,21.402754058019));
#10528 = VECTOR('',#10529,1.);
#10529 = DIRECTION('',(1.,0.,0.));
#10530 = ORIENTED_EDGE('',*,*,#10445,.T.);
#10531 = ORIENTED_EDGE('',*,*,#10532,.T.);
#10532 = EDGE_CURVE('',#10448,#10488,#10533,.T.);
#10533 = LINE('',#10534,#10535);
#10534 = CARTESIAN_POINT('',(14.15,-11.73955758473,21.902754058019));
#10535 = VECTOR('',#10536,1.);
#10536 = DIRECTION('',(1.,0.,0.));
#10537 = ORIENTED_EDGE('',*,*,#10485,.F.);
#10538 = PLANE('',#10539);
#10539 = AXIS2_PLACEMENT_3D('',#10540,#10541,#10542);
#10540 = CARTESIAN_POINT('',(14.15,-11.73955758473,21.402754058019));
#10541 = DIRECTION('',(0.,1.,0.));
#10542 = DIRECTION('',(0.,0.,1.));
#10543 = ADVANCED_FACE('',(#10544),#10560,.T.);
#10544 = FACE_BOUND('',#10545,.T.);
#10545 = EDGE_LOOP('',(#10546,#10552,#10553,#10559));
#10546 = ORIENTED_EDGE('',*,*,#10547,.F.);
#10547 = EDGE_CURVE('',#10456,#10496,#10548,.T.);
#10548 = LINE('',#10549,#10550);
#10549 = CARTESIAN_POINT('',(14.15,-11.33955758473,21.402754058019));
#10550 = VECTOR('',#10551,1.);
#10551 = DIRECTION('',(1.,0.,0.));
#10552 = ORIENTED_EDGE('',*,*,#10463,.T.);
#10553 = ORIENTED_EDGE('',*,*,#10554,.T.);
#10554 = EDGE_CURVE('',#10464,#10504,#10555,.T.);
#10555 = LINE('',#10556,#10557);
#10556 = CARTESIAN_POINT('',(14.15,-11.33955758473,21.902754058019));
#10557 = VECTOR('',#10558,1.);
#10558 = DIRECTION('',(1.,0.,0.));
#10559 = ORIENTED_EDGE('',*,*,#10503,.F.);
#10560 = PLANE('',#10561);
#10561 = AXIS2_PLACEMENT_3D('',#10562,#10563,#10564);
#10562 = CARTESIAN_POINT('',(14.15,-11.33955758473,21.402754058019));
#10563 = DIRECTION('',(0.,1.,0.));
#10564 = DIRECTION('',(0.,0.,1.));
#10565 = ADVANCED_FACE('',(#10566),#10572,.F.);
#10566 = FACE_BOUND('',#10567,.F.);
#10567 = EDGE_LOOP('',(#10568,#10569,#10570,#10571));
#10568 = ORIENTED_EDGE('',*,*,#10455,.F.);
#10569 = ORIENTED_EDGE('',*,*,#10525,.T.);
#10570 = ORIENTED_EDGE('',*,*,#10495,.T.);
#10571 = ORIENTED_EDGE('',*,*,#10547,.F.);
#10572 = PLANE('',#10573);
#10573 = AXIS2_PLACEMENT_3D('',#10574,#10575,#10576);
#10574 = CARTESIAN_POINT('',(14.15,-11.73955758473,21.402754058019));
#10575 = DIRECTION('',(0.,0.,1.));
#10576 = DIRECTION('',(1.,0.,0.));
#10577 = ADVANCED_FACE('',(#10578),#10584,.T.);
#10578 = FACE_BOUND('',#10579,.T.);
#10579 = EDGE_LOOP('',(#10580,#10581,#10582,#10583));
#10580 = ORIENTED_EDGE('',*,*,#10471,.F.);
#10581 = ORIENTED_EDGE('',*,*,#10532,.T.);
#10582 = ORIENTED_EDGE('',*,*,#10511,.T.);
#10583 = ORIENTED_EDGE('',*,*,#10554,.F.);
#10584 = PLANE('',#10585);
#10585 = AXIS2_PLACEMENT_3D('',#10586,#10587,#10588);
#10586 = CARTESIAN_POINT('',(14.15,-11.73955758473,21.902754058019));
#10587 = DIRECTION('',(0.,0.,1.));
#10588 = DIRECTION('',(1.,0.,0.));
#10589 = MANIFOLD_SOLID_BREP('',#10590);
#10590 = CLOSED_SHELL('',(#10591,#10631,#10671,#10693,#10715,#10727));
#10591 = ADVANCED_FACE('',(#10592),#10626,.F.);
#10592 = FACE_BOUND('',#10593,.F.);
#10593 = EDGE_LOOP('',(#10594,#10604,#10612,#10620));
#10594 = ORIENTED_EDGE('',*,*,#10595,.F.);
#10595 = EDGE_CURVE('',#10596,#10598,#10600,.T.);
#10596 = VERTEX_POINT('',#10597);
#10597 = CARTESIAN_POINT('',(14.15,-11.73955758473,21.002754058019));
#10598 = VERTEX_POINT('',#10599);
#10599 = CARTESIAN_POINT('',(14.15,-11.73955758473,21.402754058019));
#10600 = LINE('',#10601,#10602);
#10601 = CARTESIAN_POINT('',(14.15,-11.73955758473,21.002754058019));
#10602 = VECTOR('',#10603,1.);
#10603 = DIRECTION('',(0.,0.,1.));
#10604 = ORIENTED_EDGE('',*,*,#10605,.T.);
#10605 = EDGE_CURVE('',#10596,#10606,#10608,.T.);
#10606 = VERTEX_POINT('',#10607);
#10607 = CARTESIAN_POINT('',(14.15,-11.33955758473,21.002754058019));
#10608 = LINE('',#10609,#10610);
#10609 = CARTESIAN_POINT('',(14.15,-11.73955758473,21.002754058019));
#10610 = VECTOR('',#10611,1.);
#10611 = DIRECTION('',(0.,1.,0.));
#10612 = ORIENTED_EDGE('',*,*,#10613,.T.);
#10613 = EDGE_CURVE('',#10606,#10614,#10616,.T.);
#10614 = VERTEX_POINT('',#10615);
#10615 = CARTESIAN_POINT('',(14.15,-11.33955758473,21.402754058019));
#10616 = LINE('',#10617,#10618);
#10617 = CARTESIAN_POINT('',(14.15,-11.33955758473,21.002754058019));
#10618 = VECTOR('',#10619,1.);
#10619 = DIRECTION('',(0.,0.,1.));
#10620 = ORIENTED_EDGE('',*,*,#10621,.F.);
#10621 = EDGE_CURVE('',#10598,#10614,#10622,.T.);
#10622 = LINE('',#10623,#10624);
#10623 = CARTESIAN_POINT('',(14.15,-11.73955758473,21.402754058019));
#10624 = VECTOR('',#10625,1.);
#10625 = DIRECTION('',(0.,1.,0.));
#10626 = PLANE('',#10627);
#10627 = AXIS2_PLACEMENT_3D('',#10628,#10629,#10630);
#10628 = CARTESIAN_POINT('',(14.15,-11.73955758473,21.002754058019));
#10629 = DIRECTION('',(1.,0.,0.));
#10630 = DIRECTION('',(0.,0.,1.));
#10631 = ADVANCED_FACE('',(#10632),#10666,.T.);
#10632 = FACE_BOUND('',#10633,.T.);
#10633 = EDGE_LOOP('',(#10634,#10644,#10652,#10660));
#10634 = ORIENTED_EDGE('',*,*,#10635,.F.);
#10635 = EDGE_CURVE('',#10636,#10638,#10640,.T.);
#10636 = VERTEX_POINT('',#10637);
#10637 = CARTESIAN_POINT('',(17.8,-11.73955758473,21.002754058019));
#10638 = VERTEX_POINT('',#10639);
#10639 = CARTESIAN_POINT('',(17.8,-11.73955758473,21.402754058019));
#10640 = LINE('',#10641,#10642);
#10641 = CARTESIAN_POINT('',(17.8,-11.73955758473,21.002754058019));
#10642 = VECTOR('',#10643,1.);
#10643 = DIRECTION('',(0.,0.,1.));
#10644 = ORIENTED_EDGE('',*,*,#10645,.T.);
#10645 = EDGE_CURVE('',#10636,#10646,#10648,.T.);
#10646 = VERTEX_POINT('',#10647);
#10647 = CARTESIAN_POINT('',(17.8,-11.33955758473,21.002754058019));
#10648 = LINE('',#10649,#10650);
#10649 = CARTESIAN_POINT('',(17.8,-11.73955758473,21.002754058019));
#10650 = VECTOR('',#10651,1.);
#10651 = DIRECTION('',(0.,1.,0.));
#10652 = ORIENTED_EDGE('',*,*,#10653,.T.);
#10653 = EDGE_CURVE('',#10646,#10654,#10656,.T.);
#10654 = VERTEX_POINT('',#10655);
#10655 = CARTESIAN_POINT('',(17.8,-11.33955758473,21.402754058019));
#10656 = LINE('',#10657,#10658);
#10657 = CARTESIAN_POINT('',(17.8,-11.33955758473,21.002754058019));
#10658 = VECTOR('',#10659,1.);
#10659 = DIRECTION('',(0.,0.,1.));
#10660 = ORIENTED_EDGE('',*,*,#10661,.F.);
#10661 = EDGE_CURVE('',#10638,#10654,#10662,.T.);
#10662 = LINE('',#10663,#10664);
#10663 = CARTESIAN_POINT('',(17.8,-11.73955758473,21.402754058019));
#10664 = VECTOR('',#10665,1.);
#10665 = DIRECTION('',(0.,1.,0.));
#10666 = PLANE('',#10667);
#10667 = AXIS2_PLACEMENT_3D('',#10668,#10669,#10670);
#10668 = CARTESIAN_POINT('',(17.8,-11.73955758473,21.002754058019));
#10669 = DIRECTION('',(1.,0.,0.));
#10670 = DIRECTION('',(0.,0.,1.));
#10671 = ADVANCED_FACE('',(#10672),#10688,.F.);
#10672 = FACE_BOUND('',#10673,.F.);
#10673 = EDGE_LOOP('',(#10674,#10680,#10681,#10687));
#10674 = ORIENTED_EDGE('',*,*,#10675,.F.);
#10675 = EDGE_CURVE('',#10596,#10636,#10676,.T.);
#10676 = LINE('',#10677,#10678);
#10677 = CARTESIAN_POINT('',(14.15,-11.73955758473,21.002754058019));
#10678 = VECTOR('',#10679,1.);
#10679 = DIRECTION('',(1.,0.,0.));
#10680 = ORIENTED_EDGE('',*,*,#10595,.T.);
#10681 = ORIENTED_EDGE('',*,*,#10682,.T.);
#10682 = EDGE_CURVE('',#10598,#10638,#10683,.T.);
#10683 = LINE('',#10684,#10685);
#10684 = CARTESIAN_POINT('',(14.15,-11.73955758473,21.402754058019));
#10685 = VECTOR('',#10686,1.);
#10686 = DIRECTION('',(1.,0.,0.));
#10687 = ORIENTED_EDGE('',*,*,#10635,.F.);
#10688 = PLANE('',#10689);
#10689 = AXIS2_PLACEMENT_3D('',#10690,#10691,#10692);
#10690 = CARTESIAN_POINT('',(14.15,-11.73955758473,21.002754058019));
#10691 = DIRECTION('',(0.,1.,0.));
#10692 = DIRECTION('',(0.,0.,1.));
#10693 = ADVANCED_FACE('',(#10694),#10710,.T.);
#10694 = FACE_BOUND('',#10695,.T.);
#10695 = EDGE_LOOP('',(#10696,#10702,#10703,#10709));
#10696 = ORIENTED_EDGE('',*,*,#10697,.F.);
#10697 = EDGE_CURVE('',#10606,#10646,#10698,.T.);
#10698 = LINE('',#10699,#10700);
#10699 = CARTESIAN_POINT('',(14.15,-11.33955758473,21.002754058019));
#10700 = VECTOR('',#10701,1.);
#10701 = DIRECTION('',(1.,0.,0.));
#10702 = ORIENTED_EDGE('',*,*,#10613,.T.);
#10703 = ORIENTED_EDGE('',*,*,#10704,.T.);
#10704 = EDGE_CURVE('',#10614,#10654,#10705,.T.);
#10705 = LINE('',#10706,#10707);
#10706 = CARTESIAN_POINT('',(14.15,-11.33955758473,21.402754058019));
#10707 = VECTOR('',#10708,1.);
#10708 = DIRECTION('',(1.,0.,0.));
#10709 = ORIENTED_EDGE('',*,*,#10653,.F.);
#10710 = PLANE('',#10711);
#10711 = AXIS2_PLACEMENT_3D('',#10712,#10713,#10714);
#10712 = CARTESIAN_POINT('',(14.15,-11.33955758473,21.002754058019));
#10713 = DIRECTION('',(0.,1.,0.));
#10714 = DIRECTION('',(0.,0.,1.));
#10715 = ADVANCED_FACE('',(#10716),#10722,.F.);
#10716 = FACE_BOUND('',#10717,.F.);
#10717 = EDGE_LOOP('',(#10718,#10719,#10720,#10721));
#10718 = ORIENTED_EDGE('',*,*,#10605,.F.);
#10719 = ORIENTED_EDGE('',*,*,#10675,.T.);
#10720 = ORIENTED_EDGE('',*,*,#10645,.T.);
#10721 = ORIENTED_EDGE('',*,*,#10697,.F.);
#10722 = PLANE('',#10723);
#10723 = AXIS2_PLACEMENT_3D('',#10724,#10725,#10726);
#10724 = CARTESIAN_POINT('',(14.15,-11.73955758473,21.002754058019));
#10725 = DIRECTION('',(0.,0.,1.));
#10726 = DIRECTION('',(1.,0.,0.));
#10727 = ADVANCED_FACE('',(#10728),#10734,.T.);
#10728 = FACE_BOUND('',#10729,.T.);
#10729 = EDGE_LOOP('',(#10730,#10731,#10732,#10733));
#10730 = ORIENTED_EDGE('',*,*,#10621,.F.);
#10731 = ORIENTED_EDGE('',*,*,#10682,.T.);
#10732 = ORIENTED_EDGE('',*,*,#10661,.T.);
#10733 = ORIENTED_EDGE('',*,*,#10704,.F.);
#10734 = PLANE('',#10735);
#10735 = AXIS2_PLACEMENT_3D('',#10736,#10737,#10738);
#10736 = CARTESIAN_POINT('',(14.15,-11.73955758473,21.402754058019));
#10737 = DIRECTION('',(0.,0.,1.));
#10738 = DIRECTION('',(1.,0.,0.));
#10739 = MANIFOLD_SOLID_BREP('',#10740);
#10740 = CLOSED_SHELL('',(#10741,#10781,#10821,#10843,#10865,#10877));
#10741 = ADVANCED_FACE('',(#10742),#10776,.F.);
#10742 = FACE_BOUND('',#10743,.F.);
#10743 = EDGE_LOOP('',(#10744,#10754,#10762,#10770));
#10744 = ORIENTED_EDGE('',*,*,#10745,.F.);
#10745 = EDGE_CURVE('',#10746,#10748,#10750,.T.);
#10746 = VERTEX_POINT('',#10747);
#10747 = CARTESIAN_POINT('',(14.15,-10.46955758473,21.402754058019));
#10748 = VERTEX_POINT('',#10749);
#10749 = CARTESIAN_POINT('',(14.15,-10.46955758473,21.902754058019));
#10750 = LINE('',#10751,#10752);
#10751 = CARTESIAN_POINT('',(14.15,-10.46955758473,21.402754058019));
#10752 = VECTOR('',#10753,1.);
#10753 = DIRECTION('',(0.,0.,1.));
#10754 = ORIENTED_EDGE('',*,*,#10755,.T.);
#10755 = EDGE_CURVE('',#10746,#10756,#10758,.T.);
#10756 = VERTEX_POINT('',#10757);
#10757 = CARTESIAN_POINT('',(14.15,-10.06955758473,21.402754058019));
#10758 = LINE('',#10759,#10760);
#10759 = CARTESIAN_POINT('',(14.15,-10.46955758473,21.402754058019));
#10760 = VECTOR('',#10761,1.);
#10761 = DIRECTION('',(0.,1.,0.));
#10762 = ORIENTED_EDGE('',*,*,#10763,.T.);
#10763 = EDGE_CURVE('',#10756,#10764,#10766,.T.);
#10764 = VERTEX_POINT('',#10765);
#10765 = CARTESIAN_POINT('',(14.15,-10.06955758473,21.902754058019));
#10766 = LINE('',#10767,#10768);
#10767 = CARTESIAN_POINT('',(14.15,-10.06955758473,21.402754058019));
#10768 = VECTOR('',#10769,1.);
#10769 = DIRECTION('',(0.,0.,1.));
#10770 = ORIENTED_EDGE('',*,*,#10771,.F.);
#10771 = EDGE_CURVE('',#10748,#10764,#10772,.T.);
#10772 = LINE('',#10773,#10774);
#10773 = CARTESIAN_POINT('',(14.15,-10.46955758473,21.902754058019));
#10774 = VECTOR('',#10775,1.);
#10775 = DIRECTION('',(0.,1.,0.));
#10776 = PLANE('',#10777);
#10777 = AXIS2_PLACEMENT_3D('',#10778,#10779,#10780);
#10778 = CARTESIAN_POINT('',(14.15,-10.46955758473,21.402754058019));
#10779 = DIRECTION('',(1.,0.,0.));
#10780 = DIRECTION('',(0.,0.,1.));
#10781 = ADVANCED_FACE('',(#10782),#10816,.T.);
#10782 = FACE_BOUND('',#10783,.T.);
#10783 = EDGE_LOOP('',(#10784,#10794,#10802,#10810));
#10784 = ORIENTED_EDGE('',*,*,#10785,.F.);
#10785 = EDGE_CURVE('',#10786,#10788,#10790,.T.);
#10786 = VERTEX_POINT('',#10787);
#10787 = CARTESIAN_POINT('',(14.55,-10.46955758473,21.402754058019));
#10788 = VERTEX_POINT('',#10789);
#10789 = CARTESIAN_POINT('',(14.55,-10.46955758473,21.902754058019));
#10790 = LINE('',#10791,#10792);
#10791 = CARTESIAN_POINT('',(14.55,-10.46955758473,21.402754058019));
#10792 = VECTOR('',#10793,1.);
#10793 = DIRECTION('',(0.,0.,1.));
#10794 = ORIENTED_EDGE('',*,*,#10795,.T.);
#10795 = EDGE_CURVE('',#10786,#10796,#10798,.T.);
#10796 = VERTEX_POINT('',#10797);
#10797 = CARTESIAN_POINT('',(14.55,-10.06955758473,21.402754058019));
#10798 = LINE('',#10799,#10800);
#10799 = CARTESIAN_POINT('',(14.55,-10.46955758473,21.402754058019));
#10800 = VECTOR('',#10801,1.);
#10801 = DIRECTION('',(0.,1.,0.));
#10802 = ORIENTED_EDGE('',*,*,#10803,.T.);
#10803 = EDGE_CURVE('',#10796,#10804,#10806,.T.);
#10804 = VERTEX_POINT('',#10805);
#10805 = CARTESIAN_POINT('',(14.55,-10.06955758473,21.902754058019));
#10806 = LINE('',#10807,#10808);
#10807 = CARTESIAN_POINT('',(14.55,-10.06955758473,21.402754058019));
#10808 = VECTOR('',#10809,1.);
#10809 = DIRECTION('',(0.,0.,1.));
#10810 = ORIENTED_EDGE('',*,*,#10811,.F.);
#10811 = EDGE_CURVE('',#10788,#10804,#10812,.T.);
#10812 = LINE('',#10813,#10814);
#10813 = CARTESIAN_POINT('',(14.55,-10.46955758473,21.902754058019));
#10814 = VECTOR('',#10815,1.);
#10815 = DIRECTION('',(0.,1.,0.));
#10816 = PLANE('',#10817);
#10817 = AXIS2_PLACEMENT_3D('',#10818,#10819,#10820);
#10818 = CARTESIAN_POINT('',(14.55,-10.46955758473,21.402754058019));
#10819 = DIRECTION('',(1.,0.,0.));
#10820 = DIRECTION('',(0.,0.,1.));
#10821 = ADVANCED_FACE('',(#10822),#10838,.F.);
#10822 = FACE_BOUND('',#10823,.F.);
#10823 = EDGE_LOOP('',(#10824,#10830,#10831,#10837));
#10824 = ORIENTED_EDGE('',*,*,#10825,.F.);
#10825 = EDGE_CURVE('',#10746,#10786,#10826,.T.);
#10826 = LINE('',#10827,#10828);
#10827 = CARTESIAN_POINT('',(14.15,-10.46955758473,21.402754058019));
#10828 = VECTOR('',#10829,1.);
#10829 = DIRECTION('',(1.,0.,0.));
#10830 = ORIENTED_EDGE('',*,*,#10745,.T.);
#10831 = ORIENTED_EDGE('',*,*,#10832,.T.);
#10832 = EDGE_CURVE('',#10748,#10788,#10833,.T.);
#10833 = LINE('',#10834,#10835);
#10834 = CARTESIAN_POINT('',(14.15,-10.46955758473,21.902754058019));
#10835 = VECTOR('',#10836,1.);
#10836 = DIRECTION('',(1.,0.,0.));
#10837 = ORIENTED_EDGE('',*,*,#10785,.F.);
#10838 = PLANE('',#10839);
#10839 = AXIS2_PLACEMENT_3D('',#10840,#10841,#10842);
#10840 = CARTESIAN_POINT('',(14.15,-10.46955758473,21.402754058019));
#10841 = DIRECTION('',(0.,1.,0.));
#10842 = DIRECTION('',(0.,0.,1.));
#10843 = ADVANCED_FACE('',(#10844),#10860,.T.);
#10844 = FACE_BOUND('',#10845,.T.);
#10845 = EDGE_LOOP('',(#10846,#10852,#10853,#10859));
#10846 = ORIENTED_EDGE('',*,*,#10847,.F.);
#10847 = EDGE_CURVE('',#10756,#10796,#10848,.T.);
#10848 = LINE('',#10849,#10850);
#10849 = CARTESIAN_POINT('',(14.15,-10.06955758473,21.402754058019));
#10850 = VECTOR('',#10851,1.);
#10851 = DIRECTION('',(1.,0.,0.));
#10852 = ORIENTED_EDGE('',*,*,#10763,.T.);
#10853 = ORIENTED_EDGE('',*,*,#10854,.T.);
#10854 = EDGE_CURVE('',#10764,#10804,#10855,.T.);
#10855 = LINE('',#10856,#10857);
#10856 = CARTESIAN_POINT('',(14.15,-10.06955758473,21.902754058019));
#10857 = VECTOR('',#10858,1.);
#10858 = DIRECTION('',(1.,0.,0.));
#10859 = ORIENTED_EDGE('',*,*,#10803,.F.);
#10860 = PLANE('',#10861);
#10861 = AXIS2_PLACEMENT_3D('',#10862,#10863,#10864);
#10862 = CARTESIAN_POINT('',(14.15,-10.06955758473,21.402754058019));
#10863 = DIRECTION('',(0.,1.,0.));
#10864 = DIRECTION('',(0.,0.,1.));
#10865 = ADVANCED_FACE('',(#10866),#10872,.F.);
#10866 = FACE_BOUND('',#10867,.F.);
#10867 = EDGE_LOOP('',(#10868,#10869,#10870,#10871));
#10868 = ORIENTED_EDGE('',*,*,#10755,.F.);
#10869 = ORIENTED_EDGE('',*,*,#10825,.T.);
#10870 = ORIENTED_EDGE('',*,*,#10795,.T.);
#10871 = ORIENTED_EDGE('',*,*,#10847,.F.);
#10872 = PLANE('',#10873);
#10873 = AXIS2_PLACEMENT_3D('',#10874,#10875,#10876);
#10874 = CARTESIAN_POINT('',(14.15,-10.46955758473,21.402754058019));
#10875 = DIRECTION('',(0.,0.,1.));
#10876 = DIRECTION('',(1.,0.,0.));
#10877 = ADVANCED_FACE('',(#10878),#10884,.T.);
#10878 = FACE_BOUND('',#10879,.T.);
#10879 = EDGE_LOOP('',(#10880,#10881,#10882,#10883));
#10880 = ORIENTED_EDGE('',*,*,#10771,.F.);
#10881 = ORIENTED_EDGE('',*,*,#10832,.T.);
#10882 = ORIENTED_EDGE('',*,*,#10811,.T.);
#10883 = ORIENTED_EDGE('',*,*,#10854,.F.);
#10884 = PLANE('',#10885);
#10885 = AXIS2_PLACEMENT_3D('',#10886,#10887,#10888);
#10886 = CARTESIAN_POINT('',(14.15,-10.46955758473,21.902754058019));
#10887 = DIRECTION('',(0.,0.,1.));
#10888 = DIRECTION('',(1.,0.,0.));
#10889 = MANIFOLD_SOLID_BREP('',#10890);
#10890 = CLOSED_SHELL('',(#10891,#10931,#10971,#10993,#11015,#11027));
#10891 = ADVANCED_FACE('',(#10892),#10926,.F.);
#10892 = FACE_BOUND('',#10893,.F.);
#10893 = EDGE_LOOP('',(#10894,#10904,#10912,#10920));
#10894 = ORIENTED_EDGE('',*,*,#10895,.F.);
#10895 = EDGE_CURVE('',#10896,#10898,#10900,.T.);
#10896 = VERTEX_POINT('',#10897);
#10897 = CARTESIAN_POINT('',(14.15,-10.46955758473,21.002754058019));
#10898 = VERTEX_POINT('',#10899);
#10899 = CARTESIAN_POINT('',(14.15,-10.46955758473,21.402754058019));
#10900 = LINE('',#10901,#10902);
#10901 = CARTESIAN_POINT('',(14.15,-10.46955758473,21.002754058019));
#10902 = VECTOR('',#10903,1.);
#10903 = DIRECTION('',(0.,0.,1.));
#10904 = ORIENTED_EDGE('',*,*,#10905,.T.);
#10905 = EDGE_CURVE('',#10896,#10906,#10908,.T.);
#10906 = VERTEX_POINT('',#10907);
#10907 = CARTESIAN_POINT('',(14.15,-10.06955758473,21.002754058019));
#10908 = LINE('',#10909,#10910);
#10909 = CARTESIAN_POINT('',(14.15,-10.46955758473,21.002754058019));
#10910 = VECTOR('',#10911,1.);
#10911 = DIRECTION('',(0.,1.,0.));
#10912 = ORIENTED_EDGE('',*,*,#10913,.T.);
#10913 = EDGE_CURVE('',#10906,#10914,#10916,.T.);
#10914 = VERTEX_POINT('',#10915);
#10915 = CARTESIAN_POINT('',(14.15,-10.06955758473,21.402754058019));
#10916 = LINE('',#10917,#10918);
#10917 = CARTESIAN_POINT('',(14.15,-10.06955758473,21.002754058019));
#10918 = VECTOR('',#10919,1.);
#10919 = DIRECTION('',(0.,0.,1.));
#10920 = ORIENTED_EDGE('',*,*,#10921,.F.);
#10921 = EDGE_CURVE('',#10898,#10914,#10922,.T.);
#10922 = LINE('',#10923,#10924);
#10923 = CARTESIAN_POINT('',(14.15,-10.46955758473,21.402754058019));
#10924 = VECTOR('',#10925,1.);
#10925 = DIRECTION('',(0.,1.,0.));
#10926 = PLANE('',#10927);
#10927 = AXIS2_PLACEMENT_3D('',#10928,#10929,#10930);
#10928 = CARTESIAN_POINT('',(14.15,-10.46955758473,21.002754058019));
#10929 = DIRECTION('',(1.,0.,0.));
#10930 = DIRECTION('',(0.,0.,1.));
#10931 = ADVANCED_FACE('',(#10932),#10966,.T.);
#10932 = FACE_BOUND('',#10933,.T.);
#10933 = EDGE_LOOP('',(#10934,#10944,#10952,#10960));
#10934 = ORIENTED_EDGE('',*,*,#10935,.F.);
#10935 = EDGE_CURVE('',#10936,#10938,#10940,.T.);
#10936 = VERTEX_POINT('',#10937);
#10937 = CARTESIAN_POINT('',(17.8,-10.46955758473,21.002754058019));
#10938 = VERTEX_POINT('',#10939);
#10939 = CARTESIAN_POINT('',(17.8,-10.46955758473,21.402754058019));
#10940 = LINE('',#10941,#10942);
#10941 = CARTESIAN_POINT('',(17.8,-10.46955758473,21.002754058019));
#10942 = VECTOR('',#10943,1.);
#10943 = DIRECTION('',(0.,0.,1.));
#10944 = ORIENTED_EDGE('',*,*,#10945,.T.);
#10945 = EDGE_CURVE('',#10936,#10946,#10948,.T.);
#10946 = VERTEX_POINT('',#10947);
#10947 = CARTESIAN_POINT('',(17.8,-10.06955758473,21.002754058019));
#10948 = LINE('',#10949,#10950);
#10949 = CARTESIAN_POINT('',(17.8,-10.46955758473,21.002754058019));
#10950 = VECTOR('',#10951,1.);
#10951 = DIRECTION('',(0.,1.,0.));
#10952 = ORIENTED_EDGE('',*,*,#10953,.T.);
#10953 = EDGE_CURVE('',#10946,#10954,#10956,.T.);
#10954 = VERTEX_POINT('',#10955);
#10955 = CARTESIAN_POINT('',(17.8,-10.06955758473,21.402754058019));
#10956 = LINE('',#10957,#10958);
#10957 = CARTESIAN_POINT('',(17.8,-10.06955758473,21.002754058019));
#10958 = VECTOR('',#10959,1.);
#10959 = DIRECTION('',(0.,0.,1.));
#10960 = ORIENTED_EDGE('',*,*,#10961,.F.);
#10961 = EDGE_CURVE('',#10938,#10954,#10962,.T.);
#10962 = LINE('',#10963,#10964);
#10963 = CARTESIAN_POINT('',(17.8,-10.46955758473,21.402754058019));
#10964 = VECTOR('',#10965,1.);
#10965 = DIRECTION('',(0.,1.,0.));
#10966 = PLANE('',#10967);
#10967 = AXIS2_PLACEMENT_3D('',#10968,#10969,#10970);
#10968 = CARTESIAN_POINT('',(17.8,-10.46955758473,21.002754058019));
#10969 = DIRECTION('',(1.,0.,0.));
#10970 = DIRECTION('',(0.,0.,1.));
#10971 = ADVANCED_FACE('',(#10972),#10988,.F.);
#10972 = FACE_BOUND('',#10973,.F.);
#10973 = EDGE_LOOP('',(#10974,#10980,#10981,#10987));
#10974 = ORIENTED_EDGE('',*,*,#10975,.F.);
#10975 = EDGE_CURVE('',#10896,#10936,#10976,.T.);
#10976 = LINE('',#10977,#10978);
#10977 = CARTESIAN_POINT('',(14.15,-10.46955758473,21.002754058019));
#10978 = VECTOR('',#10979,1.);
#10979 = DIRECTION('',(1.,0.,0.));
#10980 = ORIENTED_EDGE('',*,*,#10895,.T.);
#10981 = ORIENTED_EDGE('',*,*,#10982,.T.);
#10982 = EDGE_CURVE('',#10898,#10938,#10983,.T.);
#10983 = LINE('',#10984,#10985);
#10984 = CARTESIAN_POINT('',(14.15,-10.46955758473,21.402754058019));
#10985 = VECTOR('',#10986,1.);
#10986 = DIRECTION('',(1.,0.,0.));
#10987 = ORIENTED_EDGE('',*,*,#10935,.F.);
#10988 = PLANE('',#10989);
#10989 = AXIS2_PLACEMENT_3D('',#10990,#10991,#10992);
#10990 = CARTESIAN_POINT('',(14.15,-10.46955758473,21.002754058019));
#10991 = DIRECTION('',(0.,1.,0.));
#10992 = DIRECTION('',(0.,0.,1.));
#10993 = ADVANCED_FACE('',(#10994),#11010,.T.);
#10994 = FACE_BOUND('',#10995,.T.);
#10995 = EDGE_LOOP('',(#10996,#11002,#11003,#11009));
#10996 = ORIENTED_EDGE('',*,*,#10997,.F.);
#10997 = EDGE_CURVE('',#10906,#10946,#10998,.T.);
#10998 = LINE('',#10999,#11000);
#10999 = CARTESIAN_POINT('',(14.15,-10.06955758473,21.002754058019));
#11000 = VECTOR('',#11001,1.);
#11001 = DIRECTION('',(1.,0.,0.));
#11002 = ORIENTED_EDGE('',*,*,#10913,.T.);
#11003 = ORIENTED_EDGE('',*,*,#11004,.T.);
#11004 = EDGE_CURVE('',#10914,#10954,#11005,.T.);
#11005 = LINE('',#11006,#11007);
#11006 = CARTESIAN_POINT('',(14.15,-10.06955758473,21.402754058019));
#11007 = VECTOR('',#11008,1.);
#11008 = DIRECTION('',(1.,0.,0.));
#11009 = ORIENTED_EDGE('',*,*,#10953,.F.);
#11010 = PLANE('',#11011);
#11011 = AXIS2_PLACEMENT_3D('',#11012,#11013,#11014);
#11012 = CARTESIAN_POINT('',(14.15,-10.06955758473,21.002754058019));
#11013 = DIRECTION('',(0.,1.,0.));
#11014 = DIRECTION('',(0.,0.,1.));
#11015 = ADVANCED_FACE('',(#11016),#11022,.F.);
#11016 = FACE_BOUND('',#11017,.F.);
#11017 = EDGE_LOOP('',(#11018,#11019,#11020,#11021));
#11018 = ORIENTED_EDGE('',*,*,#10905,.F.);
#11019 = ORIENTED_EDGE('',*,*,#10975,.T.);
#11020 = ORIENTED_EDGE('',*,*,#10945,.T.);
#11021 = ORIENTED_EDGE('',*,*,#10997,.F.);
#11022 = PLANE('',#11023);
#11023 = AXIS2_PLACEMENT_3D('',#11024,#11025,#11026);
#11024 = CARTESIAN_POINT('',(14.15,-10.46955758473,21.002754058019));
#11025 = DIRECTION('',(0.,0.,1.));
#11026 = DIRECTION('',(1.,0.,0.));
#11027 = ADVANCED_FACE('',(#11028),#11034,.T.);
#11028 = FACE_BOUND('',#11029,.T.);
#11029 = EDGE_LOOP('',(#11030,#11031,#11032,#11033));
#11030 = ORIENTED_EDGE('',*,*,#10921,.F.);
#11031 = ORIENTED_EDGE('',*,*,#10982,.T.);
#11032 = ORIENTED_EDGE('',*,*,#10961,.T.);
#11033 = ORIENTED_EDGE('',*,*,#11004,.F.);
#11034 = PLANE('',#11035);
#11035 = AXIS2_PLACEMENT_3D('',#11036,#11037,#11038);
#11036 = CARTESIAN_POINT('',(14.15,-10.46955758473,21.402754058019));
#11037 = DIRECTION('',(0.,0.,1.));
#11038 = DIRECTION('',(1.,0.,0.));
#11039 = MANIFOLD_SOLID_BREP('',#11040);
#11040 = CLOSED_SHELL('',(#11041,#11081,#11121,#11143,#11165,#11177));
#11041 = ADVANCED_FACE('',(#11042),#11076,.F.);
#11042 = FACE_BOUND('',#11043,.F.);
#11043 = EDGE_LOOP('',(#11044,#11054,#11062,#11070));
#11044 = ORIENTED_EDGE('',*,*,#11045,.F.);
#11045 = EDGE_CURVE('',#11046,#11048,#11050,.T.);
#11046 = VERTEX_POINT('',#11047);
#11047 = CARTESIAN_POINT('',(14.15,-9.199557584734,21.402754058019));
#11048 = VERTEX_POINT('',#11049);
#11049 = CARTESIAN_POINT('',(14.15,-9.199557584734,21.902754058019));
#11050 = LINE('',#11051,#11052);
#11051 = CARTESIAN_POINT('',(14.15,-9.199557584734,21.402754058019));
#11052 = VECTOR('',#11053,1.);
#11053 = DIRECTION('',(0.,0.,1.));
#11054 = ORIENTED_EDGE('',*,*,#11055,.T.);
#11055 = EDGE_CURVE('',#11046,#11056,#11058,.T.);
#11056 = VERTEX_POINT('',#11057);
#11057 = CARTESIAN_POINT('',(14.15,-8.799557584734,21.402754058019));
#11058 = LINE('',#11059,#11060);
#11059 = CARTESIAN_POINT('',(14.15,-9.199557584734,21.402754058019));
#11060 = VECTOR('',#11061,1.);
#11061 = DIRECTION('',(0.,1.,0.));
#11062 = ORIENTED_EDGE('',*,*,#11063,.T.);
#11063 = EDGE_CURVE('',#11056,#11064,#11066,.T.);
#11064 = VERTEX_POINT('',#11065);
#11065 = CARTESIAN_POINT('',(14.15,-8.799557584734,21.902754058019));
#11066 = LINE('',#11067,#11068);
#11067 = CARTESIAN_POINT('',(14.15,-8.799557584734,21.402754058019));
#11068 = VECTOR('',#11069,1.);
#11069 = DIRECTION('',(0.,0.,1.));
#11070 = ORIENTED_EDGE('',*,*,#11071,.F.);
#11071 = EDGE_CURVE('',#11048,#11064,#11072,.T.);
#11072 = LINE('',#11073,#11074);
#11073 = CARTESIAN_POINT('',(14.15,-9.199557584734,21.902754058019));
#11074 = VECTOR('',#11075,1.);
#11075 = DIRECTION('',(0.,1.,0.));
#11076 = PLANE('',#11077);
#11077 = AXIS2_PLACEMENT_3D('',#11078,#11079,#11080);
#11078 = CARTESIAN_POINT('',(14.15,-9.199557584734,21.402754058019));
#11079 = DIRECTION('',(1.,0.,0.));
#11080 = DIRECTION('',(0.,0.,1.));
#11081 = ADVANCED_FACE('',(#11082),#11116,.T.);
#11082 = FACE_BOUND('',#11083,.T.);
#11083 = EDGE_LOOP('',(#11084,#11094,#11102,#11110));
#11084 = ORIENTED_EDGE('',*,*,#11085,.F.);
#11085 = EDGE_CURVE('',#11086,#11088,#11090,.T.);
#11086 = VERTEX_POINT('',#11087);
#11087 = CARTESIAN_POINT('',(14.55,-9.199557584734,21.402754058019));
#11088 = VERTEX_POINT('',#11089);
#11089 = CARTESIAN_POINT('',(14.55,-9.199557584734,21.902754058019));
#11090 = LINE('',#11091,#11092);
#11091 = CARTESIAN_POINT('',(14.55,-9.199557584734,21.402754058019));
#11092 = VECTOR('',#11093,1.);
#11093 = DIRECTION('',(0.,0.,1.));
#11094 = ORIENTED_EDGE('',*,*,#11095,.T.);
#11095 = EDGE_CURVE('',#11086,#11096,#11098,.T.);
#11096 = VERTEX_POINT('',#11097);
#11097 = CARTESIAN_POINT('',(14.55,-8.799557584734,21.402754058019));
#11098 = LINE('',#11099,#11100);
#11099 = CARTESIAN_POINT('',(14.55,-9.199557584734,21.402754058019));
#11100 = VECTOR('',#11101,1.);
#11101 = DIRECTION('',(0.,1.,0.));
#11102 = ORIENTED_EDGE('',*,*,#11103,.T.);
#11103 = EDGE_CURVE('',#11096,#11104,#11106,.T.);
#11104 = VERTEX_POINT('',#11105);
#11105 = CARTESIAN_POINT('',(14.55,-8.799557584734,21.902754058019));
#11106 = LINE('',#11107,#11108);
#11107 = CARTESIAN_POINT('',(14.55,-8.799557584734,21.402754058019));
#11108 = VECTOR('',#11109,1.);
#11109 = DIRECTION('',(0.,0.,1.));
#11110 = ORIENTED_EDGE('',*,*,#11111,.F.);
#11111 = EDGE_CURVE('',#11088,#11104,#11112,.T.);
#11112 = LINE('',#11113,#11114);
#11113 = CARTESIAN_POINT('',(14.55,-9.199557584734,21.902754058019));
#11114 = VECTOR('',#11115,1.);
#11115 = DIRECTION('',(0.,1.,0.));
#11116 = PLANE('',#11117);
#11117 = AXIS2_PLACEMENT_3D('',#11118,#11119,#11120);
#11118 = CARTESIAN_POINT('',(14.55,-9.199557584734,21.402754058019));
#11119 = DIRECTION('',(1.,0.,0.));
#11120 = DIRECTION('',(0.,0.,1.));
#11121 = ADVANCED_FACE('',(#11122),#11138,.F.);
#11122 = FACE_BOUND('',#11123,.F.);
#11123 = EDGE_LOOP('',(#11124,#11130,#11131,#11137));
#11124 = ORIENTED_EDGE('',*,*,#11125,.F.);
#11125 = EDGE_CURVE('',#11046,#11086,#11126,.T.);
#11126 = LINE('',#11127,#11128);
#11127 = CARTESIAN_POINT('',(14.15,-9.199557584734,21.402754058019));
#11128 = VECTOR('',#11129,1.);
#11129 = DIRECTION('',(1.,0.,0.));
#11130 = ORIENTED_EDGE('',*,*,#11045,.T.);
#11131 = ORIENTED_EDGE('',*,*,#11132,.T.);
#11132 = EDGE_CURVE('',#11048,#11088,#11133,.T.);
#11133 = LINE('',#11134,#11135);
#11134 = CARTESIAN_POINT('',(14.15,-9.199557584734,21.902754058019));
#11135 = VECTOR('',#11136,1.);
#11136 = DIRECTION('',(1.,0.,0.));
#11137 = ORIENTED_EDGE('',*,*,#11085,.F.);
#11138 = PLANE('',#11139);
#11139 = AXIS2_PLACEMENT_3D('',#11140,#11141,#11142);
#11140 = CARTESIAN_POINT('',(14.15,-9.199557584734,21.402754058019));
#11141 = DIRECTION('',(0.,1.,0.));
#11142 = DIRECTION('',(0.,0.,1.));
#11143 = ADVANCED_FACE('',(#11144),#11160,.T.);
#11144 = FACE_BOUND('',#11145,.T.);
#11145 = EDGE_LOOP('',(#11146,#11152,#11153,#11159));
#11146 = ORIENTED_EDGE('',*,*,#11147,.F.);
#11147 = EDGE_CURVE('',#11056,#11096,#11148,.T.);
#11148 = LINE('',#11149,#11150);
#11149 = CARTESIAN_POINT('',(14.15,-8.799557584734,21.402754058019));
#11150 = VECTOR('',#11151,1.);
#11151 = DIRECTION('',(1.,0.,0.));
#11152 = ORIENTED_EDGE('',*,*,#11063,.T.);
#11153 = ORIENTED_EDGE('',*,*,#11154,.T.);
#11154 = EDGE_CURVE('',#11064,#11104,#11155,.T.);
#11155 = LINE('',#11156,#11157);
#11156 = CARTESIAN_POINT('',(14.15,-8.799557584734,21.902754058019));
#11157 = VECTOR('',#11158,1.);
#11158 = DIRECTION('',(1.,0.,0.));
#11159 = ORIENTED_EDGE('',*,*,#11103,.F.);
#11160 = PLANE('',#11161);
#11161 = AXIS2_PLACEMENT_3D('',#11162,#11163,#11164);
#11162 = CARTESIAN_POINT('',(14.15,-8.799557584734,21.402754058019));
#11163 = DIRECTION('',(0.,1.,0.));
#11164 = DIRECTION('',(0.,0.,1.));
#11165 = ADVANCED_FACE('',(#11166),#11172,.F.);
#11166 = FACE_BOUND('',#11167,.F.);
#11167 = EDGE_LOOP('',(#11168,#11169,#11170,#11171));
#11168 = ORIENTED_EDGE('',*,*,#11055,.F.);
#11169 = ORIENTED_EDGE('',*,*,#11125,.T.);
#11170 = ORIENTED_EDGE('',*,*,#11095,.T.);
#11171 = ORIENTED_EDGE('',*,*,#11147,.F.);
#11172 = PLANE('',#11173);
#11173 = AXIS2_PLACEMENT_3D('',#11174,#11175,#11176);
#11174 = CARTESIAN_POINT('',(14.15,-9.199557584734,21.402754058019));
#11175 = DIRECTION('',(0.,0.,1.));
#11176 = DIRECTION('',(1.,0.,0.));
#11177 = ADVANCED_FACE('',(#11178),#11184,.T.);
#11178 = FACE_BOUND('',#11179,.T.);
#11179 = EDGE_LOOP('',(#11180,#11181,#11182,#11183));
#11180 = ORIENTED_EDGE('',*,*,#11071,.F.);
#11181 = ORIENTED_EDGE('',*,*,#11132,.T.);
#11182 = ORIENTED_EDGE('',*,*,#11111,.T.);
#11183 = ORIENTED_EDGE('',*,*,#11154,.F.);
#11184 = PLANE('',#11185);
#11185 = AXIS2_PLACEMENT_3D('',#11186,#11187,#11188);
#11186 = CARTESIAN_POINT('',(14.15,-9.199557584734,21.902754058019));
#11187 = DIRECTION('',(0.,0.,1.));
#11188 = DIRECTION('',(1.,0.,0.));
#11189 = MANIFOLD_SOLID_BREP('',#11190);
#11190 = CLOSED_SHELL('',(#11191,#11231,#11271,#11293,#11315,#11327));
#11191 = ADVANCED_FACE('',(#11192),#11226,.F.);
#11192 = FACE_BOUND('',#11193,.F.);
#11193 = EDGE_LOOP('',(#11194,#11204,#11212,#11220));
#11194 = ORIENTED_EDGE('',*,*,#11195,.F.);
#11195 = EDGE_CURVE('',#11196,#11198,#11200,.T.);
#11196 = VERTEX_POINT('',#11197);
#11197 = CARTESIAN_POINT('',(14.15,-9.199557584734,21.002754058019));
#11198 = VERTEX_POINT('',#11199);
#11199 = CARTESIAN_POINT('',(14.15,-9.199557584734,21.402754058019));
#11200 = LINE('',#11201,#11202);
#11201 = CARTESIAN_POINT('',(14.15,-9.199557584734,21.002754058019));
#11202 = VECTOR('',#11203,1.);
#11203 = DIRECTION('',(0.,0.,1.));
#11204 = ORIENTED_EDGE('',*,*,#11205,.T.);
#11205 = EDGE_CURVE('',#11196,#11206,#11208,.T.);
#11206 = VERTEX_POINT('',#11207);
#11207 = CARTESIAN_POINT('',(14.15,-8.799557584734,21.002754058019));
#11208 = LINE('',#11209,#11210);
#11209 = CARTESIAN_POINT('',(14.15,-9.199557584734,21.002754058019));
#11210 = VECTOR('',#11211,1.);
#11211 = DIRECTION('',(0.,1.,0.));
#11212 = ORIENTED_EDGE('',*,*,#11213,.T.);
#11213 = EDGE_CURVE('',#11206,#11214,#11216,.T.);
#11214 = VERTEX_POINT('',#11215);
#11215 = CARTESIAN_POINT('',(14.15,-8.799557584734,21.402754058019));
#11216 = LINE('',#11217,#11218);
#11217 = CARTESIAN_POINT('',(14.15,-8.799557584734,21.002754058019));
#11218 = VECTOR('',#11219,1.);
#11219 = DIRECTION('',(0.,0.,1.));
#11220 = ORIENTED_EDGE('',*,*,#11221,.F.);
#11221 = EDGE_CURVE('',#11198,#11214,#11222,.T.);
#11222 = LINE('',#11223,#11224);
#11223 = CARTESIAN_POINT('',(14.15,-9.199557584734,21.402754058019));
#11224 = VECTOR('',#11225,1.);
#11225 = DIRECTION('',(0.,1.,0.));
#11226 = PLANE('',#11227);
#11227 = AXIS2_PLACEMENT_3D('',#11228,#11229,#11230);
#11228 = CARTESIAN_POINT('',(14.15,-9.199557584734,21.002754058019));
#11229 = DIRECTION('',(1.,0.,0.));
#11230 = DIRECTION('',(0.,0.,1.));
#11231 = ADVANCED_FACE('',(#11232),#11266,.T.);
#11232 = FACE_BOUND('',#11233,.T.);
#11233 = EDGE_LOOP('',(#11234,#11244,#11252,#11260));
#11234 = ORIENTED_EDGE('',*,*,#11235,.F.);
#11235 = EDGE_CURVE('',#11236,#11238,#11240,.T.);
#11236 = VERTEX_POINT('',#11237);
#11237 = CARTESIAN_POINT('',(17.8,-9.199557584734,21.002754058019));
#11238 = VERTEX_POINT('',#11239);
#11239 = CARTESIAN_POINT('',(17.8,-9.199557584734,21.402754058019));
#11240 = LINE('',#11241,#11242);
#11241 = CARTESIAN_POINT('',(17.8,-9.199557584734,21.002754058019));
#11242 = VECTOR('',#11243,1.);
#11243 = DIRECTION('',(0.,0.,1.));
#11244 = ORIENTED_EDGE('',*,*,#11245,.T.);
#11245 = EDGE_CURVE('',#11236,#11246,#11248,.T.);
#11246 = VERTEX_POINT('',#11247);
#11247 = CARTESIAN_POINT('',(17.8,-8.799557584734,21.002754058019));
#11248 = LINE('',#11249,#11250);
#11249 = CARTESIAN_POINT('',(17.8,-9.199557584734,21.002754058019));
#11250 = VECTOR('',#11251,1.);
#11251 = DIRECTION('',(0.,1.,0.));
#11252 = ORIENTED_EDGE('',*,*,#11253,.T.);
#11253 = EDGE_CURVE('',#11246,#11254,#11256,.T.);
#11254 = VERTEX_POINT('',#11255);
#11255 = CARTESIAN_POINT('',(17.8,-8.799557584734,21.402754058019));
#11256 = LINE('',#11257,#11258);
#11257 = CARTESIAN_POINT('',(17.8,-8.799557584734,21.002754058019));
#11258 = VECTOR('',#11259,1.);
#11259 = DIRECTION('',(0.,0.,1.));
#11260 = ORIENTED_EDGE('',*,*,#11261,.F.);
#11261 = EDGE_CURVE('',#11238,#11254,#11262,.T.);
#11262 = LINE('',#11263,#11264);
#11263 = CARTESIAN_POINT('',(17.8,-9.199557584734,21.402754058019));
#11264 = VECTOR('',#11265,1.);
#11265 = DIRECTION('',(0.,1.,0.));
#11266 = PLANE('',#11267);
#11267 = AXIS2_PLACEMENT_3D('',#11268,#11269,#11270);
#11268 = CARTESIAN_POINT('',(17.8,-9.199557584734,21.002754058019));
#11269 = DIRECTION('',(1.,0.,0.));
#11270 = DIRECTION('',(0.,0.,1.));
#11271 = ADVANCED_FACE('',(#11272),#11288,.F.);
#11272 = FACE_BOUND('',#11273,.F.);
#11273 = EDGE_LOOP('',(#11274,#11280,#11281,#11287));
#11274 = ORIENTED_EDGE('',*,*,#11275,.F.);
#11275 = EDGE_CURVE('',#11196,#11236,#11276,.T.);
#11276 = LINE('',#11277,#11278);
#11277 = CARTESIAN_POINT('',(14.15,-9.199557584734,21.002754058019));
#11278 = VECTOR('',#11279,1.);
#11279 = DIRECTION('',(1.,0.,0.));
#11280 = ORIENTED_EDGE('',*,*,#11195,.T.);
#11281 = ORIENTED_EDGE('',*,*,#11282,.T.);
#11282 = EDGE_CURVE('',#11198,#11238,#11283,.T.);
#11283 = LINE('',#11284,#11285);
#11284 = CARTESIAN_POINT('',(14.15,-9.199557584734,21.402754058019));
#11285 = VECTOR('',#11286,1.);
#11286 = DIRECTION('',(1.,0.,0.));
#11287 = ORIENTED_EDGE('',*,*,#11235,.F.);
#11288 = PLANE('',#11289);
#11289 = AXIS2_PLACEMENT_3D('',#11290,#11291,#11292);
#11290 = CARTESIAN_POINT('',(14.15,-9.199557584734,21.002754058019));
#11291 = DIRECTION('',(0.,1.,0.));
#11292 = DIRECTION('',(0.,0.,1.));
#11293 = ADVANCED_FACE('',(#11294),#11310,.T.);
#11294 = FACE_BOUND('',#11295,.T.);
#11295 = EDGE_LOOP('',(#11296,#11302,#11303,#11309));
#11296 = ORIENTED_EDGE('',*,*,#11297,.F.);
#11297 = EDGE_CURVE('',#11206,#11246,#11298,.T.);
#11298 = LINE('',#11299,#11300);
#11299 = CARTESIAN_POINT('',(14.15,-8.799557584734,21.002754058019));
#11300 = VECTOR('',#11301,1.);
#11301 = DIRECTION('',(1.,0.,0.));
#11302 = ORIENTED_EDGE('',*,*,#11213,.T.);
#11303 = ORIENTED_EDGE('',*,*,#11304,.T.);
#11304 = EDGE_CURVE('',#11214,#11254,#11305,.T.);
#11305 = LINE('',#11306,#11307);
#11306 = CARTESIAN_POINT('',(14.15,-8.799557584734,21.402754058019));
#11307 = VECTOR('',#11308,1.);
#11308 = DIRECTION('',(1.,0.,0.));
#11309 = ORIENTED_EDGE('',*,*,#11253,.F.);
#11310 = PLANE('',#11311);
#11311 = AXIS2_PLACEMENT_3D('',#11312,#11313,#11314);
#11312 = CARTESIAN_POINT('',(14.15,-8.799557584734,21.002754058019));
#11313 = DIRECTION('',(0.,1.,0.));
#11314 = DIRECTION('',(0.,0.,1.));
#11315 = ADVANCED_FACE('',(#11316),#11322,.F.);
#11316 = FACE_BOUND('',#11317,.F.);
#11317 = EDGE_LOOP('',(#11318,#11319,#11320,#11321));
#11318 = ORIENTED_EDGE('',*,*,#11205,.F.);
#11319 = ORIENTED_EDGE('',*,*,#11275,.T.);
#11320 = ORIENTED_EDGE('',*,*,#11245,.T.);
#11321 = ORIENTED_EDGE('',*,*,#11297,.F.);
#11322 = PLANE('',#11323);
#11323 = AXIS2_PLACEMENT_3D('',#11324,#11325,#11326);
#11324 = CARTESIAN_POINT('',(14.15,-9.199557584734,21.002754058019));
#11325 = DIRECTION('',(0.,0.,1.));
#11326 = DIRECTION('',(1.,0.,0.));
#11327 = ADVANCED_FACE('',(#11328),#11334,.T.);
#11328 = FACE_BOUND('',#11329,.T.);
#11329 = EDGE_LOOP('',(#11330,#11331,#11332,#11333));
#11330 = ORIENTED_EDGE('',*,*,#11221,.F.);
#11331 = ORIENTED_EDGE('',*,*,#11282,.T.);
#11332 = ORIENTED_EDGE('',*,*,#11261,.T.);
#11333 = ORIENTED_EDGE('',*,*,#11304,.F.);
#11334 = PLANE('',#11335);
#11335 = AXIS2_PLACEMENT_3D('',#11336,#11337,#11338);
#11336 = CARTESIAN_POINT('',(14.15,-9.199557584734,21.402754058019));
#11337 = DIRECTION('',(0.,0.,1.));
#11338 = DIRECTION('',(1.,0.,0.));
#11339 = ( GEOMETRIC_REPRESENTATION_CONTEXT(3) 
GLOBAL_UNCERTAINTY_ASSIGNED_CONTEXT((#11343)) 
GLOBAL_UNIT_ASSIGNED_CONTEXT((#11340,#11341,#11342)) 
REPRESENTATION_CONTEXT('Context #1',
  '3D Context with UNIT and UNCERTAINTY') );
#11340 = ( LENGTH_UNIT() NAMED_UNIT(*) SI_UNIT(.MILLI.,.METRE.) );
#11341 = ( NAMED_UNIT(*) PLANE_ANGLE_UNIT() SI_UNIT($,.RADIAN.) );
#11342 = ( NAMED_UNIT(*) SI_UNIT($,.STERADIAN.) SOLID_ANGLE_UNIT() );
#11343 = UNCERTAINTY_MEASURE_WITH_UNIT(LENGTH_MEASURE(1.E-07),#11340,
  'distance_accuracy_value','confusion accuracy');
#11344 = CONTEXT_DEPENDENT_SHAPE_REPRESENTATION(#11345,#11347);
#11345 = ( REPRESENTATION_RELATIONSHIP('','',#10288,#10) 
REPRESENTATION_RELATIONSHIP_WITH_TRANSFORMATION(#11346) 
SHAPE_REPRESENTATION_RELATIONSHIP() );
#11346 = ITEM_DEFINED_TRANSFORMATION('','',#11,#59);
#11347 = PRODUCT_DEFINITION_SHAPE('Placement','Placement of an item',
  #11348);
#11348 = NEXT_ASSEMBLY_USAGE_OCCURRENCE('12',
  'A3144 hall sensor (home switch)','',#5,#10283,$);
#11349 = PRODUCT_RELATED_PRODUCT_CATEGORY('part',$,(#10285));
#11350 = SHAPE_DEFINITION_REPRESENTATION(#11351,#11357);
#11351 = PRODUCT_DEFINITION_SHAPE('','',#11352);
#11352 = PRODUCT_DEFINITION('design','',#11353,#11356);
#11353 = PRODUCT_DEFINITION_FORMATION('','',#11354);
#11354 = PRODUCT('Hall-sensor breakout (pcb/hall_breakout)',
  'Hall-sensor breakout (pcb/hall_breakout)','',(#11355));
#11355 = PRODUCT_CONTEXT('',#2,'mechanical');
#11356 = PRODUCT_DEFINITION_CONTEXT('part definition',#2,'design');
#11357 = SHAPE_REPRESENTATION('',(#11,#11358,#11859,#12009,#12062,#12115
    ),#12168);
#11358 = MANIFOLD_SOLID_BREP('',#11359);
#11359 = CLOSED_SHELL('',(#11360,#11400,#11431,#11554,#11578,#11694,
    #11706,#11723,#11740,#11757,#11774,#11791,#11808,#11825,#11842));
#11360 = ADVANCED_FACE('',(#11361),#11395,.F.);
#11361 = FACE_BOUND('',#11362,.F.);
#11362 = EDGE_LOOP('',(#11363,#11373,#11381,#11389));
#11363 = ORIENTED_EDGE('',*,*,#11364,.F.);
#11364 = EDGE_CURVE('',#11365,#11367,#11369,.T.);
#11365 = VERTEX_POINT('',#11366);
#11366 = CARTESIAN_POINT('',(16.,-17.26955758473,13.402754058019));
#11367 = VERTEX_POINT('',#11368);
#11368 = CARTESIAN_POINT('',(16.8,-17.26955758473,13.402754058019));
#11369 = LINE('',#11370,#11371);
#11370 = CARTESIAN_POINT('',(16.,-17.26955758473,13.402754058019));
#11371 = VECTOR('',#11372,1.);
#11372 = DIRECTION('',(1.,-4.930380657631E-32,2.22044604925E-16));
#11373 = ORIENTED_EDGE('',*,*,#11374,.T.);
#11374 = EDGE_CURVE('',#11365,#11375,#11377,.T.);
#11375 = VERTEX_POINT('',#11376);
#11376 = CARTESIAN_POINT('',(16.,-17.26955758473,25.802754058019));
#11377 = LINE('',#11378,#11379);
#11378 = CARTESIAN_POINT('',(16.,-17.26955758473,13.402754058019));
#11379 = VECTOR('',#11380,1.);
#11380 = DIRECTION('',(-2.22044604925E-16,-2.22044604925E-16,1.));
#11381 = ORIENTED_EDGE('',*,*,#11382,.T.);
#11382 = EDGE_CURVE('',#11375,#11383,#11385,.T.);
#11383 = VERTEX_POINT('',#11384);
#11384 = CARTESIAN_POINT('',(16.8,-17.26955758473,25.802754058019));
#11385 = LINE('',#11386,#11387);
#11386 = CARTESIAN_POINT('',(16.,-17.26955758473,25.802754058019));
#11387 = VECTOR('',#11388,1.);
#11388 = DIRECTION('',(1.,-4.930380657631E-32,2.22044604925E-16));
#11389 = ORIENTED_EDGE('',*,*,#11390,.F.);
#11390 = EDGE_CURVE('',#11367,#11383,#11391,.T.);
#11391 = LINE('',#11392,#11393);
#11392 = CARTESIAN_POINT('',(16.8,-17.26955758473,13.402754058019));
#11393 = VECTOR('',#11394,1.);
#11394 = DIRECTION('',(-2.22044604925E-16,-2.22044604925E-16,1.));
#11395 = PLANE('',#11396);
#11396 = AXIS2_PLACEMENT_3D('',#11397,#11398,#11399);
#11397 = CARTESIAN_POINT('',(16.,-17.26955758473,13.402754058019));
#11398 = DIRECTION('',(0.,1.,2.22044604925E-16));
#11399 = DIRECTION('',(1.,-4.930380657631E-32,2.22044604925E-16));
#11400 = ADVANCED_FACE('',(#11401),#11426,.F.);
#11401 = FACE_BOUND('',#11402,.F.);
#11402 = EDGE_LOOP('',(#11403,#11411,#11412,#11420));
#11403 = ORIENTED_EDGE('',*,*,#11404,.F.);
#11404 = EDGE_CURVE('',#11365,#11405,#11407,.T.);
#11405 = VERTEX_POINT('',#11406);
#11406 = CARTESIAN_POINT('',(16.,-3.269557584734,13.402754058019));
#11407 = LINE('',#11408,#11409);
#11408 = CARTESIAN_POINT('',(16.,-17.26955758473,13.402754058019));
#11409 = VECTOR('',#11410,1.);
#11410 = DIRECTION('',(0.,1.,2.22044604925E-16));
#11411 = ORIENTED_EDGE('',*,*,#11364,.T.);
#11412 = ORIENTED_EDGE('',*,*,#11413,.T.);
#11413 = EDGE_CURVE('',#11367,#11414,#11416,.T.);
#11414 = VERTEX_POINT('',#11415);
#11415 = CARTESIAN_POINT('',(16.8,-3.269557584734,13.402754058019));
#11416 = LINE('',#11417,#11418);
#11417 = CARTESIAN_POINT('',(16.8,-17.26955758473,13.402754058019));
#11418 = VECTOR('',#11419,1.);
#11419 = DIRECTION('',(0.,1.,2.22044604925E-16));
#11420 = ORIENTED_EDGE('',*,*,#11421,.F.);
#11421 = EDGE_CURVE('',#11405,#11414,#11422,.T.);
#11422 = LINE('',#11423,#11424);
#11423 = CARTESIAN_POINT('',(16.,-3.269557584734,13.402754058019));
#11424 = VECTOR('',#11425,1.);
#11425 = DIRECTION('',(1.,-4.930380657631E-32,2.22044604925E-16));
#11426 = PLANE('',#11427);
#11427 = AXIS2_PLACEMENT_3D('',#11428,#11429,#11430);
#11428 = CARTESIAN_POINT('',(16.,-17.26955758473,13.402754058019));
#11429 = DIRECTION('',(-2.22044604925E-16,-2.22044604925E-16,1.));
#11430 = DIRECTION('',(1.,-4.930380657631E-32,2.22044604925E-16));
#11431 = ADVANCED_FACE('',(#11432,#11450,#11461,#11472,#11483,#11494,
    #11505,#11516,#11527,#11538),#11549,.T.);
#11432 = FACE_BOUND('',#11433,.T.);
#11433 = EDGE_LOOP('',(#11434,#11435,#11436,#11444));
#11434 = ORIENTED_EDGE('',*,*,#11390,.F.);
#11435 = ORIENTED_EDGE('',*,*,#11413,.T.);
#11436 = ORIENTED_EDGE('',*,*,#11437,.T.);
#11437 = EDGE_CURVE('',#11414,#11438,#11440,.T.);
#11438 = VERTEX_POINT('',#11439);
#11439 = CARTESIAN_POINT('',(16.8,-3.269557584734,25.802754058019));
#11440 = LINE('',#11441,#11442);
#11441 = CARTESIAN_POINT('',(16.8,-3.269557584734,13.402754058019));
#11442 = VECTOR('',#11443,1.);
#11443 = DIRECTION('',(-2.22044604925E-16,-2.22044604925E-16,1.));
#11444 = ORIENTED_EDGE('',*,*,#11445,.F.);
#11445 = EDGE_CURVE('',#11383,#11438,#11446,.T.);
#11446 = LINE('',#11447,#11448);
#11447 = CARTESIAN_POINT('',(16.8,-17.26955758473,25.802754058019));
#11448 = VECTOR('',#11449,1.);
#11449 = DIRECTION('',(0.,1.,2.22044604925E-16));
#11450 = FACE_BOUND('',#11451,.T.);
#11451 = EDGE_LOOP('',(#11452));
#11452 = ORIENTED_EDGE('',*,*,#11453,.T.);
#11453 = EDGE_CURVE('',#11454,#11454,#11456,.T.);
#11454 = VERTEX_POINT('',#11455);
#11455 = CARTESIAN_POINT('',(16.8,-14.11955758473,15.202754058019));
#11456 = CIRCLE('',#11457,0.75);
#11457 = AXIS2_PLACEMENT_3D('',#11458,#11459,#11460);
#11458 = CARTESIAN_POINT('',(16.8,-14.86955758473,15.202754058019));
#11459 = DIRECTION('',(-1.,4.930380657631E-32,-2.22044604925E-16));
#11460 = DIRECTION('',(0.,1.,2.22044604925E-16));
#11461 = FACE_BOUND('',#11462,.T.);
#11462 = EDGE_LOOP('',(#11463));
#11463 = ORIENTED_EDGE('',*,*,#11464,.T.);
#11464 = EDGE_CURVE('',#11465,#11465,#11467,.T.);
#11465 = VERTEX_POINT('',#11466);
#11466 = CARTESIAN_POINT('',(16.8,-12.30955758473,18.202754058019));
#11467 = CIRCLE('',#11468,0.5);
#11468 = AXIS2_PLACEMENT_3D('',#11469,#11470,#11471);
#11469 = CARTESIAN_POINT('',(16.8,-12.80955758473,18.202754058019));
#11470 = DIRECTION('',(-1.,4.930380657631E-32,-2.22044604925E-16));
#11471 = DIRECTION('',(0.,1.,2.22044604925E-16));
#11472 = FACE_BOUND('',#11473,.T.);
#11473 = EDGE_LOOP('',(#11474));
#11474 = ORIENTED_EDGE('',*,*,#11475,.T.);
#11475 = EDGE_CURVE('',#11476,#11476,#11478,.T.);
#11476 = VERTEX_POINT('',#11477);
#11477 = CARTESIAN_POINT('',(16.8,-9.769557584734,18.202754058019));
#11478 = CIRCLE('',#11479,0.5);
#11479 = AXIS2_PLACEMENT_3D('',#11480,#11481,#11482);
#11480 = CARTESIAN_POINT('',(16.8,-10.26955758473,18.202754058019));
#11481 = DIRECTION('',(-1.,4.930380657631E-32,-2.22044604925E-16));
#11482 = DIRECTION('',(0.,1.,2.22044604925E-16));
#11483 = FACE_BOUND('',#11484,.T.);
#11484 = EDGE_LOOP('',(#11485));
#11485 = ORIENTED_EDGE('',*,*,#11486,.T.);
#11486 = EDGE_CURVE('',#11487,#11487,#11489,.T.);
#11487 = VERTEX_POINT('',#11488);
#11488 = CARTESIAN_POINT('',(16.8,-4.919557584734,15.202754058019));
#11489 = CIRCLE('',#11490,0.75);
#11490 = AXIS2_PLACEMENT_3D('',#11491,#11492,#11493);
#11491 = CARTESIAN_POINT('',(16.8,-5.669557584734,15.202754058019));
#11492 = DIRECTION('',(-1.,4.930380657631E-32,-2.22044604925E-16));
#11493 = DIRECTION('',(0.,1.,2.22044604925E-16));
#11494 = FACE_BOUND('',#11495,.T.);
#11495 = EDGE_LOOP('',(#11496));
#11496 = ORIENTED_EDGE('',*,*,#11497,.T.);
#11497 = EDGE_CURVE('',#11498,#11498,#11500,.T.);
#11498 = VERTEX_POINT('',#11499);
#11499 = CARTESIAN_POINT('',(16.8,-7.229557584734,18.202754058019));
#11500 = CIRCLE('',#11501,0.5);
#11501 = AXIS2_PLACEMENT_3D('',#11502,#11503,#11504);
#11502 = CARTESIAN_POINT('',(16.8,-7.729557584734,18.202754058019));
#11503 = DIRECTION('',(-1.,4.930380657631E-32,-2.22044604925E-16));
#11504 = DIRECTION('',(0.,1.,2.22044604925E-16));
#11505 = FACE_BOUND('',#11506,.T.);
#11506 = EDGE_LOOP('',(#11507));
#11507 = ORIENTED_EDGE('',*,*,#11508,.T.);
#11508 = EDGE_CURVE('',#11509,#11509,#11511,.T.);
#11509 = VERTEX_POINT('',#11510);
#11510 = CARTESIAN_POINT('',(16.8,-11.16455758473,21.202754058019));
#11511 = CIRCLE('',#11512,0.375);
#11512 = AXIS2_PLACEMENT_3D('',#11513,#11514,#11515);
#11513 = CARTESIAN_POINT('',(16.8,-11.53955758473,21.202754058019));
#11514 = DIRECTION('',(-1.,4.930380657631E-32,-2.22044604925E-16));
#11515 = DIRECTION('',(0.,1.,2.22044604925E-16));
#11516 = FACE_BOUND('',#11517,.T.);
#11517 = EDGE_LOOP('',(#11518));
#11518 = ORIENTED_EDGE('',*,*,#11519,.T.);
#11519 = EDGE_CURVE('',#11520,#11520,#11522,.T.);
#11520 = VERTEX_POINT('',#11521);
#11521 = CARTESIAN_POINT('',(16.8,-9.894557584734,21.202754058019));
#11522 = CIRCLE('',#11523,0.375);
#11523 = AXIS2_PLACEMENT_3D('',#11524,#11525,#11526);
#11524 = CARTESIAN_POINT('',(16.8,-10.26955758473,21.202754058019));
#11525 = DIRECTION('',(-1.,4.930380657631E-32,-2.22044604925E-16));
#11526 = DIRECTION('',(0.,1.,2.22044604925E-16));
#11527 = FACE_BOUND('',#11528,.T.);
#11528 = EDGE_LOOP('',(#11529));
#11529 = ORIENTED_EDGE('',*,*,#11530,.T.);
#11530 = EDGE_CURVE('',#11531,#11531,#11533,.T.);
#11531 = VERTEX_POINT('',#11532);
#11532 = CARTESIAN_POINT('',(16.8,-8.624557584734,21.202754058019));
#11533 = CIRCLE('',#11534,0.375);
#11534 = AXIS2_PLACEMENT_3D('',#11535,#11536,#11537);
#11535 = CARTESIAN_POINT('',(16.8,-8.999557584734,21.202754058019));
#11536 = DIRECTION('',(-1.,4.930380657631E-32,-2.22044604925E-16));
#11537 = DIRECTION('',(0.,1.,2.22044604925E-16));
#11538 = FACE_BOUND('',#11539,.T.);
#11539 = EDGE_LOOP('',(#11540));
#11540 = ORIENTED_EDGE('',*,*,#11541,.T.);
#11541 = EDGE_CURVE('',#11542,#11542,#11544,.T.);
#11542 = VERTEX_POINT('',#11543);
#11543 = CARTESIAN_POINT('',(16.8,-4.169557584734,23.502754058019));
#11544 = CIRCLE('',#11545,1.1);
#11545 = AXIS2_PLACEMENT_3D('',#11546,#11547,#11548);
#11546 = CARTESIAN_POINT('',(16.8,-5.269557584734,23.502754058019));
#11547 = DIRECTION('',(-1.,4.930380657631E-32,-2.22044604925E-16));
#11548 = DIRECTION('',(0.,1.,2.22044604925E-16));
#11549 = PLANE('',#11550);
#11550 = AXIS2_PLACEMENT_3D('',#11551,#11552,#11553);
#11551 = CARTESIAN_POINT('',(16.8,-17.26955758473,13.402754058019));
#11552 = DIRECTION('',(1.,-4.930380657631E-32,2.22044604925E-16));
#11553 = DIRECTION('',(0.,1.,2.22044604925E-16));
#11554 = ADVANCED_FACE('',(#11555),#11573,.T.);
#11555 = FACE_BOUND('',#11556,.T.);
#11556 = EDGE_LOOP('',(#11557,#11565,#11566,#11567));
#11557 = ORIENTED_EDGE('',*,*,#11558,.F.);
#11558 = EDGE_CURVE('',#11375,#11559,#11561,.T.);
#11559 = VERTEX_POINT('',#11560);
#11560 = CARTESIAN_POINT('',(16.,-3.269557584734,25.802754058019));
#11561 = LINE('',#11562,#11563);
#11562 = CARTESIAN_POINT('',(16.,-17.26955758473,25.802754058019));
#11563 = VECTOR('',#11564,1.);
#11564 = DIRECTION('',(0.,1.,2.22044604925E-16));
#11565 = ORIENTED_EDGE('',*,*,#11382,.T.);
#11566 = ORIENTED_EDGE('',*,*,#11445,.T.);
#11567 = ORIENTED_EDGE('',*,*,#11568,.F.);
#11568 = EDGE_CURVE('',#11559,#11438,#11569,.T.);
#11569 = LINE('',#11570,#11571);
#11570 = CARTESIAN_POINT('',(16.,-3.269557584734,25.802754058019));
#11571 = VECTOR('',#11572,1.);
#11572 = DIRECTION('',(1.,-4.930380657631E-32,2.22044604925E-16));
#11573 = PLANE('',#11574);
#11574 = AXIS2_PLACEMENT_3D('',#11575,#11576,#11577);
#11575 = CARTESIAN_POINT('',(16.,-17.26955758473,25.802754058019));
#11576 = DIRECTION('',(-2.22044604925E-16,-2.22044604925E-16,1.));
#11577 = DIRECTION('',(1.,-4.930380657631E-32,2.22044604925E-16));
#11578 = ADVANCED_FACE('',(#11579,#11590,#11601,#11612,#11623,#11634,
    #11645,#11656,#11667,#11678),#11689,.F.);
#11579 = FACE_BOUND('',#11580,.F.);
#11580 = EDGE_LOOP('',(#11581,#11582,#11583,#11589));
#11581 = ORIENTED_EDGE('',*,*,#11374,.F.);
#11582 = ORIENTED_EDGE('',*,*,#11404,.T.);
#11583 = ORIENTED_EDGE('',*,*,#11584,.T.);
#11584 = EDGE_CURVE('',#11405,#11559,#11585,.T.);
#11585 = LINE('',#11586,#11587);
#11586 = CARTESIAN_POINT('',(16.,-3.269557584734,13.402754058019));
#11587 = VECTOR('',#11588,1.);
#11588 = DIRECTION('',(-2.22044604925E-16,-2.22044604925E-16,1.));
#11589 = ORIENTED_EDGE('',*,*,#11558,.F.);
#11590 = FACE_BOUND('',#11591,.F.);
#11591 = EDGE_LOOP('',(#11592));
#11592 = ORIENTED_EDGE('',*,*,#11593,.T.);
#11593 = EDGE_CURVE('',#11594,#11594,#11596,.T.);
#11594 = VERTEX_POINT('',#11595);
#11595 = CARTESIAN_POINT('',(16.,-14.11955758473,15.202754058019));
#11596 = CIRCLE('',#11597,0.75);
#11597 = AXIS2_PLACEMENT_3D('',#11598,#11599,#11600);
#11598 = CARTESIAN_POINT('',(16.,-14.86955758473,15.202754058019));
#11599 = DIRECTION('',(-1.,4.930380657631E-32,-2.22044604925E-16));
#11600 = DIRECTION('',(0.,1.,2.22044604925E-16));
#11601 = FACE_BOUND('',#11602,.F.);
#11602 = EDGE_LOOP('',(#11603));
#11603 = ORIENTED_EDGE('',*,*,#11604,.T.);
#11604 = EDGE_CURVE('',#11605,#11605,#11607,.T.);
#11605 = VERTEX_POINT('',#11606);
#11606 = CARTESIAN_POINT('',(16.,-12.30955758473,18.202754058019));
#11607 = CIRCLE('',#11608,0.5);
#11608 = AXIS2_PLACEMENT_3D('',#11609,#11610,#11611);
#11609 = CARTESIAN_POINT('',(16.,-12.80955758473,18.202754058019));
#11610 = DIRECTION('',(-1.,4.930380657631E-32,-2.22044604925E-16));
#11611 = DIRECTION('',(0.,1.,2.22044604925E-16));
#11612 = FACE_BOUND('',#11613,.F.);
#11613 = EDGE_LOOP('',(#11614));
#11614 = ORIENTED_EDGE('',*,*,#11615,.T.);
#11615 = EDGE_CURVE('',#11616,#11616,#11618,.T.);
#11616 = VERTEX_POINT('',#11617);
#11617 = CARTESIAN_POINT('',(16.,-9.769557584734,18.202754058019));
#11618 = CIRCLE('',#11619,0.5);
#11619 = AXIS2_PLACEMENT_3D('',#11620,#11621,#11622);
#11620 = CARTESIAN_POINT('',(16.,-10.26955758473,18.202754058019));
#11621 = DIRECTION('',(-1.,4.930380657631E-32,-2.22044604925E-16));
#11622 = DIRECTION('',(0.,1.,2.22044604925E-16));
#11623 = FACE_BOUND('',#11624,.F.);
#11624 = EDGE_LOOP('',(#11625));
#11625 = ORIENTED_EDGE('',*,*,#11626,.T.);
#11626 = EDGE_CURVE('',#11627,#11627,#11629,.T.);
#11627 = VERTEX_POINT('',#11628);
#11628 = CARTESIAN_POINT('',(16.,-4.919557584734,15.202754058019));
#11629 = CIRCLE('',#11630,0.75);
#11630 = AXIS2_PLACEMENT_3D('',#11631,#11632,#11633);
#11631 = CARTESIAN_POINT('',(16.,-5.669557584734,15.202754058019));
#11632 = DIRECTION('',(-1.,4.930380657631E-32,-2.22044604925E-16));
#11633 = DIRECTION('',(0.,1.,2.22044604925E-16));
#11634 = FACE_BOUND('',#11635,.F.);
#11635 = EDGE_LOOP('',(#11636));
#11636 = ORIENTED_EDGE('',*,*,#11637,.T.);
#11637 = EDGE_CURVE('',#11638,#11638,#11640,.T.);
#11638 = VERTEX_POINT('',#11639);
#11639 = CARTESIAN_POINT('',(16.,-7.229557584734,18.202754058019));
#11640 = CIRCLE('',#11641,0.5);
#11641 = AXIS2_PLACEMENT_3D('',#11642,#11643,#11644);
#11642 = CARTESIAN_POINT('',(16.,-7.729557584734,18.202754058019));
#11643 = DIRECTION('',(-1.,4.930380657631E-32,-2.22044604925E-16));
#11644 = DIRECTION('',(0.,1.,2.22044604925E-16));
#11645 = FACE_BOUND('',#11646,.F.);
#11646 = EDGE_LOOP('',(#11647));
#11647 = ORIENTED_EDGE('',*,*,#11648,.T.);
#11648 = EDGE_CURVE('',#11649,#11649,#11651,.T.);
#11649 = VERTEX_POINT('',#11650);
#11650 = CARTESIAN_POINT('',(16.,-11.16455758473,21.202754058019));
#11651 = CIRCLE('',#11652,0.375);
#11652 = AXIS2_PLACEMENT_3D('',#11653,#11654,#11655);
#11653 = CARTESIAN_POINT('',(16.,-11.53955758473,21.202754058019));
#11654 = DIRECTION('',(-1.,4.930380657631E-32,-2.22044604925E-16));
#11655 = DIRECTION('',(0.,1.,2.22044604925E-16));
#11656 = FACE_BOUND('',#11657,.F.);
#11657 = EDGE_LOOP('',(#11658));
#11658 = ORIENTED_EDGE('',*,*,#11659,.T.);
#11659 = EDGE_CURVE('',#11660,#11660,#11662,.T.);
#11660 = VERTEX_POINT('',#11661);
#11661 = CARTESIAN_POINT('',(16.,-9.894557584734,21.202754058019));
#11662 = CIRCLE('',#11663,0.375);
#11663 = AXIS2_PLACEMENT_3D('',#11664,#11665,#11666);
#11664 = CARTESIAN_POINT('',(16.,-10.26955758473,21.202754058019));
#11665 = DIRECTION('',(-1.,4.930380657631E-32,-2.22044604925E-16));
#11666 = DIRECTION('',(0.,1.,2.22044604925E-16));
#11667 = FACE_BOUND('',#11668,.F.);
#11668 = EDGE_LOOP('',(#11669));
#11669 = ORIENTED_EDGE('',*,*,#11670,.T.);
#11670 = EDGE_CURVE('',#11671,#11671,#11673,.T.);
#11671 = VERTEX_POINT('',#11672);
#11672 = CARTESIAN_POINT('',(16.,-8.624557584734,21.202754058019));
#11673 = CIRCLE('',#11674,0.375);
#11674 = AXIS2_PLACEMENT_3D('',#11675,#11676,#11677);
#11675 = CARTESIAN_POINT('',(16.,-8.999557584734,21.202754058019));
#11676 = DIRECTION('',(-1.,4.930380657631E-32,-2.22044604925E-16));
#11677 = DIRECTION('',(0.,1.,2.22044604925E-16));
#11678 = FACE_BOUND('',#11679,.F.);
#11679 = EDGE_LOOP('',(#11680));
#11680 = ORIENTED_EDGE('',*,*,#11681,.T.);
#11681 = EDGE_CURVE('',#11682,#11682,#11684,.T.);
#11682 = VERTEX_POINT('',#11683);
#11683 = CARTESIAN_POINT('',(16.,-4.169557584734,23.502754058019));
#11684 = CIRCLE('',#11685,1.1);
#11685 = AXIS2_PLACEMENT_3D('',#11686,#11687,#11688);
#11686 = CARTESIAN_POINT('',(16.,-5.269557584734,23.502754058019));
#11687 = DIRECTION('',(-1.,4.930380657631E-32,-2.22044604925E-16));
#11688 = DIRECTION('',(0.,1.,2.22044604925E-16));
#11689 = PLANE('',#11690);
#11690 = AXIS2_PLACEMENT_3D('',#11691,#11692,#11693);
#11691 = CARTESIAN_POINT('',(16.,-17.26955758473,13.402754058019));
#11692 = DIRECTION('',(1.,-4.930380657631E-32,2.22044604925E-16));
#11693 = DIRECTION('',(0.,1.,2.22044604925E-16));
#11694 = ADVANCED_FACE('',(#11695),#11701,.T.);
#11695 = FACE_BOUND('',#11696,.T.);
#11696 = EDGE_LOOP('',(#11697,#11698,#11699,#11700));
#11697 = ORIENTED_EDGE('',*,*,#11421,.F.);
#11698 = ORIENTED_EDGE('',*,*,#11584,.T.);
#11699 = ORIENTED_EDGE('',*,*,#11568,.T.);
#11700 = ORIENTED_EDGE('',*,*,#11437,.F.);
#11701 = PLANE('',#11702);
#11702 = AXIS2_PLACEMENT_3D('',#11703,#11704,#11705);
#11703 = CARTESIAN_POINT('',(16.,-3.269557584734,13.402754058019));
#11704 = DIRECTION('',(0.,1.,2.22044604925E-16));
#11705 = DIRECTION('',(1.,-4.930380657631E-32,2.22044604925E-16));
#11706 = ADVANCED_FACE('',(#11707),#11718,.F.);
#11707 = FACE_BOUND('',#11708,.T.);
#11708 = EDGE_LOOP('',(#11709,#11710,#11716,#11717));
#11709 = ORIENTED_EDGE('',*,*,#11593,.T.);
#11710 = ORIENTED_EDGE('',*,*,#11711,.T.);
#11711 = EDGE_CURVE('',#11594,#11454,#11712,.T.);
#11712 = LINE('',#11713,#11714);
#11713 = CARTESIAN_POINT('',(15.,-14.11955758473,15.202754058019));
#11714 = VECTOR('',#11715,1.);
#11715 = DIRECTION('',(1.,-4.930380657631E-32,2.22044604925E-16));
#11716 = ORIENTED_EDGE('',*,*,#11453,.F.);
#11717 = ORIENTED_EDGE('',*,*,#11711,.F.);
#11718 = CYLINDRICAL_SURFACE('',#11719,0.75);
#11719 = AXIS2_PLACEMENT_3D('',#11720,#11721,#11722);
#11720 = CARTESIAN_POINT('',(15.,-14.86955758473,15.202754058019));
#11721 = DIRECTION('',(-1.,4.930380657631E-32,-2.22044604925E-16));
#11722 = DIRECTION('',(0.,1.,2.22044604925E-16));
#11723 = ADVANCED_FACE('',(#11724),#11735,.F.);
#11724 = FACE_BOUND('',#11725,.T.);
#11725 = EDGE_LOOP('',(#11726,#11727,#11733,#11734));
#11726 = ORIENTED_EDGE('',*,*,#11604,.T.);
#11727 = ORIENTED_EDGE('',*,*,#11728,.T.);
#11728 = EDGE_CURVE('',#11605,#11465,#11729,.T.);
#11729 = LINE('',#11730,#11731);
#11730 = CARTESIAN_POINT('',(15.,-12.30955758473,18.202754058019));
#11731 = VECTOR('',#11732,1.);
#11732 = DIRECTION('',(1.,-4.930380657631E-32,2.22044604925E-16));
#11733 = ORIENTED_EDGE('',*,*,#11464,.F.);
#11734 = ORIENTED_EDGE('',*,*,#11728,.F.);
#11735 = CYLINDRICAL_SURFACE('',#11736,0.5);
#11736 = AXIS2_PLACEMENT_3D('',#11737,#11738,#11739);
#11737 = CARTESIAN_POINT('',(15.,-12.80955758473,18.202754058019));
#11738 = DIRECTION('',(-1.,4.930380657631E-32,-2.22044604925E-16));
#11739 = DIRECTION('',(0.,1.,2.22044604925E-16));
#11740 = ADVANCED_FACE('',(#11741),#11752,.F.);
#11741 = FACE_BOUND('',#11742,.T.);
#11742 = EDGE_LOOP('',(#11743,#11744,#11750,#11751));
#11743 = ORIENTED_EDGE('',*,*,#11615,.T.);
#11744 = ORIENTED_EDGE('',*,*,#11745,.T.);
#11745 = EDGE_CURVE('',#11616,#11476,#11746,.T.);
#11746 = LINE('',#11747,#11748);
#11747 = CARTESIAN_POINT('',(15.,-9.769557584734,18.202754058019));
#11748 = VECTOR('',#11749,1.);
#11749 = DIRECTION('',(1.,-4.930380657631E-32,2.22044604925E-16));
#11750 = ORIENTED_EDGE('',*,*,#11475,.F.);
#11751 = ORIENTED_EDGE('',*,*,#11745,.F.);
#11752 = CYLINDRICAL_SURFACE('',#11753,0.5);
#11753 = AXIS2_PLACEMENT_3D('',#11754,#11755,#11756);
#11754 = CARTESIAN_POINT('',(15.,-10.26955758473,18.202754058019));
#11755 = DIRECTION('',(-1.,4.930380657631E-32,-2.22044604925E-16));
#11756 = DIRECTION('',(0.,1.,2.22044604925E-16));
#11757 = ADVANCED_FACE('',(#11758),#11769,.F.);
#11758 = FACE_BOUND('',#11759,.T.);
#11759 = EDGE_LOOP('',(#11760,#11761,#11767,#11768));
#11760 = ORIENTED_EDGE('',*,*,#11626,.T.);
#11761 = ORIENTED_EDGE('',*,*,#11762,.T.);
#11762 = EDGE_CURVE('',#11627,#11487,#11763,.T.);
#11763 = LINE('',#11764,#11765);
#11764 = CARTESIAN_POINT('',(15.,-4.919557584734,15.202754058019));
#11765 = VECTOR('',#11766,1.);
#11766 = DIRECTION('',(1.,-4.930380657631E-32,2.22044604925E-16));
#11767 = ORIENTED_EDGE('',*,*,#11486,.F.);
#11768 = ORIENTED_EDGE('',*,*,#11762,.F.);
#11769 = CYLINDRICAL_SURFACE('',#11770,0.75);
#11770 = AXIS2_PLACEMENT_3D('',#11771,#11772,#11773);
#11771 = CARTESIAN_POINT('',(15.,-5.669557584734,15.202754058019));
#11772 = DIRECTION('',(-1.,4.930380657631E-32,-2.22044604925E-16));
#11773 = DIRECTION('',(0.,1.,2.22044604925E-16));
#11774 = ADVANCED_FACE('',(#11775),#11786,.F.);
#11775 = FACE_BOUND('',#11776,.T.);
#11776 = EDGE_LOOP('',(#11777,#11778,#11784,#11785));
#11777 = ORIENTED_EDGE('',*,*,#11637,.T.);
#11778 = ORIENTED_EDGE('',*,*,#11779,.T.);
#11779 = EDGE_CURVE('',#11638,#11498,#11780,.T.);
#11780 = LINE('',#11781,#11782);
#11781 = CARTESIAN_POINT('',(15.,-7.229557584734,18.202754058019));
#11782 = VECTOR('',#11783,1.);
#11783 = DIRECTION('',(1.,-4.930380657631E-32,2.22044604925E-16));
#11784 = ORIENTED_EDGE('',*,*,#11497,.F.);
#11785 = ORIENTED_EDGE('',*,*,#11779,.F.);
#11786 = CYLINDRICAL_SURFACE('',#11787,0.5);
#11787 = AXIS2_PLACEMENT_3D('',#11788,#11789,#11790);
#11788 = CARTESIAN_POINT('',(15.,-7.729557584734,18.202754058019));
#11789 = DIRECTION('',(-1.,4.930380657631E-32,-2.22044604925E-16));
#11790 = DIRECTION('',(0.,1.,2.22044604925E-16));
#11791 = ADVANCED_FACE('',(#11792),#11803,.F.);
#11792 = FACE_BOUND('',#11793,.T.);
#11793 = EDGE_LOOP('',(#11794,#11795,#11801,#11802));
#11794 = ORIENTED_EDGE('',*,*,#11648,.T.);
#11795 = ORIENTED_EDGE('',*,*,#11796,.T.);
#11796 = EDGE_CURVE('',#11649,#11509,#11797,.T.);
#11797 = LINE('',#11798,#11799);
#11798 = CARTESIAN_POINT('',(15.,-11.16455758473,21.202754058019));
#11799 = VECTOR('',#11800,1.);
#11800 = DIRECTION('',(1.,-4.930380657631E-32,2.22044604925E-16));
#11801 = ORIENTED_EDGE('',*,*,#11508,.F.);
#11802 = ORIENTED_EDGE('',*,*,#11796,.F.);
#11803 = CYLINDRICAL_SURFACE('',#11804,0.375);
#11804 = AXIS2_PLACEMENT_3D('',#11805,#11806,#11807);
#11805 = CARTESIAN_POINT('',(15.,-11.53955758473,21.202754058019));
#11806 = DIRECTION('',(-1.,4.930380657631E-32,-2.22044604925E-16));
#11807 = DIRECTION('',(0.,1.,2.22044604925E-16));
#11808 = ADVANCED_FACE('',(#11809),#11820,.F.);
#11809 = FACE_BOUND('',#11810,.T.);
#11810 = EDGE_LOOP('',(#11811,#11812,#11818,#11819));
#11811 = ORIENTED_EDGE('',*,*,#11659,.T.);
#11812 = ORIENTED_EDGE('',*,*,#11813,.T.);
#11813 = EDGE_CURVE('',#11660,#11520,#11814,.T.);
#11814 = LINE('',#11815,#11816);
#11815 = CARTESIAN_POINT('',(15.,-9.894557584734,21.202754058019));
#11816 = VECTOR('',#11817,1.);
#11817 = DIRECTION('',(1.,-4.930380657631E-32,2.22044604925E-16));
#11818 = ORIENTED_EDGE('',*,*,#11519,.F.);
#11819 = ORIENTED_EDGE('',*,*,#11813,.F.);
#11820 = CYLINDRICAL_SURFACE('',#11821,0.375);
#11821 = AXIS2_PLACEMENT_3D('',#11822,#11823,#11824);
#11822 = CARTESIAN_POINT('',(15.,-10.26955758473,21.202754058019));
#11823 = DIRECTION('',(-1.,4.930380657631E-32,-2.22044604925E-16));
#11824 = DIRECTION('',(0.,1.,2.22044604925E-16));
#11825 = ADVANCED_FACE('',(#11826),#11837,.F.);
#11826 = FACE_BOUND('',#11827,.T.);
#11827 = EDGE_LOOP('',(#11828,#11829,#11835,#11836));
#11828 = ORIENTED_EDGE('',*,*,#11670,.T.);
#11829 = ORIENTED_EDGE('',*,*,#11830,.T.);
#11830 = EDGE_CURVE('',#11671,#11531,#11831,.T.);
#11831 = LINE('',#11832,#11833);
#11832 = CARTESIAN_POINT('',(15.,-8.624557584734,21.202754058019));
#11833 = VECTOR('',#11834,1.);
#11834 = DIRECTION('',(1.,-4.930380657631E-32,2.22044604925E-16));
#11835 = ORIENTED_EDGE('',*,*,#11530,.F.);
#11836 = ORIENTED_EDGE('',*,*,#11830,.F.);
#11837 = CYLINDRICAL_SURFACE('',#11838,0.375);
#11838 = AXIS2_PLACEMENT_3D('',#11839,#11840,#11841);
#11839 = CARTESIAN_POINT('',(15.,-8.999557584734,21.202754058019));
#11840 = DIRECTION('',(-1.,4.930380657631E-32,-2.22044604925E-16));
#11841 = DIRECTION('',(0.,1.,2.22044604925E-16));
#11842 = ADVANCED_FACE('',(#11843),#11854,.F.);
#11843 = FACE_BOUND('',#11844,.T.);
#11844 = EDGE_LOOP('',(#11845,#11846,#11852,#11853));
#11845 = ORIENTED_EDGE('',*,*,#11681,.T.);
#11846 = ORIENTED_EDGE('',*,*,#11847,.T.);
#11847 = EDGE_CURVE('',#11682,#11542,#11848,.T.);
#11848 = LINE('',#11849,#11850);
#11849 = CARTESIAN_POINT('',(15.,-4.169557584734,23.502754058019));
#11850 = VECTOR('',#11851,1.);
#11851 = DIRECTION('',(1.,-4.930380657631E-32,2.22044604925E-16));
#11852 = ORIENTED_EDGE('',*,*,#11541,.F.);
#11853 = ORIENTED_EDGE('',*,*,#11847,.F.);
#11854 = CYLINDRICAL_SURFACE('',#11855,1.1);
#11855 = AXIS2_PLACEMENT_3D('',#11856,#11857,#11858);
#11856 = CARTESIAN_POINT('',(15.,-5.269557584734,23.502754058019));
#11857 = DIRECTION('',(-1.,4.930380657631E-32,-2.22044604925E-16));
#11858 = DIRECTION('',(0.,1.,2.22044604925E-16));
#11859 = MANIFOLD_SOLID_BREP('',#11860);
#11860 = CLOSED_SHELL('',(#11861,#11901,#11941,#11963,#11985,#11997));
#11861 = ADVANCED_FACE('',(#11862),#11896,.F.);
#11862 = FACE_BOUND('',#11863,.F.);
#11863 = EDGE_LOOP('',(#11864,#11874,#11882,#11890));
#11864 = ORIENTED_EDGE('',*,*,#11865,.F.);
#11865 = EDGE_CURVE('',#11866,#11868,#11870,.T.);
#11866 = VERTEX_POINT('',#11867);
#11867 = CARTESIAN_POINT('',(16.8,-10.63455758473,23.277754058019));
#11868 = VERTEX_POINT('',#11869);
#11869 = CARTESIAN_POINT('',(17.65,-10.63455758473,23.277754058019));
#11870 = LINE('',#11871,#11872);
#11871 = CARTESIAN_POINT('',(16.8,-10.63455758473,23.277754058019));
#11872 = VECTOR('',#11873,1.);
#11873 = DIRECTION('',(1.,-4.930380657631E-32,2.22044604925E-16));
#11874 = ORIENTED_EDGE('',*,*,#11875,.T.);
#11875 = EDGE_CURVE('',#11866,#11876,#11878,.T.);
#11876 = VERTEX_POINT('',#11877);
#11877 = CARTESIAN_POINT('',(16.8,-10.63455758473,24.527754058019));
#11878 = LINE('',#11879,#11880);
#11879 = CARTESIAN_POINT('',(16.8,-10.63455758473,23.277754058019));
#11880 = VECTOR('',#11881,1.);
#11881 = DIRECTION('',(-2.22044604925E-16,-2.22044604925E-16,1.));
#11882 = ORIENTED_EDGE('',*,*,#11883,.T.);
#11883 = EDGE_CURVE('',#11876,#11884,#11886,.T.);
#11884 = VERTEX_POINT('',#11885);
#11885 = CARTESIAN_POINT('',(17.65,-10.63455758473,24.527754058019));
#11886 = LINE('',#11887,#11888);
#11887 = CARTESIAN_POINT('',(16.8,-10.63455758473,24.527754058019));
#11888 = VECTOR('',#11889,1.);
#11889 = DIRECTION('',(1.,-4.930380657631E-32,2.22044604925E-16));
#11890 = ORIENTED_EDGE('',*,*,#11891,.F.);
#11891 = EDGE_CURVE('',#11868,#11884,#11892,.T.);
#11892 = LINE('',#11893,#11894);
#11893 = CARTESIAN_POINT('',(17.65,-10.63455758473,23.277754058019));
#11894 = VECTOR('',#11895,1.);
#11895 = DIRECTION('',(-2.22044604925E-16,-2.22044604925E-16,1.));
#11896 = PLANE('',#11897);
#11897 = AXIS2_PLACEMENT_3D('',#11898,#11899,#11900);
#11898 = CARTESIAN_POINT('',(16.8,-10.63455758473,23.277754058019));
#11899 = DIRECTION('',(0.,1.,2.22044604925E-16));
#11900 = DIRECTION('',(1.,-4.930380657631E-32,2.22044604925E-16));
#11901 = ADVANCED_FACE('',(#11902),#11936,.T.);
#11902 = FACE_BOUND('',#11903,.T.);
#11903 = EDGE_LOOP('',(#11904,#11914,#11922,#11930));
#11904 = ORIENTED_EDGE('',*,*,#11905,.F.);
#11905 = EDGE_CURVE('',#11906,#11908,#11910,.T.);
#11906 = VERTEX_POINT('',#11907);
#11907 = CARTESIAN_POINT('',(16.8,-8.634557584734,23.277754058019));
#11908 = VERTEX_POINT('',#11909);
#11909 = CARTESIAN_POINT('',(17.65,-8.634557584734,23.277754058019));
#11910 = LINE('',#11911,#11912);
#11911 = CARTESIAN_POINT('',(16.8,-8.634557584734,23.277754058019));
#11912 = VECTOR('',#11913,1.);
#11913 = DIRECTION('',(1.,-4.930380657631E-32,2.22044604925E-16));
#11914 = ORIENTED_EDGE('',*,*,#11915,.T.);
#11915 = EDGE_CURVE('',#11906,#11916,#11918,.T.);
#11916 = VERTEX_POINT('',#11917);
#11917 = CARTESIAN_POINT('',(16.8,-8.634557584734,24.527754058019));
#11918 = LINE('',#11919,#11920);
#11919 = CARTESIAN_POINT('',(16.8,-8.634557584734,23.277754058019));
#11920 = VECTOR('',#11921,1.);
#11921 = DIRECTION('',(-2.22044604925E-16,-2.22044604925E-16,1.));
#11922 = ORIENTED_EDGE('',*,*,#11923,.T.);
#11923 = EDGE_CURVE('',#11916,#11924,#11926,.T.);
#11924 = VERTEX_POINT('',#11925);
#11925 = CARTESIAN_POINT('',(17.65,-8.634557584734,24.527754058019));
#11926 = LINE('',#11927,#11928);
#11927 = CARTESIAN_POINT('',(16.8,-8.634557584734,24.527754058019));
#11928 = VECTOR('',#11929,1.);
#11929 = DIRECTION('',(1.,-4.930380657631E-32,2.22044604925E-16));
#11930 = ORIENTED_EDGE('',*,*,#11931,.F.);
#11931 = EDGE_CURVE('',#11908,#11924,#11932,.T.);
#11932 = LINE('',#11933,#11934);
#11933 = CARTESIAN_POINT('',(17.65,-8.634557584734,23.277754058019));
#11934 = VECTOR('',#11935,1.);
#11935 = DIRECTION('',(-2.22044604925E-16,-2.22044604925E-16,1.));
#11936 = PLANE('',#11937);
#11937 = AXIS2_PLACEMENT_3D('',#11938,#11939,#11940);
#11938 = CARTESIAN_POINT('',(16.8,-8.634557584734,23.277754058019));
#11939 = DIRECTION('',(0.,1.,2.22044604925E-16));
#11940 = DIRECTION('',(1.,-4.930380657631E-32,2.22044604925E-16));
#11941 = ADVANCED_FACE('',(#11942),#11958,.F.);
#11942 = FACE_BOUND('',#11943,.F.);
#11943 = EDGE_LOOP('',(#11944,#11950,#11951,#11957));
#11944 = ORIENTED_EDGE('',*,*,#11945,.F.);
#11945 = EDGE_CURVE('',#11866,#11906,#11946,.T.);
#11946 = LINE('',#11947,#11948);
#11947 = CARTESIAN_POINT('',(16.8,-10.63455758473,23.277754058019));
#11948 = VECTOR('',#11949,1.);
#11949 = DIRECTION('',(0.,1.,2.22044604925E-16));
#11950 = ORIENTED_EDGE('',*,*,#11865,.T.);
#11951 = ORIENTED_EDGE('',*,*,#11952,.T.);
#11952 = EDGE_CURVE('',#11868,#11908,#11953,.T.);
#11953 = LINE('',#11954,#11955);
#11954 = CARTESIAN_POINT('',(17.65,-10.63455758473,23.277754058019));
#11955 = VECTOR('',#11956,1.);
#11956 = DIRECTION('',(0.,1.,2.22044604925E-16));
#11957 = ORIENTED_EDGE('',*,*,#11905,.F.);
#11958 = PLANE('',#11959);
#11959 = AXIS2_PLACEMENT_3D('',#11960,#11961,#11962);
#11960 = CARTESIAN_POINT('',(16.8,-10.63455758473,23.277754058019));
#11961 = DIRECTION('',(-2.22044604925E-16,-2.22044604925E-16,1.));
#11962 = DIRECTION('',(1.,-4.930380657631E-32,2.22044604925E-16));
#11963 = ADVANCED_FACE('',(#11964),#11980,.T.);
#11964 = FACE_BOUND('',#11965,.T.);
#11965 = EDGE_LOOP('',(#11966,#11972,#11973,#11979));
#11966 = ORIENTED_EDGE('',*,*,#11967,.F.);
#11967 = EDGE_CURVE('',#11876,#11916,#11968,.T.);
#11968 = LINE('',#11969,#11970);
#11969 = CARTESIAN_POINT('',(16.8,-10.63455758473,24.527754058019));
#11970 = VECTOR('',#11971,1.);
#11971 = DIRECTION('',(0.,1.,2.22044604925E-16));
#11972 = ORIENTED_EDGE('',*,*,#11883,.T.);
#11973 = ORIENTED_EDGE('',*,*,#11974,.T.);
#11974 = EDGE_CURVE('',#11884,#11924,#11975,.T.);
#11975 = LINE('',#11976,#11977);
#11976 = CARTESIAN_POINT('',(17.65,-10.63455758473,24.527754058019));
#11977 = VECTOR('',#11978,1.);
#11978 = DIRECTION('',(0.,1.,2.22044604925E-16));
#11979 = ORIENTED_EDGE('',*,*,#11923,.F.);
#11980 = PLANE('',#11981);
#11981 = AXIS2_PLACEMENT_3D('',#11982,#11983,#11984);
#11982 = CARTESIAN_POINT('',(16.8,-10.63455758473,24.527754058019));
#11983 = DIRECTION('',(-2.22044604925E-16,-2.22044604925E-16,1.));
#11984 = DIRECTION('',(1.,-4.930380657631E-32,2.22044604925E-16));
#11985 = ADVANCED_FACE('',(#11986),#11992,.F.);
#11986 = FACE_BOUND('',#11987,.F.);
#11987 = EDGE_LOOP('',(#11988,#11989,#11990,#11991));
#11988 = ORIENTED_EDGE('',*,*,#11875,.F.);
#11989 = ORIENTED_EDGE('',*,*,#11945,.T.);
#11990 = ORIENTED_EDGE('',*,*,#11915,.T.);
#11991 = ORIENTED_EDGE('',*,*,#11967,.F.);
#11992 = PLANE('',#11993);
#11993 = AXIS2_PLACEMENT_3D('',#11994,#11995,#11996);
#11994 = CARTESIAN_POINT('',(16.8,-10.63455758473,23.277754058019));
#11995 = DIRECTION('',(1.,-4.930380657631E-32,2.22044604925E-16));
#11996 = DIRECTION('',(0.,1.,2.22044604925E-16));
#11997 = ADVANCED_FACE('',(#11998),#12004,.T.);
#11998 = FACE_BOUND('',#11999,.T.);
#11999 = EDGE_LOOP('',(#12000,#12001,#12002,#12003));
#12000 = ORIENTED_EDGE('',*,*,#11891,.F.);
#12001 = ORIENTED_EDGE('',*,*,#11952,.T.);
#12002 = ORIENTED_EDGE('',*,*,#11931,.T.);
#12003 = ORIENTED_EDGE('',*,*,#11974,.F.);
#12004 = PLANE('',#12005);
#12005 = AXIS2_PLACEMENT_3D('',#12006,#12007,#12008);
#12006 = CARTESIAN_POINT('',(17.65,-10.63455758473,23.277754058019));
#12007 = DIRECTION('',(1.,-4.930380657631E-32,2.22044604925E-16));
#12008 = DIRECTION('',(0.,1.,2.22044604925E-16));
#12009 = MANIFOLD_SOLID_BREP('',#12010);
#12010 = CLOSED_SHELL('',(#12011,#12044,#12053));
#12011 = ADVANCED_FACE('',(#12012),#12039,.T.);
#12012 = FACE_BOUND('',#12013,.F.);
#12013 = EDGE_LOOP('',(#12014,#12024,#12031,#12032));
#12014 = ORIENTED_EDGE('',*,*,#12015,.T.);
#12015 = EDGE_CURVE('',#12016,#12018,#12020,.T.);
#12016 = VERTEX_POINT('',#12017);
#12017 = CARTESIAN_POINT('',(17.45,-12.15955758473,18.202754058019));
#12018 = VERTEX_POINT('',#12019);
#12019 = CARTESIAN_POINT('',(17.45,-12.15955758473,12.402754058019));
#12020 = LINE('',#12021,#12022);
#12021 = CARTESIAN_POINT('',(17.45,-12.15955758473,18.202754058019));
#12022 = VECTOR('',#12023,1.);
#12023 = DIRECTION('',(2.355138688026E-16,7.850462293419E-17,-1.));
#12024 = ORIENTED_EDGE('',*,*,#12025,.T.);
#12025 = EDGE_CURVE('',#12018,#12018,#12026,.T.);
#12026 = CIRCLE('',#12027,0.65);
#12027 = AXIS2_PLACEMENT_3D('',#12028,#12029,#12030);
#12028 = CARTESIAN_POINT('',(17.45,-12.80955758473,12.402754058019));
#12029 = DIRECTION('',(2.355138688026E-16,7.850462293419E-17,-1.));
#12030 = DIRECTION('',(-2.22044604925E-16,1.,7.850462293419E-17));
#12031 = ORIENTED_EDGE('',*,*,#12015,.F.);
#12032 = ORIENTED_EDGE('',*,*,#12033,.F.);
#12033 = EDGE_CURVE('',#12016,#12016,#12034,.T.);
#12034 = CIRCLE('',#12035,0.65);
#12035 = AXIS2_PLACEMENT_3D('',#12036,#12037,#12038);
#12036 = CARTESIAN_POINT('',(17.45,-12.80955758473,18.202754058019));
#12037 = DIRECTION('',(2.355138688026E-16,7.850462293419E-17,-1.));
#12038 = DIRECTION('',(-2.22044604925E-16,1.,7.850462293419E-17));
#12039 = CYLINDRICAL_SURFACE('',#12040,0.65);
#12040 = AXIS2_PLACEMENT_3D('',#12041,#12042,#12043);
#12041 = CARTESIAN_POINT('',(17.45,-12.80955758473,18.202754058019));
#12042 = DIRECTION('',(-2.355138688026E-16,-7.850462293419E-17,1.));
#12043 = DIRECTION('',(-2.22044604925E-16,1.,7.850462293419E-17));
#12044 = ADVANCED_FACE('',(#12045),#12048,.F.);
#12045 = FACE_BOUND('',#12046,.T.);
#12046 = EDGE_LOOP('',(#12047));
#12047 = ORIENTED_EDGE('',*,*,#12033,.F.);
#12048 = PLANE('',#12049);
#12049 = AXIS2_PLACEMENT_3D('',#12050,#12051,#12052);
#12050 = CARTESIAN_POINT('',(17.45,-12.80955758473,18.202754058019));
#12051 = DIRECTION('',(2.355138688026E-16,7.850462293419E-17,-1.));
#12052 = DIRECTION('',(-2.22044604925E-16,1.,7.850462293419E-17));
#12053 = ADVANCED_FACE('',(#12054),#12057,.T.);
#12054 = FACE_BOUND('',#12055,.F.);
#12055 = EDGE_LOOP('',(#12056));
#12056 = ORIENTED_EDGE('',*,*,#12025,.F.);
#12057 = PLANE('',#12058);
#12058 = AXIS2_PLACEMENT_3D('',#12059,#12060,#12061);
#12059 = CARTESIAN_POINT('',(17.45,-12.80955758473,12.402754058019));
#12060 = DIRECTION('',(2.355138688026E-16,7.850462293419E-17,-1.));
#12061 = DIRECTION('',(-2.22044604925E-16,1.,7.850462293419E-17));
#12062 = MANIFOLD_SOLID_BREP('',#12063);
#12063 = CLOSED_SHELL('',(#12064,#12097,#12106));
#12064 = ADVANCED_FACE('',(#12065),#12092,.T.);
#12065 = FACE_BOUND('',#12066,.F.);
#12066 = EDGE_LOOP('',(#12067,#12077,#12084,#12085));
#12067 = ORIENTED_EDGE('',*,*,#12068,.T.);
#12068 = EDGE_CURVE('',#12069,#12071,#12073,.T.);
#12069 = VERTEX_POINT('',#12070);
#12070 = CARTESIAN_POINT('',(17.45,-9.619557584734,18.202754058019));
#12071 = VERTEX_POINT('',#12072);
#12072 = CARTESIAN_POINT('',(17.45,-9.619557584734,12.402754058019));
#12073 = LINE('',#12074,#12075);
#12074 = CARTESIAN_POINT('',(17.45,-9.619557584734,18.202754058019));
#12075 = VECTOR('',#12076,1.);
#12076 = DIRECTION('',(2.355138688026E-16,7.850462293419E-17,-1.));
#12077 = ORIENTED_EDGE('',*,*,#12078,.T.);
#12078 = EDGE_CURVE('',#12071,#12071,#12079,.T.);
#12079 = CIRCLE('',#12080,0.65);
#12080 = AXIS2_PLACEMENT_3D('',#12081,#12082,#12083);
#12081 = CARTESIAN_POINT('',(17.45,-10.26955758473,12.402754058019));
#12082 = DIRECTION('',(2.355138688026E-16,7.850462293419E-17,-1.));
#12083 = DIRECTION('',(-2.22044604925E-16,1.,7.850462293419E-17));
#12084 = ORIENTED_EDGE('',*,*,#12068,.F.);
#12085 = ORIENTED_EDGE('',*,*,#12086,.F.);
#12086 = EDGE_CURVE('',#12069,#12069,#12087,.T.);
#12087 = CIRCLE('',#12088,0.65);
#12088 = AXIS2_PLACEMENT_3D('',#12089,#12090,#12091);
#12089 = CARTESIAN_POINT('',(17.45,-10.26955758473,18.202754058019));
#12090 = DIRECTION('',(2.355138688026E-16,7.850462293419E-17,-1.));
#12091 = DIRECTION('',(-2.22044604925E-16,1.,7.850462293419E-17));
#12092 = CYLINDRICAL_SURFACE('',#12093,0.65);
#12093 = AXIS2_PLACEMENT_3D('',#12094,#12095,#12096);
#12094 = CARTESIAN_POINT('',(17.45,-10.26955758473,18.202754058019));
#12095 = DIRECTION('',(-2.355138688026E-16,-7.850462293419E-17,1.));
#12096 = DIRECTION('',(-2.22044604925E-16,1.,7.850462293419E-17));
#12097 = ADVANCED_FACE('',(#12098),#12101,.F.);
#12098 = FACE_BOUND('',#12099,.T.);
#12099 = EDGE_LOOP('',(#12100));
#12100 = ORIENTED_EDGE('',*,*,#12086,.F.);
#12101 = PLANE('',#12102);
#12102 = AXIS2_PLACEMENT_3D('',#12103,#12104,#12105);
#12103 = CARTESIAN_POINT('',(17.45,-10.26955758473,18.202754058019));
#12104 = DIRECTION('',(2.355138688026E-16,7.850462293419E-17,-1.));
#12105 = DIRECTION('',(-2.22044604925E-16,1.,7.850462293419E-17));
#12106 = ADVANCED_FACE('',(#12107),#12110,.T.);
#12107 = FACE_BOUND('',#12108,.F.);
#12108 = EDGE_LOOP('',(#12109));
#12109 = ORIENTED_EDGE('',*,*,#12078,.F.);
#12110 = PLANE('',#12111);
#12111 = AXIS2_PLACEMENT_3D('',#12112,#12113,#12114);
#12112 = CARTESIAN_POINT('',(17.45,-10.26955758473,12.402754058019));
#12113 = DIRECTION('',(2.355138688026E-16,7.850462293419E-17,-1.));
#12114 = DIRECTION('',(-2.22044604925E-16,1.,7.850462293419E-17));
#12115 = MANIFOLD_SOLID_BREP('',#12116);
#12116 = CLOSED_SHELL('',(#12117,#12150,#12159));
#12117 = ADVANCED_FACE('',(#12118),#12145,.T.);
#12118 = FACE_BOUND('',#12119,.F.);
#12119 = EDGE_LOOP('',(#12120,#12130,#12137,#12138));
#12120 = ORIENTED_EDGE('',*,*,#12121,.T.);
#12121 = EDGE_CURVE('',#12122,#12124,#12126,.T.);
#12122 = VERTEX_POINT('',#12123);
#12123 = CARTESIAN_POINT('',(17.45,-7.079557584734,18.202754058019));
#12124 = VERTEX_POINT('',#12125);
#12125 = CARTESIAN_POINT('',(17.45,-7.079557584734,12.402754058019));
#12126 = LINE('',#12127,#12128);
#12127 = CARTESIAN_POINT('',(17.45,-7.079557584734,18.202754058019));
#12128 = VECTOR('',#12129,1.);
#12129 = DIRECTION('',(2.355138688026E-16,7.850462293419E-17,-1.));
#12130 = ORIENTED_EDGE('',*,*,#12131,.T.);
#12131 = EDGE_CURVE('',#12124,#12124,#12132,.T.);
#12132 = CIRCLE('',#12133,0.65);
#12133 = AXIS2_PLACEMENT_3D('',#12134,#12135,#12136);
#12134 = CARTESIAN_POINT('',(17.45,-7.729557584734,12.402754058019));
#12135 = DIRECTION('',(2.355138688026E-16,7.850462293419E-17,-1.));
#12136 = DIRECTION('',(-2.22044604925E-16,1.,7.850462293419E-17));
#12137 = ORIENTED_EDGE('',*,*,#12121,.F.);
#12138 = ORIENTED_EDGE('',*,*,#12139,.F.);
#12139 = EDGE_CURVE('',#12122,#12122,#12140,.T.);
#12140 = CIRCLE('',#12141,0.65);
#12141 = AXIS2_PLACEMENT_3D('',#12142,#12143,#12144);
#12142 = CARTESIAN_POINT('',(17.45,-7.729557584734,18.202754058019));
#12143 = DIRECTION('',(2.355138688026E-16,7.850462293419E-17,-1.));
#12144 = DIRECTION('',(-2.22044604925E-16,1.,7.850462293419E-17));
#12145 = CYLINDRICAL_SURFACE('',#12146,0.65);
#12146 = AXIS2_PLACEMENT_3D('',#12147,#12148,#12149);
#12147 = CARTESIAN_POINT('',(17.45,-7.729557584734,18.202754058019));
#12148 = DIRECTION('',(-2.355138688026E-16,-7.850462293419E-17,1.));
#12149 = DIRECTION('',(-2.22044604925E-16,1.,7.850462293419E-17));
#12150 = ADVANCED_FACE('',(#12151),#12154,.F.);
#12151 = FACE_BOUND('',#12152,.T.);
#12152 = EDGE_LOOP('',(#12153));
#12153 = ORIENTED_EDGE('',*,*,#12139,.F.);
#12154 = PLANE('',#12155);
#12155 = AXIS2_PLACEMENT_3D('',#12156,#12157,#12158);
#12156 = CARTESIAN_POINT('',(17.45,-7.729557584734,18.202754058019));
#12157 = DIRECTION('',(2.355138688026E-16,7.850462293419E-17,-1.));
#12158 = DIRECTION('',(-2.22044604925E-16,1.,7.850462293419E-17));
#12159 = ADVANCED_FACE('',(#12160),#12163,.T.);
#12160 = FACE_BOUND('',#12161,.F.);
#12161 = EDGE_LOOP('',(#12162));
#12162 = ORIENTED_EDGE('',*,*,#12131,.F.);
#12163 = PLANE('',#12164);
#12164 = AXIS2_PLACEMENT_3D('',#12165,#12166,#12167);
#12165 = CARTESIAN_POINT('',(17.45,-7.729557584734,12.402754058019));
#12166 = DIRECTION('',(2.355138688026E-16,7.850462293419E-17,-1.));
#12167 = DIRECTION('',(-2.22044604925E-16,1.,7.850462293419E-17));
#12168 = ( GEOMETRIC_REPRESENTATION_CONTEXT(3) 
GLOBAL_UNCERTAINTY_ASSIGNED_CONTEXT((#12172)) 
GLOBAL_UNIT_ASSIGNED_CONTEXT((#12169,#12170,#12171)) 
REPRESENTATION_CONTEXT('Context #1',
  '3D Context with UNIT and UNCERTAINTY') );
#12169 = ( LENGTH_UNIT() NAMED_UNIT(*) SI_UNIT(.MILLI.,.METRE.) );
#12170 = ( NAMED_UNIT(*) PLANE_ANGLE_UNIT() SI_UNIT($,.RADIAN.) );
#12171 = ( NAMED_UNIT(*) SI_UNIT($,.STERADIAN.) SOLID_ANGLE_UNIT() );
#12172 = UNCERTAINTY_MEASURE_WITH_UNIT(LENGTH_MEASURE(1.E-07),#12169,
  'distance_accuracy_value','confusion accuracy');
#12173 = CONTEXT_DEPENDENT_SHAPE_REPRESENTATION(#12174,#12176);
#12174 = ( REPRESENTATION_RELATIONSHIP('','',#11357,#10) 
REPRESENTATION_RELATIONSHIP_WITH_TRANSFORMATION(#12175) 
SHAPE_REPRESENTATION_RELATIONSHIP() );
#12175 = ITEM_DEFINED_TRANSFORMATION('','',#11,#63);
#12176 = PRODUCT_DEFINITION_SHAPE('Placement','Placement of an item',
  #12177);
#12177 = NEXT_ASSEMBLY_USAGE_OCCURRENCE('13',
  'Hall-sensor breakout (pcb/hall_breakout)','',#5,#11352,$);
#12178 = PRODUCT_RELATED_PRODUCT_CATEGORY('part',$,(#11354));
#12179 = SHAPE_DEFINITION_REPRESENTATION(#12180,#12186);
#12180 = PRODUCT_DEFINITION_SHAPE('','',#12181);
#12181 = PRODUCT_DEFINITION('design','',#12182,#12185);
#12182 = PRODUCT_DEFINITION_FORMATION('','',#12183);
#12183 = PRODUCT('Long-pass filter: Edmund #54-652, GG-495, 12.5 mm',
  'Long-pass filter: Edmund #54-652, GG-495, 12.5 mm','',(#12184));
#12184 = PRODUCT_CONTEXT('',#2,'mechanical');
#12185 = PRODUCT_DEFINITION_CONTEXT('part definition',#2,'design');
#12186 = ADVANCED_BREP_SHAPE_REPRESENTATION('',(#11,#12187),#12240);
#12187 = MANIFOLD_SOLID_BREP('',#12188);
#12188 = CLOSED_SHELL('',(#12189,#12222,#12231));
#12189 = ADVANCED_FACE('',(#12190),#12217,.T.);
#12190 = FACE_BOUND('',#12191,.F.);
#12191 = EDGE_LOOP('',(#12192,#12202,#12209,#12210));
#12192 = ORIENTED_EDGE('',*,*,#12193,.T.);
#12193 = EDGE_CURVE('',#12194,#12196,#12198,.T.);
#12194 = VERTEX_POINT('',#12195);
#12195 = CARTESIAN_POINT('',(6.25,2.720458146424,39.620458146424));
#12196 = VERTEX_POINT('',#12197);
#12197 = CARTESIAN_POINT('',(6.25,2.720458146424,42.620458146424));
#12198 = LINE('',#12199,#12200);
#12199 = CARTESIAN_POINT('',(6.25,2.720458146424,39.620458146424));
#12200 = VECTOR('',#12201,1.);
#12201 = DIRECTION('',(0.,0.,1.));
#12202 = ORIENTED_EDGE('',*,*,#12203,.T.);
#12203 = EDGE_CURVE('',#12196,#12196,#12204,.T.);
#12204 = CIRCLE('',#12205,6.25);
#12205 = AXIS2_PLACEMENT_3D('',#12206,#12207,#12208);
#12206 = CARTESIAN_POINT('',(1.7763568394E-15,2.720458146424,
    42.620458146424));
#12207 = DIRECTION('',(0.,0.,1.));
#12208 = DIRECTION('',(1.,0.,0.));
#12209 = ORIENTED_EDGE('',*,*,#12193,.F.);
#12210 = ORIENTED_EDGE('',*,*,#12211,.F.);
#12211 = EDGE_CURVE('',#12194,#12194,#12212,.T.);
#12212 = CIRCLE('',#12213,6.25);
#12213 = AXIS2_PLACEMENT_3D('',#12214,#12215,#12216);
#12214 = CARTESIAN_POINT('',(1.7763568394E-15,2.720458146424,
    39.620458146424));
#12215 = DIRECTION('',(0.,0.,1.));
#12216 = DIRECTION('',(1.,0.,0.));
#12217 = CYLINDRICAL_SURFACE('',#12218,6.25);
#12218 = AXIS2_PLACEMENT_3D('',#12219,#12220,#12221);
#12219 = CARTESIAN_POINT('',(1.7763568394E-15,2.720458146424,
    39.620458146424));
#12220 = DIRECTION('',(-0.,-0.,-1.));
#12221 = DIRECTION('',(1.,0.,0.));
#12222 = ADVANCED_FACE('',(#12223),#12226,.F.);
#12223 = FACE_BOUND('',#12224,.T.);
#12224 = EDGE_LOOP('',(#12225));
#12225 = ORIENTED_EDGE('',*,*,#12211,.F.);
#12226 = PLANE('',#12227);
#12227 = AXIS2_PLACEMENT_3D('',#12228,#12229,#12230);
#12228 = CARTESIAN_POINT('',(1.7763568394E-15,2.720458146424,
    39.620458146424));
#12229 = DIRECTION('',(0.,0.,1.));
#12230 = DIRECTION('',(1.,0.,0.));
#12231 = ADVANCED_FACE('',(#12232),#12235,.T.);
#12232 = FACE_BOUND('',#12233,.F.);
#12233 = EDGE_LOOP('',(#12234));
#12234 = ORIENTED_EDGE('',*,*,#12203,.F.);
#12235 = PLANE('',#12236);
#12236 = AXIS2_PLACEMENT_3D('',#12237,#12238,#12239);
#12237 = CARTESIAN_POINT('',(1.7763568394E-15,2.720458146424,
    42.620458146424));
#12238 = DIRECTION('',(0.,0.,1.));
#12239 = DIRECTION('',(1.,0.,0.));
#12240 = ( GEOMETRIC_REPRESENTATION_CONTEXT(3) 
GLOBAL_UNCERTAINTY_ASSIGNED_CONTEXT((#12244)) 
GLOBAL_UNIT_ASSIGNED_CONTEXT((#12241,#12242,#12243)) 
REPRESENTATION_CONTEXT('Context #1',
  '3D Context with UNIT and UNCERTAINTY') );
#12241 = ( LENGTH_UNIT() NAMED_UNIT(*) SI_UNIT(.MILLI.,.METRE.) );
#12242 = ( NAMED_UNIT(*) PLANE_ANGLE_UNIT() SI_UNIT($,.RADIAN.) );
#12243 = ( NAMED_UNIT(*) SI_UNIT($,.STERADIAN.) SOLID_ANGLE_UNIT() );
#12244 = UNCERTAINTY_MEASURE_WITH_UNIT(LENGTH_MEASURE(1.E-07),#12241,
  'distance_accuracy_value','confusion accuracy');
#12245 = CONTEXT_DEPENDENT_SHAPE_REPRESENTATION(#12246,#12248);
#12246 = ( REPRESENTATION_RELATIONSHIP('','',#12186,#10) 
REPRESENTATION_RELATIONSHIP_WITH_TRANSFORMATION(#12247) 
SHAPE_REPRESENTATION_RELATIONSHIP() );
#12247 = ITEM_DEFINED_TRANSFORMATION('','',#11,#67);
#12248 = PRODUCT_DEFINITION_SHAPE('Placement','Placement of an item',
  #12249);
#12249 = NEXT_ASSEMBLY_USAGE_OCCURRENCE('14',
  'Long-pass filter: Edmund #54-652, GG-495, 12.5 mm','',#5,#12181,$);
#12250 = PRODUCT_RELATED_PRODUCT_CATEGORY('part',$,(#12183));
#12251 = SHAPE_DEFINITION_REPRESENTATION(#12252,#12258);
#12252 = PRODUCT_DEFINITION_SHAPE('','',#12253);
#12253 = PRODUCT_DEFINITION('design','',#12254,#12257);
#12254 = PRODUCT_DEFINITION_FORMATION('','',#12255);
#12255 = PRODUCT('Objective: Commonlands CIL161 16 mm (at f/4)',
  'Objective: Commonlands CIL161 16 mm (at f/4)','',(#12256));
#12256 = PRODUCT_CONTEXT('',#2,'mechanical');
#12257 = PRODUCT_DEFINITION_CONTEXT('part definition',#2,'design');
#12258 = SHAPE_REPRESENTATION('',(#11,#12259,#12312,#12365,#12418),
  #12471);
#12259 = MANIFOLD_SOLID_BREP('',#12260);
#12260 = CLOSED_SHELL('',(#12261,#12294,#12303));
#12261 = ADVANCED_FACE('',(#12262),#12289,.T.);
#12262 = FACE_BOUND('',#12263,.F.);
#12263 = EDGE_LOOP('',(#12264,#12274,#12281,#12282));
#12264 = ORIENTED_EDGE('',*,*,#12265,.T.);
#12265 = EDGE_CURVE('',#12266,#12268,#12270,.T.);
#12266 = VERTEX_POINT('',#12267);
#12267 = CARTESIAN_POINT('',(6.,2.720458146424,52.120458146424));
#12268 = VERTEX_POINT('',#12269);
#12269 = CARTESIAN_POINT('',(6.,2.720458146424,61.120458146424));
#12270 = LINE('',#12271,#12272);
#12271 = CARTESIAN_POINT('',(6.,2.720458146424,52.120458146424));
#12272 = VECTOR('',#12273,1.);
#12273 = DIRECTION('',(0.,0.,1.));
#12274 = ORIENTED_EDGE('',*,*,#12275,.T.);
#12275 = EDGE_CURVE('',#12268,#12268,#12276,.T.);
#12276 = CIRCLE('',#12277,6.);
#12277 = AXIS2_PLACEMENT_3D('',#12278,#12279,#12280);
#12278 = CARTESIAN_POINT('',(2.6645352591E-15,2.720458146424,
    61.120458146424));
#12279 = DIRECTION('',(0.,0.,1.));
#12280 = DIRECTION('',(1.,0.,0.));
#12281 = ORIENTED_EDGE('',*,*,#12265,.F.);
#12282 = ORIENTED_EDGE('',*,*,#12283,.F.);
#12283 = EDGE_CURVE('',#12266,#12266,#12284,.T.);
#12284 = CIRCLE('',#12285,6.);
#12285 = AXIS2_PLACEMENT_3D('',#12286,#12287,#12288);
#12286 = CARTESIAN_POINT('',(2.6645352591E-15,2.720458146424,
    52.120458146424));
#12287 = DIRECTION('',(0.,0.,1.));
#12288 = DIRECTION('',(1.,0.,0.));
#12289 = CYLINDRICAL_SURFACE('',#12290,6.);
#12290 = AXIS2_PLACEMENT_3D('',#12291,#12292,#12293);
#12291 = CARTESIAN_POINT('',(2.6645352591E-15,2.720458146424,
    52.120458146424));
#12292 = DIRECTION('',(-0.,-0.,-1.));
#12293 = DIRECTION('',(1.,0.,0.));
#12294 = ADVANCED_FACE('',(#12295),#12298,.F.);
#12295 = FACE_BOUND('',#12296,.T.);
#12296 = EDGE_LOOP('',(#12297));
#12297 = ORIENTED_EDGE('',*,*,#12283,.F.);
#12298 = PLANE('',#12299);
#12299 = AXIS2_PLACEMENT_3D('',#12300,#12301,#12302);
#12300 = CARTESIAN_POINT('',(2.6645352591E-15,2.720458146424,
    52.120458146424));
#12301 = DIRECTION('',(0.,0.,1.));
#12302 = DIRECTION('',(1.,0.,0.));
#12303 = ADVANCED_FACE('',(#12304),#12307,.T.);
#12304 = FACE_BOUND('',#12305,.F.);
#12305 = EDGE_LOOP('',(#12306));
#12306 = ORIENTED_EDGE('',*,*,#12275,.F.);
#12307 = PLANE('',#12308);
#12308 = AXIS2_PLACEMENT_3D('',#12309,#12310,#12311);
#12309 = CARTESIAN_POINT('',(2.6645352591E-15,2.720458146424,
    61.120458146424));
#12310 = DIRECTION('',(0.,0.,1.));
#12311 = DIRECTION('',(1.,0.,0.));
#12312 = MANIFOLD_SOLID_BREP('',#12313);
#12313 = CLOSED_SHELL('',(#12314,#12347,#12356));
#12314 = ADVANCED_FACE('',(#12315),#12342,.T.);
#12315 = FACE_BOUND('',#12316,.F.);
#12316 = EDGE_LOOP('',(#12317,#12327,#12334,#12335));
#12317 = ORIENTED_EDGE('',*,*,#12318,.T.);
#12318 = EDGE_CURVE('',#12319,#12321,#12323,.T.);
#12319 = VERTEX_POINT('',#12320);
#12320 = CARTESIAN_POINT('',(7.,2.720458146424,42.620458146424));
#12321 = VERTEX_POINT('',#12322);
#12322 = CARTESIAN_POINT('',(7.,2.720458146424,52.120458146424));
#12323 = LINE('',#12324,#12325);
#12324 = CARTESIAN_POINT('',(7.,2.720458146424,42.620458146424));
#12325 = VECTOR('',#12326,1.);
#12326 = DIRECTION('',(0.,0.,1.));
#12327 = ORIENTED_EDGE('',*,*,#12328,.T.);
#12328 = EDGE_CURVE('',#12321,#12321,#12329,.T.);
#12329 = CIRCLE('',#12330,7.);
#12330 = AXIS2_PLACEMENT_3D('',#12331,#12332,#12333);
#12331 = CARTESIAN_POINT('',(2.6645352591E-15,2.720458146424,
    52.120458146424));
#12332 = DIRECTION('',(0.,0.,1.));
#12333 = DIRECTION('',(1.,0.,0.));
#12334 = ORIENTED_EDGE('',*,*,#12318,.F.);
#12335 = ORIENTED_EDGE('',*,*,#12336,.F.);
#12336 = EDGE_CURVE('',#12319,#12319,#12337,.T.);
#12337 = CIRCLE('',#12338,7.);
#12338 = AXIS2_PLACEMENT_3D('',#12339,#12340,#12341);
#12339 = CARTESIAN_POINT('',(2.6645352591E-15,2.720458146424,
    42.620458146424));
#12340 = DIRECTION('',(0.,0.,1.));
#12341 = DIRECTION('',(1.,0.,0.));
#12342 = CYLINDRICAL_SURFACE('',#12343,7.);
#12343 = AXIS2_PLACEMENT_3D('',#12344,#12345,#12346);
#12344 = CARTESIAN_POINT('',(2.6645352591E-15,2.720458146424,
    42.620458146424));
#12345 = DIRECTION('',(-0.,-0.,-1.));
#12346 = DIRECTION('',(1.,0.,0.));
#12347 = ADVANCED_FACE('',(#12348),#12351,.F.);
#12348 = FACE_BOUND('',#12349,.T.);
#12349 = EDGE_LOOP('',(#12350));
#12350 = ORIENTED_EDGE('',*,*,#12336,.F.);
#12351 = PLANE('',#12352);
#12352 = AXIS2_PLACEMENT_3D('',#12353,#12354,#12355);
#12353 = CARTESIAN_POINT('',(2.6645352591E-15,2.720458146424,
    42.620458146424));
#12354 = DIRECTION('',(0.,0.,1.));
#12355 = DIRECTION('',(1.,0.,0.));
#12356 = ADVANCED_FACE('',(#12357),#12360,.T.);
#12357 = FACE_BOUND('',#12358,.F.);
#12358 = EDGE_LOOP('',(#12359));
#12359 = ORIENTED_EDGE('',*,*,#12328,.F.);
#12360 = PLANE('',#12361);
#12361 = AXIS2_PLACEMENT_3D('',#12362,#12363,#12364);
#12362 = CARTESIAN_POINT('',(2.6645352591E-15,2.720458146424,
    52.120458146424));
#12363 = DIRECTION('',(0.,0.,1.));
#12364 = DIRECTION('',(1.,0.,0.));
#12365 = MANIFOLD_SOLID_BREP('',#12366);
#12366 = CLOSED_SHELL('',(#12367,#12400,#12409));
#12367 = ADVANCED_FACE('',(#12368),#12395,.T.);
#12368 = FACE_BOUND('',#12369,.F.);
#12369 = EDGE_LOOP('',(#12370,#12380,#12387,#12388));
#12370 = ORIENTED_EDGE('',*,*,#12371,.T.);
#12371 = EDGE_CURVE('',#12372,#12374,#12376,.T.);
#12372 = VERTEX_POINT('',#12373);
#12373 = CARTESIAN_POINT('',(5.,2.720458146424,42.920458146424));
#12374 = VERTEX_POINT('',#12375);
#12375 = CARTESIAN_POINT('',(5.,2.720458146424,43.520458146424));
#12376 = LINE('',#12377,#12378);
#12377 = CARTESIAN_POINT('',(5.,2.720458146424,42.920458146424));
#12378 = VECTOR('',#12379,1.);
#12379 = DIRECTION('',(0.,0.,1.));
#12380 = ORIENTED_EDGE('',*,*,#12381,.T.);
#12381 = EDGE_CURVE('',#12374,#12374,#12382,.T.);
#12382 = CIRCLE('',#12383,5.);
#12383 = AXIS2_PLACEMENT_3D('',#12384,#12385,#12386);
#12384 = CARTESIAN_POINT('',(2.6645352591E-15,2.720458146424,
    43.520458146424));
#12385 = DIRECTION('',(0.,0.,1.));
#12386 = DIRECTION('',(1.,0.,0.));
#12387 = ORIENTED_EDGE('',*,*,#12371,.F.);
#12388 = ORIENTED_EDGE('',*,*,#12389,.F.);
#12389 = EDGE_CURVE('',#12372,#12372,#12390,.T.);
#12390 = CIRCLE('',#12391,5.);
#12391 = AXIS2_PLACEMENT_3D('',#12392,#12393,#12394);
#12392 = CARTESIAN_POINT('',(2.6645352591E-15,2.720458146424,
    42.920458146424));
#12393 = DIRECTION('',(0.,0.,1.));
#12394 = DIRECTION('',(1.,0.,0.));
#12395 = CYLINDRICAL_SURFACE('',#12396,5.);
#12396 = AXIS2_PLACEMENT_3D('',#12397,#12398,#12399);
#12397 = CARTESIAN_POINT('',(2.6645352591E-15,2.720458146424,
    42.920458146424));
#12398 = DIRECTION('',(-0.,-0.,-1.));
#12399 = DIRECTION('',(1.,0.,0.));
#12400 = ADVANCED_FACE('',(#12401),#12404,.F.);
#12401 = FACE_BOUND('',#12402,.T.);
#12402 = EDGE_LOOP('',(#12403));
#12403 = ORIENTED_EDGE('',*,*,#12389,.F.);
#12404 = PLANE('',#12405);
#12405 = AXIS2_PLACEMENT_3D('',#12406,#12407,#12408);
#12406 = CARTESIAN_POINT('',(2.6645352591E-15,2.720458146424,
    42.920458146424));
#12407 = DIRECTION('',(0.,0.,1.));
#12408 = DIRECTION('',(1.,0.,0.));
#12409 = ADVANCED_FACE('',(#12410),#12413,.T.);
#12410 = FACE_BOUND('',#12411,.F.);
#12411 = EDGE_LOOP('',(#12412));
#12412 = ORIENTED_EDGE('',*,*,#12381,.F.);
#12413 = PLANE('',#12414);
#12414 = AXIS2_PLACEMENT_3D('',#12415,#12416,#12417);
#12415 = CARTESIAN_POINT('',(2.6645352591E-15,2.720458146424,
    43.520458146424));
#12416 = DIRECTION('',(0.,0.,1.));
#12417 = DIRECTION('',(1.,0.,0.));
#12418 = MANIFOLD_SOLID_BREP('',#12419);
#12419 = CLOSED_SHELL('',(#12420,#12453,#12462));
#12420 = ADVANCED_FACE('',(#12421),#12448,.T.);
#12421 = FACE_BOUND('',#12422,.F.);
#12422 = EDGE_LOOP('',(#12423,#12433,#12440,#12441));
#12423 = ORIENTED_EDGE('',*,*,#12424,.T.);
#12424 = EDGE_CURVE('',#12425,#12427,#12429,.T.);
#12425 = VERTEX_POINT('',#12426);
#12426 = CARTESIAN_POINT('',(4.,2.720458146424,60.570458146424));
#12427 = VERTEX_POINT('',#12428);
#12428 = CARTESIAN_POINT('',(4.,2.720458146424,61.170458146424));
#12429 = LINE('',#12430,#12431);
#12430 = CARTESIAN_POINT('',(4.,2.720458146424,60.570458146424));
#12431 = VECTOR('',#12432,1.);
#12432 = DIRECTION('',(0.,0.,1.));
#12433 = ORIENTED_EDGE('',*,*,#12434,.T.);
#12434 = EDGE_CURVE('',#12427,#12427,#12435,.T.);
#12435 = CIRCLE('',#12436,4.);
#12436 = AXIS2_PLACEMENT_3D('',#12437,#12438,#12439);
#12437 = CARTESIAN_POINT('',(2.6645352591E-15,2.720458146424,
    61.170458146424));
#12438 = DIRECTION('',(0.,0.,1.));
#12439 = DIRECTION('',(1.,0.,0.));
#12440 = ORIENTED_EDGE('',*,*,#12424,.F.);
#12441 = ORIENTED_EDGE('',*,*,#12442,.F.);
#12442 = EDGE_CURVE('',#12425,#12425,#12443,.T.);
#12443 = CIRCLE('',#12444,4.);
#12444 = AXIS2_PLACEMENT_3D('',#12445,#12446,#12447);
#12445 = CARTESIAN_POINT('',(2.6645352591E-15,2.720458146424,
    60.570458146424));
#12446 = DIRECTION('',(0.,0.,1.));
#12447 = DIRECTION('',(1.,0.,0.));
#12448 = CYLINDRICAL_SURFACE('',#12449,4.);
#12449 = AXIS2_PLACEMENT_3D('',#12450,#12451,#12452);
#12450 = CARTESIAN_POINT('',(2.6645352591E-15,2.720458146424,
    60.570458146424));
#12451 = DIRECTION('',(-0.,-0.,-1.));
#12452 = DIRECTION('',(1.,0.,0.));
#12453 = ADVANCED_FACE('',(#12454),#12457,.F.);
#12454 = FACE_BOUND('',#12455,.T.);
#12455 = EDGE_LOOP('',(#12456));
#12456 = ORIENTED_EDGE('',*,*,#12442,.F.);
#12457 = PLANE('',#12458);
#12458 = AXIS2_PLACEMENT_3D('',#12459,#12460,#12461);
#12459 = CARTESIAN_POINT('',(2.6645352591E-15,2.720458146424,
    60.570458146424));
#12460 = DIRECTION('',(0.,0.,1.));
#12461 = DIRECTION('',(1.,0.,0.));
#12462 = ADVANCED_FACE('',(#12463),#12466,.T.);
#12463 = FACE_BOUND('',#12464,.F.);
#12464 = EDGE_LOOP('',(#12465));
#12465 = ORIENTED_EDGE('',*,*,#12434,.F.);
#12466 = PLANE('',#12467);
#12467 = AXIS2_PLACEMENT_3D('',#12468,#12469,#12470);
#12468 = CARTESIAN_POINT('',(2.6645352591E-15,2.720458146424,
    61.170458146424));
#12469 = DIRECTION('',(0.,0.,1.));
#12470 = DIRECTION('',(1.,0.,0.));
#12471 = ( GEOMETRIC_REPRESENTATION_CONTEXT(3) 
GLOBAL_UNCERTAINTY_ASSIGNED_CONTEXT((#12475)) 
GLOBAL_UNIT_ASSIGNED_CONTEXT((#12472,#12473,#12474)) 
REPRESENTATION_CONTEXT('Context #1',
  '3D Context with UNIT and UNCERTAINTY') );
#12472 = ( LENGTH_UNIT() NAMED_UNIT(*) SI_UNIT(.MILLI.,.METRE.) );
#12473 = ( NAMED_UNIT(*) PLANE_ANGLE_UNIT() SI_UNIT($,.RADIAN.) );
#12474 = ( NAMED_UNIT(*) SI_UNIT($,.STERADIAN.) SOLID_ANGLE_UNIT() );
#12475 = UNCERTAINTY_MEASURE_WITH_UNIT(LENGTH_MEASURE(1.E-07),#12472,
  'distance_accuracy_value','confusion accuracy');
#12476 = CONTEXT_DEPENDENT_SHAPE_REPRESENTATION(#12477,#12479);
#12477 = ( REPRESENTATION_RELATIONSHIP('','',#12258,#10) 
REPRESENTATION_RELATIONSHIP_WITH_TRANSFORMATION(#12478) 
SHAPE_REPRESENTATION_RELATIONSHIP() );
#12478 = ITEM_DEFINED_TRANSFORMATION('','',#11,#71);
#12479 = PRODUCT_DEFINITION_SHAPE('Placement','Placement of an item',
  #12480);
#12480 = NEXT_ASSEMBLY_USAGE_OCCURRENCE('15',
  'Objective: Commonlands CIL161 16 mm (at f/4)','',#5,#12253,$);
#12481 = PRODUCT_RELATED_PRODUCT_CATEGORY('part',$,(#12255));
#12482 = SHAPE_DEFINITION_REPRESENTATION(#12483,#12489);
#12483 = PRODUCT_DEFINITION_SHAPE('','',#12484);
#12484 = PRODUCT_DEFINITION('design','',#12485,#12488);
#12485 = PRODUCT_DEFINITION_FORMATION('','',#12486);
#12486 = PRODUCT('M12 holder: uxcell, cut down (objective)',
  'M12 holder: uxcell, cut down (objective)','',(#12487));
#12487 = PRODUCT_CONTEXT('',#2,'mechanical');
#12488 = PRODUCT_DEFINITION_CONTEXT('part definition',#2,'design');
#12489 = ADVANCED_BREP_SHAPE_REPRESENTATION('',(#11,#12490),#12802);
#12490 = MANIFOLD_SOLID_BREP('',#12491);
#12491 = CLOSED_SHELL('',(#12492,#12525,#12545,#12610,#12635,#12666,
    #12690,#12714,#12731,#12756,#12781));
#12492 = ADVANCED_FACE('',(#12493),#12520,.T.);
#12493 = FACE_BOUND('',#12494,.F.);
#12494 = EDGE_LOOP('',(#12495,#12504,#12512,#12519));
#12495 = ORIENTED_EDGE('',*,*,#12496,.F.);
#12496 = EDGE_CURVE('',#12497,#12497,#12499,.T.);
#12497 = VERTEX_POINT('',#12498);
#12498 = CARTESIAN_POINT('',(7.5,2.720458146424,52.120458146424));
#12499 = CIRCLE('',#12500,7.5);
#12500 = AXIS2_PLACEMENT_3D('',#12501,#12502,#12503);
#12501 = CARTESIAN_POINT('',(1.7763568394E-15,2.720458146424,
    52.120458146424));
#12502 = DIRECTION('',(0.,0.,1.));
#12503 = DIRECTION('',(1.,0.,0.));
#12504 = ORIENTED_EDGE('',*,*,#12505,.T.);
#12505 = EDGE_CURVE('',#12497,#12506,#12508,.T.);
#12506 = VERTEX_POINT('',#12507);
#12507 = CARTESIAN_POINT('',(7.5,2.720458146424,60.120458146424));
#12508 = LINE('',#12509,#12510);
#12509 = CARTESIAN_POINT('',(7.5,2.720458146424,52.120458146424));
#12510 = VECTOR('',#12511,1.);
#12511 = DIRECTION('',(0.,0.,1.));
#12512 = ORIENTED_EDGE('',*,*,#12513,.F.);
#12513 = EDGE_CURVE('',#12506,#12506,#12514,.T.);
#12514 = CIRCLE('',#12515,7.5);
#12515 = AXIS2_PLACEMENT_3D('',#12516,#12517,#12518);
#12516 = CARTESIAN_POINT('',(1.7763568394E-15,2.720458146424,
    60.120458146424));
#12517 = DIRECTION('',(0.,0.,-1.));
#12518 = DIRECTION('',(1.,0.,0.));
#12519 = ORIENTED_EDGE('',*,*,#12505,.F.);
#12520 = CYLINDRICAL_SURFACE('',#12521,7.5);
#12521 = AXIS2_PLACEMENT_3D('',#12522,#12523,#12524);
#12522 = CARTESIAN_POINT('',(1.7763568394E-15,2.720458146424,
    52.120458146424));
#12523 = DIRECTION('',(-0.,-0.,-1.));
#12524 = DIRECTION('',(1.,0.,0.));
#12525 = ADVANCED_FACE('',(#12526,#12529),#12540,.F.);
#12526 = FACE_BOUND('',#12527,.F.);
#12527 = EDGE_LOOP('',(#12528));
#12528 = ORIENTED_EDGE('',*,*,#12496,.T.);
#12529 = FACE_BOUND('',#12530,.F.);
#12530 = EDGE_LOOP('',(#12531));
#12531 = ORIENTED_EDGE('',*,*,#12532,.T.);
#12532 = EDGE_CURVE('',#12533,#12533,#12535,.T.);
#12533 = VERTEX_POINT('',#12534);
#12534 = CARTESIAN_POINT('',(6.,2.720458146424,52.120458146424));
#12535 = CIRCLE('',#12536,6.);
#12536 = AXIS2_PLACEMENT_3D('',#12537,#12538,#12539);
#12537 = CARTESIAN_POINT('',(1.7763568394E-15,2.720458146424,
    52.120458146424));
#12538 = DIRECTION('',(0.,0.,-1.));
#12539 = DIRECTION('',(1.,0.,0.));
#12540 = PLANE('',#12541);
#12541 = AXIS2_PLACEMENT_3D('',#12542,#12543,#12544);
#12542 = CARTESIAN_POINT('',(1.7763568394E-15,2.720458146424,
    52.120458146424));
#12543 = DIRECTION('',(0.,0.,1.));
#12544 = DIRECTION('',(1.,0.,0.));
#12545 = ADVANCED_FACE('',(#12546,#12580,#12591,#12594),#12605,.F.);
#12546 = FACE_BOUND('',#12547,.F.);
#12547 = EDGE_LOOP('',(#12548,#12558,#12566,#12574));
#12548 = ORIENTED_EDGE('',*,*,#12549,.F.);
#12549 = EDGE_CURVE('',#12550,#12552,#12554,.T.);
#12550 = VERTEX_POINT('',#12551);
#12551 = CARTESIAN_POINT('',(-12.,-5.779541853576,60.120458146424));
#12552 = VERTEX_POINT('',#12553);
#12553 = CARTESIAN_POINT('',(-12.,11.220458146424,60.120458146424));
#12554 = LINE('',#12555,#12556);
#12555 = CARTESIAN_POINT('',(-12.,-5.779541853576,60.120458146424));
#12556 = VECTOR('',#12557,1.);
#12557 = DIRECTION('',(0.,1.,0.));
#12558 = ORIENTED_EDGE('',*,*,#12559,.T.);
#12559 = EDGE_CURVE('',#12550,#12560,#12562,.T.);
#12560 = VERTEX_POINT('',#12561);
#12561 = CARTESIAN_POINT('',(12.,-5.779541853576,60.120458146424));
#12562 = LINE('',#12563,#12564);
#12563 = CARTESIAN_POINT('',(-12.,-5.779541853576,60.120458146424));
#12564 = VECTOR('',#12565,1.);
#12565 = DIRECTION('',(1.,0.,0.));
#12566 = ORIENTED_EDGE('',*,*,#12567,.T.);
#12567 = EDGE_CURVE('',#12560,#12568,#12570,.T.);
#12568 = VERTEX_POINT('',#12569);
#12569 = CARTESIAN_POINT('',(12.,11.220458146424,60.120458146424));
#12570 = LINE('',#12571,#12572);
#12571 = CARTESIAN_POINT('',(12.,-5.779541853576,60.120458146424));
#12572 = VECTOR('',#12573,1.);
#12573 = DIRECTION('',(0.,1.,0.));
#12574 = ORIENTED_EDGE('',*,*,#12575,.F.);
#12575 = EDGE_CURVE('',#12552,#12568,#12576,.T.);
#12576 = LINE('',#12577,#12578);
#12577 = CARTESIAN_POINT('',(-12.,11.220458146424,60.120458146424));
#12578 = VECTOR('',#12579,1.);
#12579 = DIRECTION('',(1.,0.,0.));
#12580 = FACE_BOUND('',#12581,.F.);
#12581 = EDGE_LOOP('',(#12582));
#12582 = ORIENTED_EDGE('',*,*,#12583,.T.);
#12583 = EDGE_CURVE('',#12584,#12584,#12586,.T.);
#12584 = VERTEX_POINT('',#12585);
#12585 = CARTESIAN_POINT('',(-8.9,2.720458146424,60.120458146424));
#12586 = CIRCLE('',#12587,1.1);
#12587 = AXIS2_PLACEMENT_3D('',#12588,#12589,#12590);
#12588 = CARTESIAN_POINT('',(-10.,2.720458146424,60.120458146424));
#12589 = DIRECTION('',(0.,0.,-1.));
#12590 = DIRECTION('',(1.,0.,0.));
#12591 = FACE_BOUND('',#12592,.F.);
#12592 = EDGE_LOOP('',(#12593));
#12593 = ORIENTED_EDGE('',*,*,#12513,.T.);
#12594 = FACE_BOUND('',#12595,.F.);
#12595 = EDGE_LOOP('',(#12596));
#12596 = ORIENTED_EDGE('',*,*,#12597,.T.);
#12597 = EDGE_CURVE('',#12598,#12598,#12600,.T.);
#12598 = VERTEX_POINT('',#12599);
#12599 = CARTESIAN_POINT('',(11.1,2.720458146424,60.120458146424));
#12600 = CIRCLE('',#12601,1.1);
#12601 = AXIS2_PLACEMENT_3D('',#12602,#12603,#12604);
#12602 = CARTESIAN_POINT('',(10.,2.720458146424,60.120458146424));
#12603 = DIRECTION('',(0.,0.,-1.));
#12604 = DIRECTION('',(1.,0.,0.));
#12605 = PLANE('',#12606);
#12606 = AXIS2_PLACEMENT_3D('',#12607,#12608,#12609);
#12607 = CARTESIAN_POINT('',(-12.,-5.779541853576,60.120458146424));
#12608 = DIRECTION('',(0.,0.,1.));
#12609 = DIRECTION('',(1.,0.,0.));
#12610 = ADVANCED_FACE('',(#12611),#12630,.F.);
#12611 = FACE_BOUND('',#12612,.T.);
#12612 = EDGE_LOOP('',(#12613,#12614,#12622,#12629));
#12613 = ORIENTED_EDGE('',*,*,#12532,.T.);
#12614 = ORIENTED_EDGE('',*,*,#12615,.T.);
#12615 = EDGE_CURVE('',#12533,#12616,#12618,.T.);
#12616 = VERTEX_POINT('',#12617);
#12617 = CARTESIAN_POINT('',(6.,2.720458146424,62.120458146424));
#12618 = LINE('',#12619,#12620);
#12619 = CARTESIAN_POINT('',(6.,2.720458146424,51.120458146424));
#12620 = VECTOR('',#12621,1.);
#12621 = DIRECTION('',(0.,0.,1.));
#12622 = ORIENTED_EDGE('',*,*,#12623,.F.);
#12623 = EDGE_CURVE('',#12616,#12616,#12624,.T.);
#12624 = CIRCLE('',#12625,6.);
#12625 = AXIS2_PLACEMENT_3D('',#12626,#12627,#12628);
#12626 = CARTESIAN_POINT('',(1.7763568394E-15,2.720458146424,
    62.120458146424));
#12627 = DIRECTION('',(0.,0.,-1.));
#12628 = DIRECTION('',(1.,0.,0.));
#12629 = ORIENTED_EDGE('',*,*,#12615,.F.);
#12630 = CYLINDRICAL_SURFACE('',#12631,6.);
#12631 = AXIS2_PLACEMENT_3D('',#12632,#12633,#12634);
#12632 = CARTESIAN_POINT('',(1.7763568394E-15,2.720458146424,
    51.120458146424));
#12633 = DIRECTION('',(-0.,-0.,-1.));
#12634 = DIRECTION('',(1.,0.,0.));
#12635 = ADVANCED_FACE('',(#12636),#12661,.F.);
#12636 = FACE_BOUND('',#12637,.F.);
#12637 = EDGE_LOOP('',(#12638,#12646,#12647,#12655));
#12638 = ORIENTED_EDGE('',*,*,#12639,.F.);
#12639 = EDGE_CURVE('',#12550,#12640,#12642,.T.);
#12640 = VERTEX_POINT('',#12641);
#12641 = CARTESIAN_POINT('',(-12.,-5.779541853576,62.120458146424));
#12642 = LINE('',#12643,#12644);
#12643 = CARTESIAN_POINT('',(-12.,-5.779541853576,60.120458146424));
#12644 = VECTOR('',#12645,1.);
#12645 = DIRECTION('',(0.,0.,1.));
#12646 = ORIENTED_EDGE('',*,*,#12549,.T.);
#12647 = ORIENTED_EDGE('',*,*,#12648,.T.);
#12648 = EDGE_CURVE('',#12552,#12649,#12651,.T.);
#12649 = VERTEX_POINT('',#12650);
#12650 = CARTESIAN_POINT('',(-12.,11.220458146424,62.120458146424));
#12651 = LINE('',#12652,#12653);
#12652 = CARTESIAN_POINT('',(-12.,11.220458146424,60.120458146424));
#12653 = VECTOR('',#12654,1.);
#12654 = DIRECTION('',(0.,0.,1.));
#12655 = ORIENTED_EDGE('',*,*,#12656,.F.);
#12656 = EDGE_CURVE('',#12640,#12649,#12657,.T.);
#12657 = LINE('',#12658,#12659);
#12658 = CARTESIAN_POINT('',(-12.,-5.779541853576,62.120458146424));
#12659 = VECTOR('',#12660,1.);
#12660 = DIRECTION('',(0.,1.,0.));
#12661 = PLANE('',#12662);
#12662 = AXIS2_PLACEMENT_3D('',#12663,#12664,#12665);
#12663 = CARTESIAN_POINT('',(-12.,-5.779541853576,60.120458146424));
#12664 = DIRECTION('',(1.,0.,0.));
#12665 = DIRECTION('',(0.,0.,1.));
#12666 = ADVANCED_FACE('',(#12667),#12685,.T.);
#12667 = FACE_BOUND('',#12668,.T.);
#12668 = EDGE_LOOP('',(#12669,#12670,#12671,#12679));
#12669 = ORIENTED_EDGE('',*,*,#12575,.F.);
#12670 = ORIENTED_EDGE('',*,*,#12648,.T.);
#12671 = ORIENTED_EDGE('',*,*,#12672,.T.);
#12672 = EDGE_CURVE('',#12649,#12673,#12675,.T.);
#12673 = VERTEX_POINT('',#12674);
#12674 = CARTESIAN_POINT('',(12.,11.220458146424,62.120458146424));
#12675 = LINE('',#12676,#12677);
#12676 = CARTESIAN_POINT('',(-12.,11.220458146424,62.120458146424));
#12677 = VECTOR('',#12678,1.);
#12678 = DIRECTION('',(1.,0.,0.));
#12679 = ORIENTED_EDGE('',*,*,#12680,.F.);
#12680 = EDGE_CURVE('',#12568,#12673,#12681,.T.);
#12681 = LINE('',#12682,#12683);
#12682 = CARTESIAN_POINT('',(12.,11.220458146424,60.120458146424));
#12683 = VECTOR('',#12684,1.);
#12684 = DIRECTION('',(0.,0.,1.));
#12685 = PLANE('',#12686);
#12686 = AXIS2_PLACEMENT_3D('',#12687,#12688,#12689);
#12687 = CARTESIAN_POINT('',(-12.,11.220458146424,60.120458146424));
#12688 = DIRECTION('',(0.,1.,0.));
#12689 = DIRECTION('',(0.,0.,1.));
#12690 = ADVANCED_FACE('',(#12691),#12709,.F.);
#12691 = FACE_BOUND('',#12692,.F.);
#12692 = EDGE_LOOP('',(#12693,#12694,#12695,#12703));
#12693 = ORIENTED_EDGE('',*,*,#12559,.F.);
#12694 = ORIENTED_EDGE('',*,*,#12639,.T.);
#12695 = ORIENTED_EDGE('',*,*,#12696,.T.);
#12696 = EDGE_CURVE('',#12640,#12697,#12699,.T.);
#12697 = VERTEX_POINT('',#12698);
#12698 = CARTESIAN_POINT('',(12.,-5.779541853576,62.120458146424));
#12699 = LINE('',#12700,#12701);
#12700 = CARTESIAN_POINT('',(-12.,-5.779541853576,62.120458146424));
#12701 = VECTOR('',#12702,1.);
#12702 = DIRECTION('',(1.,0.,0.));
#12703 = ORIENTED_EDGE('',*,*,#12704,.F.);
#12704 = EDGE_CURVE('',#12560,#12697,#12705,.T.);
#12705 = LINE('',#12706,#12707);
#12706 = CARTESIAN_POINT('',(12.,-5.779541853576,60.120458146424));
#12707 = VECTOR('',#12708,1.);
#12708 = DIRECTION('',(0.,0.,1.));
#12709 = PLANE('',#12710);
#12710 = AXIS2_PLACEMENT_3D('',#12711,#12712,#12713);
#12711 = CARTESIAN_POINT('',(-12.,-5.779541853576,60.120458146424));
#12712 = DIRECTION('',(0.,1.,0.));
#12713 = DIRECTION('',(0.,0.,1.));
#12714 = ADVANCED_FACE('',(#12715),#12726,.T.);
#12715 = FACE_BOUND('',#12716,.T.);
#12716 = EDGE_LOOP('',(#12717,#12718,#12719,#12720));
#12717 = ORIENTED_EDGE('',*,*,#12704,.F.);
#12718 = ORIENTED_EDGE('',*,*,#12567,.T.);
#12719 = ORIENTED_EDGE('',*,*,#12680,.T.);
#12720 = ORIENTED_EDGE('',*,*,#12721,.F.);
#12721 = EDGE_CURVE('',#12697,#12673,#12722,.T.);
#12722 = LINE('',#12723,#12724);
#12723 = CARTESIAN_POINT('',(12.,-5.779541853576,62.120458146424));
#12724 = VECTOR('',#12725,1.);
#12725 = DIRECTION('',(0.,1.,0.));
#12726 = PLANE('',#12727);
#12727 = AXIS2_PLACEMENT_3D('',#12728,#12729,#12730);
#12728 = CARTESIAN_POINT('',(12.,-5.779541853576,60.120458146424));
#12729 = DIRECTION('',(1.,0.,0.));
#12730 = DIRECTION('',(0.,0.,1.));
#12731 = ADVANCED_FACE('',(#12732),#12751,.F.);
#12732 = FACE_BOUND('',#12733,.T.);
#12733 = EDGE_LOOP('',(#12734,#12735,#12743,#12750));
#12734 = ORIENTED_EDGE('',*,*,#12583,.T.);
#12735 = ORIENTED_EDGE('',*,*,#12736,.T.);
#12736 = EDGE_CURVE('',#12584,#12737,#12739,.T.);
#12737 = VERTEX_POINT('',#12738);
#12738 = CARTESIAN_POINT('',(-8.9,2.720458146424,62.120458146424));
#12739 = LINE('',#12740,#12741);
#12740 = CARTESIAN_POINT('',(-8.9,2.720458146424,59.120458146424));
#12741 = VECTOR('',#12742,1.);
#12742 = DIRECTION('',(0.,0.,1.));
#12743 = ORIENTED_EDGE('',*,*,#12744,.F.);
#12744 = EDGE_CURVE('',#12737,#12737,#12745,.T.);
#12745 = CIRCLE('',#12746,1.1);
#12746 = AXIS2_PLACEMENT_3D('',#12747,#12748,#12749);
#12747 = CARTESIAN_POINT('',(-10.,2.720458146424,62.120458146424));
#12748 = DIRECTION('',(0.,0.,-1.));
#12749 = DIRECTION('',(1.,0.,0.));
#12750 = ORIENTED_EDGE('',*,*,#12736,.F.);
#12751 = CYLINDRICAL_SURFACE('',#12752,1.1);
#12752 = AXIS2_PLACEMENT_3D('',#12753,#12754,#12755);
#12753 = CARTESIAN_POINT('',(-10.,2.720458146424,59.120458146424));
#12754 = DIRECTION('',(-0.,-0.,-1.));
#12755 = DIRECTION('',(1.,0.,0.));
#12756 = ADVANCED_FACE('',(#12757),#12776,.F.);
#12757 = FACE_BOUND('',#12758,.T.);
#12758 = EDGE_LOOP('',(#12759,#12760,#12768,#12775));
#12759 = ORIENTED_EDGE('',*,*,#12597,.T.);
#12760 = ORIENTED_EDGE('',*,*,#12761,.T.);
#12761 = EDGE_CURVE('',#12598,#12762,#12764,.T.);
#12762 = VERTEX_POINT('',#12763);
#12763 = CARTESIAN_POINT('',(11.1,2.720458146424,62.120458146424));
#12764 = LINE('',#12765,#12766);
#12765 = CARTESIAN_POINT('',(11.1,2.720458146424,59.120458146424));
#12766 = VECTOR('',#12767,1.);
#12767 = DIRECTION('',(0.,0.,1.));
#12768 = ORIENTED_EDGE('',*,*,#12769,.F.);
#12769 = EDGE_CURVE('',#12762,#12762,#12770,.T.);
#12770 = CIRCLE('',#12771,1.1);
#12771 = AXIS2_PLACEMENT_3D('',#12772,#12773,#12774);
#12772 = CARTESIAN_POINT('',(10.,2.720458146424,62.120458146424));
#12773 = DIRECTION('',(0.,0.,-1.));
#12774 = DIRECTION('',(1.,0.,0.));
#12775 = ORIENTED_EDGE('',*,*,#12761,.F.);
#12776 = CYLINDRICAL_SURFACE('',#12777,1.1);
#12777 = AXIS2_PLACEMENT_3D('',#12778,#12779,#12780);
#12778 = CARTESIAN_POINT('',(10.,2.720458146424,59.120458146424));
#12779 = DIRECTION('',(-0.,-0.,-1.));
#12780 = DIRECTION('',(1.,0.,0.));
#12781 = ADVANCED_FACE('',(#12782,#12788,#12791,#12794),#12797,.T.);
#12782 = FACE_BOUND('',#12783,.T.);
#12783 = EDGE_LOOP('',(#12784,#12785,#12786,#12787));
#12784 = ORIENTED_EDGE('',*,*,#12656,.F.);
#12785 = ORIENTED_EDGE('',*,*,#12696,.T.);
#12786 = ORIENTED_EDGE('',*,*,#12721,.T.);
#12787 = ORIENTED_EDGE('',*,*,#12672,.F.);
#12788 = FACE_BOUND('',#12789,.T.);
#12789 = EDGE_LOOP('',(#12790));
#12790 = ORIENTED_EDGE('',*,*,#12744,.T.);
#12791 = FACE_BOUND('',#12792,.T.);
#12792 = EDGE_LOOP('',(#12793));
#12793 = ORIENTED_EDGE('',*,*,#12623,.T.);
#12794 = FACE_BOUND('',#12795,.T.);
#12795 = EDGE_LOOP('',(#12796));
#12796 = ORIENTED_EDGE('',*,*,#12769,.T.);
#12797 = PLANE('',#12798);
#12798 = AXIS2_PLACEMENT_3D('',#12799,#12800,#12801);
#12799 = CARTESIAN_POINT('',(-12.,-5.779541853576,62.120458146424));
#12800 = DIRECTION('',(0.,0.,1.));
#12801 = DIRECTION('',(1.,0.,0.));
#12802 = ( GEOMETRIC_REPRESENTATION_CONTEXT(3) 
GLOBAL_UNCERTAINTY_ASSIGNED_CONTEXT((#12806)) 
GLOBAL_UNIT_ASSIGNED_CONTEXT((#12803,#12804,#12805)) 
REPRESENTATION_CONTEXT('Context #1',
  '3D Context with UNIT and UNCERTAINTY') );
#12803 = ( LENGTH_UNIT() NAMED_UNIT(*) SI_UNIT(.MILLI.,.METRE.) );
#12804 = ( NAMED_UNIT(*) PLANE_ANGLE_UNIT() SI_UNIT($,.RADIAN.) );
#12805 = ( NAMED_UNIT(*) SI_UNIT($,.STERADIAN.) SOLID_ANGLE_UNIT() );
#12806 = UNCERTAINTY_MEASURE_WITH_UNIT(LENGTH_MEASURE(1.E-07),#12803,
  'distance_accuracy_value','confusion accuracy');
#12807 = CONTEXT_DEPENDENT_SHAPE_REPRESENTATION(#12808,#12810);
#12808 = ( REPRESENTATION_RELATIONSHIP('','',#12489,#10) 
REPRESENTATION_RELATIONSHIP_WITH_TRANSFORMATION(#12809) 
SHAPE_REPRESENTATION_RELATIONSHIP() );
#12809 = ITEM_DEFINED_TRANSFORMATION('','',#11,#75);
#12810 = PRODUCT_DEFINITION_SHAPE('Placement','Placement of an item',
  #12811);
#12811 = NEXT_ASSEMBLY_USAGE_OCCURRENCE('16',
  'M12 holder: uxcell, cut down (objective)','',#5,#12484,$);
#12812 = PRODUCT_RELATED_PRODUCT_CATEGORY('part',$,(#12486));
#12813 = SHAPE_DEFINITION_REPRESENTATION(#12814,#12820);
#12814 = PRODUCT_DEFINITION_SHAPE('','',#12815);
#12815 = PRODUCT_DEFINITION('design','',#12816,#12819);
#12816 = PRODUCT_DEFINITION_FORMATION('','',#12817);
#12817 = PRODUCT('Slit: two snap-off blade pieces, 50 um gap',
  'Slit: two snap-off blade pieces, 50 um gap','',(#12818));
#12818 = PRODUCT_CONTEXT('',#2,'mechanical');
#12819 = PRODUCT_DEFINITION_CONTEXT('part definition',#2,'design');
#12820 = SHAPE_REPRESENTATION('',(#11,#12821,#12971),#13121);
#12821 = MANIFOLD_SOLID_BREP('',#12822);
#12822 = CLOSED_SHELL('',(#12823,#12863,#12903,#12925,#12947,#12959));
#12823 = ADVANCED_FACE('',(#12824),#12858,.F.);
#12824 = FACE_BOUND('',#12825,.F.);
#12825 = EDGE_LOOP('',(#12826,#12836,#12844,#12852));
#12826 = ORIENTED_EDGE('',*,*,#12827,.F.);
#12827 = EDGE_CURVE('',#12828,#12830,#12832,.T.);
#12828 = VERTEX_POINT('',#12829);
#12829 = CARTESIAN_POINT('',(-10.,2.745458146424,68.080905907619));
#12830 = VERTEX_POINT('',#12831);
#12831 = CARTESIAN_POINT('',(-10.,2.745458146424,68.460905907619));
#12832 = LINE('',#12833,#12834);
#12833 = CARTESIAN_POINT('',(-10.,2.745458146424,68.080905907619));
#12834 = VECTOR('',#12835,1.);
#12835 = DIRECTION('',(0.,0.,1.));
#12836 = ORIENTED_EDGE('',*,*,#12837,.T.);
#12837 = EDGE_CURVE('',#12828,#12838,#12840,.T.);
#12838 = VERTEX_POINT('',#12839);
#12839 = CARTESIAN_POINT('',(-10.,11.745458146424,68.080905907619));
#12840 = LINE('',#12841,#12842);
#12841 = CARTESIAN_POINT('',(-10.,2.745458146424,68.080905907619));
#12842 = VECTOR('',#12843,1.);
#12843 = DIRECTION('',(0.,1.,0.));
#12844 = ORIENTED_EDGE('',*,*,#12845,.T.);
#12845 = EDGE_CURVE('',#12838,#12846,#12848,.T.);
#12846 = VERTEX_POINT('',#12847);
#12847 = CARTESIAN_POINT('',(-10.,11.745458146424,68.460905907619));
#12848 = LINE('',#12849,#12850);
#12849 = CARTESIAN_POINT('',(-10.,11.745458146424,68.080905907619));
#12850 = VECTOR('',#12851,1.);
#12851 = DIRECTION('',(0.,0.,1.));
#12852 = ORIENTED_EDGE('',*,*,#12853,.F.);
#12853 = EDGE_CURVE('',#12830,#12846,#12854,.T.);
#12854 = LINE('',#12855,#12856);
#12855 = CARTESIAN_POINT('',(-10.,2.745458146424,68.460905907619));
#12856 = VECTOR('',#12857,1.);
#12857 = DIRECTION('',(0.,1.,0.));
#12858 = PLANE('',#12859);
#12859 = AXIS2_PLACEMENT_3D('',#12860,#12861,#12862);
#12860 = CARTESIAN_POINT('',(-10.,2.745458146424,68.080905907619));
#12861 = DIRECTION('',(1.,0.,0.));
#12862 = DIRECTION('',(0.,0.,1.));
#12863 = ADVANCED_FACE('',(#12864),#12898,.T.);
#12864 = FACE_BOUND('',#12865,.T.);
#12865 = EDGE_LOOP('',(#12866,#12876,#12884,#12892));
#12866 = ORIENTED_EDGE('',*,*,#12867,.F.);
#12867 = EDGE_CURVE('',#12868,#12870,#12872,.T.);
#12868 = VERTEX_POINT('',#12869);
#12869 = CARTESIAN_POINT('',(10.,2.745458146424,68.080905907619));
#12870 = VERTEX_POINT('',#12871);
#12871 = CARTESIAN_POINT('',(10.,2.745458146424,68.460905907619));
#12872 = LINE('',#12873,#12874);
#12873 = CARTESIAN_POINT('',(10.,2.745458146424,68.080905907619));
#12874 = VECTOR('',#12875,1.);
#12875 = DIRECTION('',(0.,0.,1.));
#12876 = ORIENTED_EDGE('',*,*,#12877,.T.);
#12877 = EDGE_CURVE('',#12868,#12878,#12880,.T.);
#12878 = VERTEX_POINT('',#12879);
#12879 = CARTESIAN_POINT('',(10.,11.745458146424,68.080905907619));
#12880 = LINE('',#12881,#12882);
#12881 = CARTESIAN_POINT('',(10.,2.745458146424,68.080905907619));
#12882 = VECTOR('',#12883,1.);
#12883 = DIRECTION('',(0.,1.,0.));
#12884 = ORIENTED_EDGE('',*,*,#12885,.T.);
#12885 = EDGE_CURVE('',#12878,#12886,#12888,.T.);
#12886 = VERTEX_POINT('',#12887);
#12887 = CARTESIAN_POINT('',(10.,11.745458146424,68.460905907619));
#12888 = LINE('',#12889,#12890);
#12889 = CARTESIAN_POINT('',(10.,11.745458146424,68.080905907619));
#12890 = VECTOR('',#12891,1.);
#12891 = DIRECTION('',(0.,0.,1.));
#12892 = ORIENTED_EDGE('',*,*,#12893,.F.);
#12893 = EDGE_CURVE('',#12870,#12886,#12894,.T.);
#12894 = LINE('',#12895,#12896);
#12895 = CARTESIAN_POINT('',(10.,2.745458146424,68.460905907619));
#12896 = VECTOR('',#12897,1.);
#12897 = DIRECTION('',(0.,1.,0.));
#12898 = PLANE('',#12899);
#12899 = AXIS2_PLACEMENT_3D('',#12900,#12901,#12902);
#12900 = CARTESIAN_POINT('',(10.,2.745458146424,68.080905907619));
#12901 = DIRECTION('',(1.,0.,0.));
#12902 = DIRECTION('',(0.,0.,1.));
#12903 = ADVANCED_FACE('',(#12904),#12920,.F.);
#12904 = FACE_BOUND('',#12905,.F.);
#12905 = EDGE_LOOP('',(#12906,#12912,#12913,#12919));
#12906 = ORIENTED_EDGE('',*,*,#12907,.F.);
#12907 = EDGE_CURVE('',#12828,#12868,#12908,.T.);
#12908 = LINE('',#12909,#12910);
#12909 = CARTESIAN_POINT('',(-10.,2.745458146424,68.080905907619));
#12910 = VECTOR('',#12911,1.);
#12911 = DIRECTION('',(1.,0.,0.));
#12912 = ORIENTED_EDGE('',*,*,#12827,.T.);
#12913 = ORIENTED_EDGE('',*,*,#12914,.T.);
#12914 = EDGE_CURVE('',#12830,#12870,#12915,.T.);
#12915 = LINE('',#12916,#12917);
#12916 = CARTESIAN_POINT('',(-10.,2.745458146424,68.460905907619));
#12917 = VECTOR('',#12918,1.);
#12918 = DIRECTION('',(1.,0.,0.));
#12919 = ORIENTED_EDGE('',*,*,#12867,.F.);
#12920 = PLANE('',#12921);
#12921 = AXIS2_PLACEMENT_3D('',#12922,#12923,#12924);
#12922 = CARTESIAN_POINT('',(-10.,2.745458146424,68.080905907619));
#12923 = DIRECTION('',(0.,1.,0.));
#12924 = DIRECTION('',(0.,0.,1.));
#12925 = ADVANCED_FACE('',(#12926),#12942,.T.);
#12926 = FACE_BOUND('',#12927,.T.);
#12927 = EDGE_LOOP('',(#12928,#12934,#12935,#12941));
#12928 = ORIENTED_EDGE('',*,*,#12929,.F.);
#12929 = EDGE_CURVE('',#12838,#12878,#12930,.T.);
#12930 = LINE('',#12931,#12932);
#12931 = CARTESIAN_POINT('',(-10.,11.745458146424,68.080905907619));
#12932 = VECTOR('',#12933,1.);
#12933 = DIRECTION('',(1.,0.,0.));
#12934 = ORIENTED_EDGE('',*,*,#12845,.T.);
#12935 = ORIENTED_EDGE('',*,*,#12936,.T.);
#12936 = EDGE_CURVE('',#12846,#12886,#12937,.T.);
#12937 = LINE('',#12938,#12939);
#12938 = CARTESIAN_POINT('',(-10.,11.745458146424,68.460905907619));
#12939 = VECTOR('',#12940,1.);
#12940 = DIRECTION('',(1.,0.,0.));
#12941 = ORIENTED_EDGE('',*,*,#12885,.F.);
#12942 = PLANE('',#12943);
#12943 = AXIS2_PLACEMENT_3D('',#12944,#12945,#12946);
#12944 = CARTESIAN_POINT('',(-10.,11.745458146424,68.080905907619));
#12945 = DIRECTION('',(0.,1.,0.));
#12946 = DIRECTION('',(0.,0.,1.));
#12947 = ADVANCED_FACE('',(#12948),#12954,.F.);
#12948 = FACE_BOUND('',#12949,.F.);
#12949 = EDGE_LOOP('',(#12950,#12951,#12952,#12953));
#12950 = ORIENTED_EDGE('',*,*,#12837,.F.);
#12951 = ORIENTED_EDGE('',*,*,#12907,.T.);
#12952 = ORIENTED_EDGE('',*,*,#12877,.T.);
#12953 = ORIENTED_EDGE('',*,*,#12929,.F.);
#12954 = PLANE('',#12955);
#12955 = AXIS2_PLACEMENT_3D('',#12956,#12957,#12958);
#12956 = CARTESIAN_POINT('',(-10.,2.745458146424,68.080905907619));
#12957 = DIRECTION('',(0.,0.,1.));
#12958 = DIRECTION('',(1.,0.,0.));
#12959 = ADVANCED_FACE('',(#12960),#12966,.T.);
#12960 = FACE_BOUND('',#12961,.T.);
#12961 = EDGE_LOOP('',(#12962,#12963,#12964,#12965));
#12962 = ORIENTED_EDGE('',*,*,#12853,.F.);
#12963 = ORIENTED_EDGE('',*,*,#12914,.T.);
#12964 = ORIENTED_EDGE('',*,*,#12893,.T.);
#12965 = ORIENTED_EDGE('',*,*,#12936,.F.);
#12966 = PLANE('',#12967);
#12967 = AXIS2_PLACEMENT_3D('',#12968,#12969,#12970);
#12968 = CARTESIAN_POINT('',(-10.,2.745458146424,68.460905907619));
#12969 = DIRECTION('',(0.,0.,1.));
#12970 = DIRECTION('',(1.,0.,0.));
#12971 = MANIFOLD_SOLID_BREP('',#12972);
#12972 = CLOSED_SHELL('',(#12973,#13013,#13053,#13075,#13097,#13109));
#12973 = ADVANCED_FACE('',(#12974),#13008,.F.);
#12974 = FACE_BOUND('',#12975,.F.);
#12975 = EDGE_LOOP('',(#12976,#12986,#12994,#13002));
#12976 = ORIENTED_EDGE('',*,*,#12977,.F.);
#12977 = EDGE_CURVE('',#12978,#12980,#12982,.T.);
#12978 = VERTEX_POINT('',#12979);
#12979 = CARTESIAN_POINT('',(-10.,-6.304541853576,68.080905907619));
#12980 = VERTEX_POINT('',#12981);
#12981 = CARTESIAN_POINT('',(-10.,-6.304541853576,68.460905907619));
#12982 = LINE('',#12983,#12984);
#12983 = CARTESIAN_POINT('',(-10.,-6.304541853576,68.080905907619));
#12984 = VECTOR('',#12985,1.);
#12985 = DIRECTION('',(0.,0.,1.));
#12986 = ORIENTED_EDGE('',*,*,#12987,.T.);
#12987 = EDGE_CURVE('',#12978,#12988,#12990,.T.);
#12988 = VERTEX_POINT('',#12989);
#12989 = CARTESIAN_POINT('',(-10.,2.695458146424,68.080905907619));
#12990 = LINE('',#12991,#12992);
#12991 = CARTESIAN_POINT('',(-10.,-6.304541853576,68.080905907619));
#12992 = VECTOR('',#12993,1.);
#12993 = DIRECTION('',(0.,1.,0.));
#12994 = ORIENTED_EDGE('',*,*,#12995,.T.);
#12995 = EDGE_CURVE('',#12988,#12996,#12998,.T.);
#12996 = VERTEX_POINT('',#12997);
#12997 = CARTESIAN_POINT('',(-10.,2.695458146424,68.460905907619));
#12998 = LINE('',#12999,#13000);
#12999 = CARTESIAN_POINT('',(-10.,2.695458146424,68.080905907619));
#13000 = VECTOR('',#13001,1.);
#13001 = DIRECTION('',(0.,0.,1.));
#13002 = ORIENTED_EDGE('',*,*,#13003,.F.);
#13003 = EDGE_CURVE('',#12980,#12996,#13004,.T.);
#13004 = LINE('',#13005,#13006);
#13005 = CARTESIAN_POINT('',(-10.,-6.304541853576,68.460905907619));
#13006 = VECTOR('',#13007,1.);
#13007 = DIRECTION('',(0.,1.,0.));
#13008 = PLANE('',#13009);
#13009 = AXIS2_PLACEMENT_3D('',#13010,#13011,#13012);
#13010 = CARTESIAN_POINT('',(-10.,-6.304541853576,68.080905907619));
#13011 = DIRECTION('',(1.,0.,0.));
#13012 = DIRECTION('',(0.,0.,1.));
#13013 = ADVANCED_FACE('',(#13014),#13048,.T.);
#13014 = FACE_BOUND('',#13015,.T.);
#13015 = EDGE_LOOP('',(#13016,#13026,#13034,#13042));
#13016 = ORIENTED_EDGE('',*,*,#13017,.F.);
#13017 = EDGE_CURVE('',#13018,#13020,#13022,.T.);
#13018 = VERTEX_POINT('',#13019);
#13019 = CARTESIAN_POINT('',(10.,-6.304541853576,68.080905907619));
#13020 = VERTEX_POINT('',#13021);
#13021 = CARTESIAN_POINT('',(10.,-6.304541853576,68.460905907619));
#13022 = LINE('',#13023,#13024);
#13023 = CARTESIAN_POINT('',(10.,-6.304541853576,68.080905907619));
#13024 = VECTOR('',#13025,1.);
#13025 = DIRECTION('',(0.,0.,1.));
#13026 = ORIENTED_EDGE('',*,*,#13027,.T.);
#13027 = EDGE_CURVE('',#13018,#13028,#13030,.T.);
#13028 = VERTEX_POINT('',#13029);
#13029 = CARTESIAN_POINT('',(10.,2.695458146424,68.080905907619));
#13030 = LINE('',#13031,#13032);
#13031 = CARTESIAN_POINT('',(10.,-6.304541853576,68.080905907619));
#13032 = VECTOR('',#13033,1.);
#13033 = DIRECTION('',(0.,1.,0.));
#13034 = ORIENTED_EDGE('',*,*,#13035,.T.);
#13035 = EDGE_CURVE('',#13028,#13036,#13038,.T.);
#13036 = VERTEX_POINT('',#13037);
#13037 = CARTESIAN_POINT('',(10.,2.695458146424,68.460905907619));
#13038 = LINE('',#13039,#13040);
#13039 = CARTESIAN_POINT('',(10.,2.695458146424,68.080905907619));
#13040 = VECTOR('',#13041,1.);
#13041 = DIRECTION('',(0.,0.,1.));
#13042 = ORIENTED_EDGE('',*,*,#13043,.F.);
#13043 = EDGE_CURVE('',#13020,#13036,#13044,.T.);
#13044 = LINE('',#13045,#13046);
#13045 = CARTESIAN_POINT('',(10.,-6.304541853576,68.460905907619));
#13046 = VECTOR('',#13047,1.);
#13047 = DIRECTION('',(0.,1.,0.));
#13048 = PLANE('',#13049);
#13049 = AXIS2_PLACEMENT_3D('',#13050,#13051,#13052);
#13050 = CARTESIAN_POINT('',(10.,-6.304541853576,68.080905907619));
#13051 = DIRECTION('',(1.,0.,0.));
#13052 = DIRECTION('',(0.,0.,1.));
#13053 = ADVANCED_FACE('',(#13054),#13070,.F.);
#13054 = FACE_BOUND('',#13055,.F.);
#13055 = EDGE_LOOP('',(#13056,#13062,#13063,#13069));
#13056 = ORIENTED_EDGE('',*,*,#13057,.F.);
#13057 = EDGE_CURVE('',#12978,#13018,#13058,.T.);
#13058 = LINE('',#13059,#13060);
#13059 = CARTESIAN_POINT('',(-10.,-6.304541853576,68.080905907619));
#13060 = VECTOR('',#13061,1.);
#13061 = DIRECTION('',(1.,0.,0.));
#13062 = ORIENTED_EDGE('',*,*,#12977,.T.);
#13063 = ORIENTED_EDGE('',*,*,#13064,.T.);
#13064 = EDGE_CURVE('',#12980,#13020,#13065,.T.);
#13065 = LINE('',#13066,#13067);
#13066 = CARTESIAN_POINT('',(-10.,-6.304541853576,68.460905907619));
#13067 = VECTOR('',#13068,1.);
#13068 = DIRECTION('',(1.,0.,0.));
#13069 = ORIENTED_EDGE('',*,*,#13017,.F.);
#13070 = PLANE('',#13071);
#13071 = AXIS2_PLACEMENT_3D('',#13072,#13073,#13074);
#13072 = CARTESIAN_POINT('',(-10.,-6.304541853576,68.080905907619));
#13073 = DIRECTION('',(0.,1.,0.));
#13074 = DIRECTION('',(0.,0.,1.));
#13075 = ADVANCED_FACE('',(#13076),#13092,.T.);
#13076 = FACE_BOUND('',#13077,.T.);
#13077 = EDGE_LOOP('',(#13078,#13084,#13085,#13091));
#13078 = ORIENTED_EDGE('',*,*,#13079,.F.);
#13079 = EDGE_CURVE('',#12988,#13028,#13080,.T.);
#13080 = LINE('',#13081,#13082);
#13081 = CARTESIAN_POINT('',(-10.,2.695458146424,68.080905907619));
#13082 = VECTOR('',#13083,1.);
#13083 = DIRECTION('',(1.,0.,0.));
#13084 = ORIENTED_EDGE('',*,*,#12995,.T.);
#13085 = ORIENTED_EDGE('',*,*,#13086,.T.);
#13086 = EDGE_CURVE('',#12996,#13036,#13087,.T.);
#13087 = LINE('',#13088,#13089);
#13088 = CARTESIAN_POINT('',(-10.,2.695458146424,68.460905907619));
#13089 = VECTOR('',#13090,1.);
#13090 = DIRECTION('',(1.,0.,0.));
#13091 = ORIENTED_EDGE('',*,*,#13035,.F.);
#13092 = PLANE('',#13093);
#13093 = AXIS2_PLACEMENT_3D('',#13094,#13095,#13096);
#13094 = CARTESIAN_POINT('',(-10.,2.695458146424,68.080905907619));
#13095 = DIRECTION('',(0.,1.,0.));
#13096 = DIRECTION('',(0.,0.,1.));
#13097 = ADVANCED_FACE('',(#13098),#13104,.F.);
#13098 = FACE_BOUND('',#13099,.F.);
#13099 = EDGE_LOOP('',(#13100,#13101,#13102,#13103));
#13100 = ORIENTED_EDGE('',*,*,#12987,.F.);
#13101 = ORIENTED_EDGE('',*,*,#13057,.T.);
#13102 = ORIENTED_EDGE('',*,*,#13027,.T.);
#13103 = ORIENTED_EDGE('',*,*,#13079,.F.);
#13104 = PLANE('',#13105);
#13105 = AXIS2_PLACEMENT_3D('',#13106,#13107,#13108);
#13106 = CARTESIAN_POINT('',(-10.,-6.304541853576,68.080905907619));
#13107 = DIRECTION('',(0.,0.,1.));
#13108 = DIRECTION('',(1.,0.,0.));
#13109 = ADVANCED_FACE('',(#13110),#13116,.T.);
#13110 = FACE_BOUND('',#13111,.T.);
#13111 = EDGE_LOOP('',(#13112,#13113,#13114,#13115));
#13112 = ORIENTED_EDGE('',*,*,#13003,.F.);
#13113 = ORIENTED_EDGE('',*,*,#13064,.T.);
#13114 = ORIENTED_EDGE('',*,*,#13043,.T.);
#13115 = ORIENTED_EDGE('',*,*,#13086,.F.);
#13116 = PLANE('',#13117);
#13117 = AXIS2_PLACEMENT_3D('',#13118,#13119,#13120);
#13118 = CARTESIAN_POINT('',(-10.,-6.304541853576,68.460905907619));
#13119 = DIRECTION('',(0.,0.,1.));
#13120 = DIRECTION('',(1.,0.,0.));
#13121 = ( GEOMETRIC_REPRESENTATION_CONTEXT(3) 
GLOBAL_UNCERTAINTY_ASSIGNED_CONTEXT((#13125)) 
GLOBAL_UNIT_ASSIGNED_CONTEXT((#13122,#13123,#13124)) 
REPRESENTATION_CONTEXT('Context #1',
  '3D Context with UNIT and UNCERTAINTY') );
#13122 = ( LENGTH_UNIT() NAMED_UNIT(*) SI_UNIT(.MILLI.,.METRE.) );
#13123 = ( NAMED_UNIT(*) PLANE_ANGLE_UNIT() SI_UNIT($,.RADIAN.) );
#13124 = ( NAMED_UNIT(*) SI_UNIT($,.STERADIAN.) SOLID_ANGLE_UNIT() );
#13125 = UNCERTAINTY_MEASURE_WITH_UNIT(LENGTH_MEASURE(1.E-07),#13122,
  'distance_accuracy_value','confusion accuracy');
#13126 = CONTEXT_DEPENDENT_SHAPE_REPRESENTATION(#13127,#13129);
#13127 = ( REPRESENTATION_RELATIONSHIP('','',#12820,#10) 
REPRESENTATION_RELATIONSHIP_WITH_TRANSFORMATION(#13128) 
SHAPE_REPRESENTATION_RELATIONSHIP() );
#13128 = ITEM_DEFINED_TRANSFORMATION('','',#11,#79);
#13129 = PRODUCT_DEFINITION_SHAPE('Placement','Placement of an item',
  #13130);
#13130 = NEXT_ASSEMBLY_USAGE_OCCURRENCE('17',
  'Slit: two snap-off blade pieces, 50 um gap','',#5,#12815,$);
#13131 = PRODUCT_RELATED_PRODUCT_CATEGORY('part',$,(#12817));
#13132 = SHAPE_DEFINITION_REPRESENTATION(#13133,#13139);
#13133 = PRODUCT_DEFINITION_SHAPE('','',#13134);
#13134 = PRODUCT_DEFINITION('design','',#13135,#13138);
#13135 = PRODUCT_DEFINITION_FORMATION('','',#13136);
#13136 = PRODUCT('Field lens: Edmund #49-840, PCX 12.7 mm, f = 15 mm',
  'Field lens: Edmund #49-840, PCX 12.7 mm, f = 15 mm','',(#13137));
#13137 = PRODUCT_CONTEXT('',#2,'mechanical');
#13138 = PRODUCT_DEFINITION_CONTEXT('part definition',#2,'design');
#13139 = ADVANCED_BREP_SHAPE_REPRESENTATION('',(#11,#13140),#13218);
#13140 = MANIFOLD_SOLID_BREP('',#13141);
#13141 = CLOSED_SHELL('',(#13142,#13175,#13184,#13209));
#13142 = ADVANCED_FACE('',(#13143),#13170,.T.);
#13143 = FACE_BOUND('',#13144,.F.);
#13144 = EDGE_LOOP('',(#13145,#13155,#13162,#13163));
#13145 = ORIENTED_EDGE('',*,*,#13146,.T.);
#13146 = EDGE_CURVE('',#13147,#13149,#13151,.T.);
#13147 = VERTEX_POINT('',#13148);
#13148 = CARTESIAN_POINT('',(6.35,2.720458146424,68.460905907619));
#13149 = VERTEX_POINT('',#13150);
#13150 = CARTESIAN_POINT('',(6.35,2.720458146424,70.400905907619));
#13151 = LINE('',#13152,#13153);
#13152 = CARTESIAN_POINT('',(6.35,2.720458146424,68.460905907619));
#13153 = VECTOR('',#13154,1.);
#13154 = DIRECTION('',(0.,0.,1.));
#13155 = ORIENTED_EDGE('',*,*,#13156,.T.);
#13156 = EDGE_CURVE('',#13149,#13149,#13157,.T.);
#13157 = CIRCLE('',#13158,6.35);
#13158 = AXIS2_PLACEMENT_3D('',#13159,#13160,#13161);
#13159 = CARTESIAN_POINT('',(2.6645352591E-15,2.720458146424,
    70.400905907619));
#13160 = DIRECTION('',(0.,0.,1.));
#13161 = DIRECTION('',(1.,0.,0.));
#13162 = ORIENTED_EDGE('',*,*,#13146,.F.);
#13163 = ORIENTED_EDGE('',*,*,#13164,.F.);
#13164 = EDGE_CURVE('',#13147,#13147,#13165,.T.);
#13165 = CIRCLE('',#13166,6.35);
#13166 = AXIS2_PLACEMENT_3D('',#13167,#13168,#13169);
#13167 = CARTESIAN_POINT('',(2.6645352591E-15,2.720458146424,
    68.460905907619));
#13168 = DIRECTION('',(0.,0.,1.));
#13169 = DIRECTION('',(1.,0.,0.));
#13170 = CYLINDRICAL_SURFACE('',#13171,6.35);
#13171 = AXIS2_PLACEMENT_3D('',#13172,#13173,#13174);
#13172 = CARTESIAN_POINT('',(2.6645352591E-15,2.720458146424,
    68.460905907619));
#13173 = DIRECTION('',(-0.,-0.,-1.));
#13174 = DIRECTION('',(1.,0.,0.));
#13175 = ADVANCED_FACE('',(#13176),#13179,.F.);
#13176 = FACE_BOUND('',#13177,.T.);
#13177 = EDGE_LOOP('',(#13178));
#13178 = ORIENTED_EDGE('',*,*,#13164,.F.);
#13179 = PLANE('',#13180);
#13180 = AXIS2_PLACEMENT_3D('',#13181,#13182,#13183);
#13181 = CARTESIAN_POINT('',(2.6645352591E-15,2.720458146424,
    68.460905907619));
#13182 = DIRECTION('',(0.,0.,1.));
#13183 = DIRECTION('',(1.,0.,0.));
#13184 = ADVANCED_FACE('',(#13185),#13204,.T.);
#13185 = FACE_BOUND('',#13186,.T.);
#13186 = EDGE_LOOP('',(#13187,#13196,#13202,#13203));
#13187 = ORIENTED_EDGE('',*,*,#13188,.F.);
#13188 = EDGE_CURVE('',#13189,#13189,#13191,.T.);
#13189 = VERTEX_POINT('',#13190);
#13190 = CARTESIAN_POINT('',(1.5875,2.720458146424,73.710905907619));
#13191 = CIRCLE('',#13192,1.5875);
#13192 = AXIS2_PLACEMENT_3D('',#13193,#13194,#13195);
#13193 = CARTESIAN_POINT('',(2.6645352591E-15,2.720458146424,
    73.710905907619));
#13194 = DIRECTION('',(0.,0.,1.));
#13195 = DIRECTION('',(1.,0.,0.));
#13196 = ORIENTED_EDGE('',*,*,#13197,.F.);
#13197 = EDGE_CURVE('',#13149,#13189,#13198,.T.);
#13198 = LINE('',#13199,#13200);
#13199 = CARTESIAN_POINT('',(6.35,2.720458146424,70.400905907619));
#13200 = VECTOR('',#13201,1.);
#13201 = DIRECTION('',(-0.821151126391,2.011240197101E-16,0.570710809103
    ));
#13202 = ORIENTED_EDGE('',*,*,#13156,.T.);
#13203 = ORIENTED_EDGE('',*,*,#13197,.T.);
#13204 = CONICAL_SURFACE('',#13205,6.35,0.963425106512);
#13205 = AXIS2_PLACEMENT_3D('',#13206,#13207,#13208);
#13206 = CARTESIAN_POINT('',(2.6645352591E-15,2.720458146424,
    70.400905907619));
#13207 = DIRECTION('',(-0.,-0.,-1.));
#13208 = DIRECTION('',(1.,0.,0.));
#13209 = ADVANCED_FACE('',(#13210),#13213,.T.);
#13210 = FACE_BOUND('',#13211,.T.);
#13211 = EDGE_LOOP('',(#13212));
#13212 = ORIENTED_EDGE('',*,*,#13188,.T.);
#13213 = PLANE('',#13214);
#13214 = AXIS2_PLACEMENT_3D('',#13215,#13216,#13217);
#13215 = CARTESIAN_POINT('',(2.6645352591E-15,2.720458146424,
    73.710905907619));
#13216 = DIRECTION('',(0.,0.,1.));
#13217 = DIRECTION('',(1.,0.,0.));
#13218 = ( GEOMETRIC_REPRESENTATION_CONTEXT(3) 
GLOBAL_UNCERTAINTY_ASSIGNED_CONTEXT((#13222)) 
GLOBAL_UNIT_ASSIGNED_CONTEXT((#13219,#13220,#13221)) 
REPRESENTATION_CONTEXT('Context #1',
  '3D Context with UNIT and UNCERTAINTY') );
#13219 = ( LENGTH_UNIT() NAMED_UNIT(*) SI_UNIT(.MILLI.,.METRE.) );
#13220 = ( NAMED_UNIT(*) PLANE_ANGLE_UNIT() SI_UNIT($,.RADIAN.) );
#13221 = ( NAMED_UNIT(*) SI_UNIT($,.STERADIAN.) SOLID_ANGLE_UNIT() );
#13222 = UNCERTAINTY_MEASURE_WITH_UNIT(LENGTH_MEASURE(1.E-07),#13219,
  'distance_accuracy_value','confusion accuracy');
#13223 = CONTEXT_DEPENDENT_SHAPE_REPRESENTATION(#13224,#13226);
#13224 = ( REPRESENTATION_RELATIONSHIP('','',#13139,#10) 
REPRESENTATION_RELATIONSHIP_WITH_TRANSFORMATION(#13225) 
SHAPE_REPRESENTATION_RELATIONSHIP() );
#13225 = ITEM_DEFINED_TRANSFORMATION('','',#11,#83);
#13226 = PRODUCT_DEFINITION_SHAPE('Placement','Placement of an item',
  #13227);
#13227 = NEXT_ASSEMBLY_USAGE_OCCURRENCE('18',
  'Field lens: Edmund #49-840, PCX 12.7 mm, f = 15 mm','',#5,#13134,$);
#13228 = PRODUCT_RELATED_PRODUCT_CATEGORY('part',$,(#13136));
#13229 = SHAPE_DEFINITION_REPRESENTATION(#13230,#13236);
#13230 = PRODUCT_DEFINITION_SHAPE('','',#13231);
#13231 = PRODUCT_DEFINITION('design','',#13232,#13235);
#13232 = PRODUCT_DEFINITION_FORMATION('','',#13233);
#13233 = PRODUCT('M12 holder: uxcell, cut down (collimator)',
  'M12 holder: uxcell, cut down (collimator)','',(#13234));
#13234 = PRODUCT_CONTEXT('',#2,'mechanical');
#13235 = PRODUCT_DEFINITION_CONTEXT('part definition',#2,'design');
#13236 = ADVANCED_BREP_SHAPE_REPRESENTATION('',(#11,#13237),#13549);
#13237 = MANIFOLD_SOLID_BREP('',#13238);
#13238 = CLOSED_SHELL('',(#13239,#13272,#13292,#13357,#13382,#13413,
    #13437,#13461,#13478,#13503,#13528));
#13239 = ADVANCED_FACE('',(#13240),#13267,.T.);
#13240 = FACE_BOUND('',#13241,.F.);
#13241 = EDGE_LOOP('',(#13242,#13251,#13259,#13266));
#13242 = ORIENTED_EDGE('',*,*,#13243,.F.);
#13243 = EDGE_CURVE('',#13244,#13244,#13246,.T.);
#13244 = VERTEX_POINT('',#13245);
#13245 = CARTESIAN_POINT('',(7.5,2.720458146424,83.030905907619));
#13246 = CIRCLE('',#13247,7.5);
#13247 = AXIS2_PLACEMENT_3D('',#13248,#13249,#13250);
#13248 = CARTESIAN_POINT('',(9.992007221626E-16,2.720458146424,
    83.030905907619));
#13249 = DIRECTION('',(1.665334536938E-16,-1.110223024625E-16,-1.));
#13250 = DIRECTION('',(1.,9.244463733059E-33,1.665334536938E-16));
#13251 = ORIENTED_EDGE('',*,*,#13252,.T.);
#13252 = EDGE_CURVE('',#13244,#13253,#13255,.T.);
#13253 = VERTEX_POINT('',#13254);
#13254 = CARTESIAN_POINT('',(7.5,2.720458146424,75.030905907619));
#13255 = LINE('',#13256,#13257);
#13256 = CARTESIAN_POINT('',(7.5,2.720458146424,83.030905907619));
#13257 = VECTOR('',#13258,1.);
#13258 = DIRECTION('',(1.665334536938E-16,-1.110223024625E-16,-1.));
#13259 = ORIENTED_EDGE('',*,*,#13260,.F.);
#13260 = EDGE_CURVE('',#13253,#13253,#13261,.T.);
#13261 = CIRCLE('',#13262,7.5);
#13262 = AXIS2_PLACEMENT_3D('',#13263,#13264,#13265);
#13263 = CARTESIAN_POINT('',(2.331468351713E-15,2.720458146424,
    75.030905907619));
#13264 = DIRECTION('',(-1.665334536938E-16,1.110223024625E-16,1.));
#13265 = DIRECTION('',(1.,9.244463733059E-33,1.665334536938E-16));
#13266 = ORIENTED_EDGE('',*,*,#13252,.F.);
#13267 = CYLINDRICAL_SURFACE('',#13268,7.5);
#13268 = AXIS2_PLACEMENT_3D('',#13269,#13270,#13271);
#13269 = CARTESIAN_POINT('',(9.992007221626E-16,2.720458146424,
    83.030905907619));
#13270 = DIRECTION('',(-1.665334536938E-16,1.110223024625E-16,1.));
#13271 = DIRECTION('',(1.,9.244463733059E-33,1.665334536938E-16));
#13272 = ADVANCED_FACE('',(#13273,#13276),#13287,.F.);
#13273 = FACE_BOUND('',#13274,.F.);
#13274 = EDGE_LOOP('',(#13275));
#13275 = ORIENTED_EDGE('',*,*,#13243,.T.);
#13276 = FACE_BOUND('',#13277,.F.);
#13277 = EDGE_LOOP('',(#13278));
#13278 = ORIENTED_EDGE('',*,*,#13279,.T.);
#13279 = EDGE_CURVE('',#13280,#13280,#13282,.T.);
#13280 = VERTEX_POINT('',#13281);
#13281 = CARTESIAN_POINT('',(6.,2.720458146424,83.030905907619));
#13282 = CIRCLE('',#13283,6.);
#13283 = AXIS2_PLACEMENT_3D('',#13284,#13285,#13286);
#13284 = CARTESIAN_POINT('',(9.992007221626E-16,2.720458146424,
    83.030905907619));
#13285 = DIRECTION('',(-1.665334536938E-16,1.110223024625E-16,1.));
#13286 = DIRECTION('',(1.,9.244463733059E-33,1.665334536938E-16));
#13287 = PLANE('',#13288);
#13288 = AXIS2_PLACEMENT_3D('',#13289,#13290,#13291);
#13289 = CARTESIAN_POINT('',(9.992007221626E-16,2.720458146424,
    83.030905907619));
#13290 = DIRECTION('',(1.665334536938E-16,-1.110223024625E-16,-1.));
#13291 = DIRECTION('',(1.,9.244463733059E-33,1.665334536938E-16));
#13292 = ADVANCED_FACE('',(#13293,#13327,#13338,#13341),#13352,.F.);
#13293 = FACE_BOUND('',#13294,.F.);
#13294 = EDGE_LOOP('',(#13295,#13305,#13313,#13321));
#13295 = ORIENTED_EDGE('',*,*,#13296,.F.);
#13296 = EDGE_CURVE('',#13297,#13299,#13301,.T.);
#13297 = VERTEX_POINT('',#13298);
#13298 = CARTESIAN_POINT('',(-12.,11.220458146424,75.030905907619));
#13299 = VERTEX_POINT('',#13300);
#13300 = CARTESIAN_POINT('',(-12.,-5.779541853576,75.030905907619));
#13301 = LINE('',#13302,#13303);
#13302 = CARTESIAN_POINT('',(-12.,11.220458146424,75.030905907619));
#13303 = VECTOR('',#13304,1.);
#13304 = DIRECTION('',(-9.244463733059E-33,-1.,1.110223024625E-16));
#13305 = ORIENTED_EDGE('',*,*,#13306,.T.);
#13306 = EDGE_CURVE('',#13297,#13307,#13309,.T.);
#13307 = VERTEX_POINT('',#13308);
#13308 = CARTESIAN_POINT('',(12.,11.220458146424,75.030905907619));
#13309 = LINE('',#13310,#13311);
#13310 = CARTESIAN_POINT('',(-12.,11.220458146424,75.030905907619));
#13311 = VECTOR('',#13312,1.);
#13312 = DIRECTION('',(1.,9.244463733059E-33,1.665334536938E-16));
#13313 = ORIENTED_EDGE('',*,*,#13314,.T.);
#13314 = EDGE_CURVE('',#13307,#13315,#13317,.T.);
#13315 = VERTEX_POINT('',#13316);
#13316 = CARTESIAN_POINT('',(12.,-5.779541853576,75.030905907619));
#13317 = LINE('',#13318,#13319);
#13318 = CARTESIAN_POINT('',(12.,11.220458146424,75.030905907619));
#13319 = VECTOR('',#13320,1.);
#13320 = DIRECTION('',(-9.244463733059E-33,-1.,1.110223024625E-16));
#13321 = ORIENTED_EDGE('',*,*,#13322,.F.);
#13322 = EDGE_CURVE('',#13299,#13315,#13323,.T.);
#13323 = LINE('',#13324,#13325);
#13324 = CARTESIAN_POINT('',(-12.,-5.779541853576,75.030905907619));
#13325 = VECTOR('',#13326,1.);
#13326 = DIRECTION('',(1.,9.244463733059E-33,1.665334536938E-16));
#13327 = FACE_BOUND('',#13328,.F.);
#13328 = EDGE_LOOP('',(#13329));
#13329 = ORIENTED_EDGE('',*,*,#13330,.T.);
#13330 = EDGE_CURVE('',#13331,#13331,#13333,.T.);
#13331 = VERTEX_POINT('',#13332);
#13332 = CARTESIAN_POINT('',(-8.9,2.720458146424,75.030905907619));
#13333 = CIRCLE('',#13334,1.1);
#13334 = AXIS2_PLACEMENT_3D('',#13335,#13336,#13337);
#13335 = CARTESIAN_POINT('',(-10.,2.720458146424,75.030905907619));
#13336 = DIRECTION('',(-1.665334536938E-16,1.110223024625E-16,1.));
#13337 = DIRECTION('',(1.,9.244463733059E-33,1.665334536938E-16));
#13338 = FACE_BOUND('',#13339,.F.);
#13339 = EDGE_LOOP('',(#13340));
#13340 = ORIENTED_EDGE('',*,*,#13260,.T.);
#13341 = FACE_BOUND('',#13342,.F.);
#13342 = EDGE_LOOP('',(#13343));
#13343 = ORIENTED_EDGE('',*,*,#13344,.T.);
#13344 = EDGE_CURVE('',#13345,#13345,#13347,.T.);
#13345 = VERTEX_POINT('',#13346);
#13346 = CARTESIAN_POINT('',(11.1,2.720458146424,75.030905907619));
#13347 = CIRCLE('',#13348,1.1);
#13348 = AXIS2_PLACEMENT_3D('',#13349,#13350,#13351);
#13349 = CARTESIAN_POINT('',(10.,2.720458146424,75.030905907619));
#13350 = DIRECTION('',(-1.665334536938E-16,1.110223024625E-16,1.));
#13351 = DIRECTION('',(1.,9.244463733059E-33,1.665334536938E-16));
#13352 = PLANE('',#13353);
#13353 = AXIS2_PLACEMENT_3D('',#13354,#13355,#13356);
#13354 = CARTESIAN_POINT('',(-12.,11.220458146424,75.030905907619));
#13355 = DIRECTION('',(1.665334536938E-16,-1.110223024625E-16,-1.));
#13356 = DIRECTION('',(1.,9.244463733059E-33,1.665334536938E-16));
#13357 = ADVANCED_FACE('',(#13358),#13377,.F.);
#13358 = FACE_BOUND('',#13359,.T.);
#13359 = EDGE_LOOP('',(#13360,#13361,#13369,#13376));
#13360 = ORIENTED_EDGE('',*,*,#13279,.T.);
#13361 = ORIENTED_EDGE('',*,*,#13362,.T.);
#13362 = EDGE_CURVE('',#13280,#13363,#13365,.T.);
#13363 = VERTEX_POINT('',#13364);
#13364 = CARTESIAN_POINT('',(6.,2.720458146424,73.030905907619));
#13365 = LINE('',#13366,#13367);
#13366 = CARTESIAN_POINT('',(6.,2.720458146424,84.030905907619));
#13367 = VECTOR('',#13368,1.);
#13368 = DIRECTION('',(1.665334536938E-16,-1.110223024625E-16,-1.));
#13369 = ORIENTED_EDGE('',*,*,#13370,.F.);
#13370 = EDGE_CURVE('',#13363,#13363,#13371,.T.);
#13371 = CIRCLE('',#13372,6.);
#13372 = AXIS2_PLACEMENT_3D('',#13373,#13374,#13375);
#13373 = CARTESIAN_POINT('',(2.6645352591E-15,2.720458146424,
    73.030905907619));
#13374 = DIRECTION('',(-1.665334536938E-16,1.110223024625E-16,1.));
#13375 = DIRECTION('',(1.,9.244463733059E-33,1.665334536938E-16));
#13376 = ORIENTED_EDGE('',*,*,#13362,.F.);
#13377 = CYLINDRICAL_SURFACE('',#13378,6.);
#13378 = AXIS2_PLACEMENT_3D('',#13379,#13380,#13381);
#13379 = CARTESIAN_POINT('',(8.326672684689E-16,2.720458146424,
    84.030905907619));
#13380 = DIRECTION('',(-1.665334536938E-16,1.110223024625E-16,1.));
#13381 = DIRECTION('',(1.,9.244463733059E-33,1.665334536938E-16));
#13382 = ADVANCED_FACE('',(#13383),#13408,.F.);
#13383 = FACE_BOUND('',#13384,.F.);
#13384 = EDGE_LOOP('',(#13385,#13393,#13394,#13402));
#13385 = ORIENTED_EDGE('',*,*,#13386,.F.);
#13386 = EDGE_CURVE('',#13297,#13387,#13389,.T.);
#13387 = VERTEX_POINT('',#13388);
#13388 = CARTESIAN_POINT('',(-12.,11.220458146424,73.030905907619));
#13389 = LINE('',#13390,#13391);
#13390 = CARTESIAN_POINT('',(-12.,11.220458146424,75.030905907619));
#13391 = VECTOR('',#13392,1.);
#13392 = DIRECTION('',(1.665334536938E-16,-1.110223024625E-16,-1.));
#13393 = ORIENTED_EDGE('',*,*,#13296,.T.);
#13394 = ORIENTED_EDGE('',*,*,#13395,.T.);
#13395 = EDGE_CURVE('',#13299,#13396,#13398,.T.);
#13396 = VERTEX_POINT('',#13397);
#13397 = CARTESIAN_POINT('',(-12.,-5.779541853576,73.030905907619));
#13398 = LINE('',#13399,#13400);
#13399 = CARTESIAN_POINT('',(-12.,-5.779541853576,75.030905907619));
#13400 = VECTOR('',#13401,1.);
#13401 = DIRECTION('',(1.665334536938E-16,-1.110223024625E-16,-1.));
#13402 = ORIENTED_EDGE('',*,*,#13403,.F.);
#13403 = EDGE_CURVE('',#13387,#13396,#13404,.T.);
#13404 = LINE('',#13405,#13406);
#13405 = CARTESIAN_POINT('',(-12.,11.220458146424,73.030905907619));
#13406 = VECTOR('',#13407,1.);
#13407 = DIRECTION('',(-9.244463733059E-33,-1.,1.110223024625E-16));
#13408 = PLANE('',#13409);
#13409 = AXIS2_PLACEMENT_3D('',#13410,#13411,#13412);
#13410 = CARTESIAN_POINT('',(-12.,11.220458146424,75.030905907619));
#13411 = DIRECTION('',(1.,9.244463733059E-33,1.665334536938E-16));
#13412 = DIRECTION('',(1.665334536938E-16,-1.110223024625E-16,-1.));
#13413 = ADVANCED_FACE('',(#13414),#13432,.T.);
#13414 = FACE_BOUND('',#13415,.T.);
#13415 = EDGE_LOOP('',(#13416,#13417,#13418,#13426));
#13416 = ORIENTED_EDGE('',*,*,#13322,.F.);
#13417 = ORIENTED_EDGE('',*,*,#13395,.T.);
#13418 = ORIENTED_EDGE('',*,*,#13419,.T.);
#13419 = EDGE_CURVE('',#13396,#13420,#13422,.T.);
#13420 = VERTEX_POINT('',#13421);
#13421 = CARTESIAN_POINT('',(12.,-5.779541853576,73.030905907619));
#13422 = LINE('',#13423,#13424);
#13423 = CARTESIAN_POINT('',(-12.,-5.779541853576,73.030905907619));
#13424 = VECTOR('',#13425,1.);
#13425 = DIRECTION('',(1.,9.244463733059E-33,1.665334536938E-16));
#13426 = ORIENTED_EDGE('',*,*,#13427,.F.);
#13427 = EDGE_CURVE('',#13315,#13420,#13428,.T.);
#13428 = LINE('',#13429,#13430);
#13429 = CARTESIAN_POINT('',(12.,-5.779541853576,75.030905907619));
#13430 = VECTOR('',#13431,1.);
#13431 = DIRECTION('',(1.665334536938E-16,-1.110223024625E-16,-1.));
#13432 = PLANE('',#13433);
#13433 = AXIS2_PLACEMENT_3D('',#13434,#13435,#13436);
#13434 = CARTESIAN_POINT('',(-12.,-5.779541853576,75.030905907619));
#13435 = DIRECTION('',(-9.244463733059E-33,-1.,1.110223024625E-16));
#13436 = DIRECTION('',(1.665334536938E-16,-1.110223024625E-16,-1.));
#13437 = ADVANCED_FACE('',(#13438),#13456,.F.);
#13438 = FACE_BOUND('',#13439,.F.);
#13439 = EDGE_LOOP('',(#13440,#13441,#13442,#13450));
#13440 = ORIENTED_EDGE('',*,*,#13306,.F.);
#13441 = ORIENTED_EDGE('',*,*,#13386,.T.);
#13442 = ORIENTED_EDGE('',*,*,#13443,.T.);
#13443 = EDGE_CURVE('',#13387,#13444,#13446,.T.);
#13444 = VERTEX_POINT('',#13445);
#13445 = CARTESIAN_POINT('',(12.,11.220458146424,73.030905907619));
#13446 = LINE('',#13447,#13448);
#13447 = CARTESIAN_POINT('',(-12.,11.220458146424,73.030905907619));
#13448 = VECTOR('',#13449,1.);
#13449 = DIRECTION('',(1.,9.244463733059E-33,1.665334536938E-16));
#13450 = ORIENTED_EDGE('',*,*,#13451,.F.);
#13451 = EDGE_CURVE('',#13307,#13444,#13452,.T.);
#13452 = LINE('',#13453,#13454);
#13453 = CARTESIAN_POINT('',(12.,11.220458146424,75.030905907619));
#13454 = VECTOR('',#13455,1.);
#13455 = DIRECTION('',(1.665334536938E-16,-1.110223024625E-16,-1.));
#13456 = PLANE('',#13457);
#13457 = AXIS2_PLACEMENT_3D('',#13458,#13459,#13460);
#13458 = CARTESIAN_POINT('',(-12.,11.220458146424,75.030905907619));
#13459 = DIRECTION('',(-9.244463733059E-33,-1.,1.110223024625E-16));
#13460 = DIRECTION('',(1.665334536938E-16,-1.110223024625E-16,-1.));
#13461 = ADVANCED_FACE('',(#13462),#13473,.T.);
#13462 = FACE_BOUND('',#13463,.T.);
#13463 = EDGE_LOOP('',(#13464,#13465,#13466,#13467));
#13464 = ORIENTED_EDGE('',*,*,#13451,.F.);
#13465 = ORIENTED_EDGE('',*,*,#13314,.T.);
#13466 = ORIENTED_EDGE('',*,*,#13427,.T.);
#13467 = ORIENTED_EDGE('',*,*,#13468,.F.);
#13468 = EDGE_CURVE('',#13444,#13420,#13469,.T.);
#13469 = LINE('',#13470,#13471);
#13470 = CARTESIAN_POINT('',(12.,11.220458146424,73.030905907619));
#13471 = VECTOR('',#13472,1.);
#13472 = DIRECTION('',(-9.244463733059E-33,-1.,1.110223024625E-16));
#13473 = PLANE('',#13474);
#13474 = AXIS2_PLACEMENT_3D('',#13475,#13476,#13477);
#13475 = CARTESIAN_POINT('',(12.,11.220458146424,75.030905907619));
#13476 = DIRECTION('',(1.,9.244463733059E-33,1.665334536938E-16));
#13477 = DIRECTION('',(1.665334536938E-16,-1.110223024625E-16,-1.));
#13478 = ADVANCED_FACE('',(#13479),#13498,.F.);
#13479 = FACE_BOUND('',#13480,.T.);
#13480 = EDGE_LOOP('',(#13481,#13482,#13490,#13497));
#13481 = ORIENTED_EDGE('',*,*,#13330,.T.);
#13482 = ORIENTED_EDGE('',*,*,#13483,.T.);
#13483 = EDGE_CURVE('',#13331,#13484,#13486,.T.);
#13484 = VERTEX_POINT('',#13485);
#13485 = CARTESIAN_POINT('',(-8.9,2.720458146424,73.030905907619));
#13486 = LINE('',#13487,#13488);
#13487 = CARTESIAN_POINT('',(-8.9,2.720458146424,76.030905907619));
#13488 = VECTOR('',#13489,1.);
#13489 = DIRECTION('',(1.665334536938E-16,-1.110223024625E-16,-1.));
#13490 = ORIENTED_EDGE('',*,*,#13491,.F.);
#13491 = EDGE_CURVE('',#13484,#13484,#13492,.T.);
#13492 = CIRCLE('',#13493,1.1);
#13493 = AXIS2_PLACEMENT_3D('',#13494,#13495,#13496);
#13494 = CARTESIAN_POINT('',(-10.,2.720458146424,73.030905907619));
#13495 = DIRECTION('',(-1.665334536938E-16,1.110223024625E-16,1.));
#13496 = DIRECTION('',(1.,9.244463733059E-33,1.665334536938E-16));
#13497 = ORIENTED_EDGE('',*,*,#13483,.F.);
#13498 = CYLINDRICAL_SURFACE('',#13499,1.1);
#13499 = AXIS2_PLACEMENT_3D('',#13500,#13501,#13502);
#13500 = CARTESIAN_POINT('',(-10.,2.720458146424,76.030905907619));
#13501 = DIRECTION('',(-1.665334536938E-16,1.110223024625E-16,1.));
#13502 = DIRECTION('',(1.,9.244463733059E-33,1.665334536938E-16));
#13503 = ADVANCED_FACE('',(#13504),#13523,.F.);
#13504 = FACE_BOUND('',#13505,.T.);
#13505 = EDGE_LOOP('',(#13506,#13507,#13515,#13522));
#13506 = ORIENTED_EDGE('',*,*,#13344,.T.);
#13507 = ORIENTED_EDGE('',*,*,#13508,.T.);
#13508 = EDGE_CURVE('',#13345,#13509,#13511,.T.);
#13509 = VERTEX_POINT('',#13510);
#13510 = CARTESIAN_POINT('',(11.1,2.720458146424,73.030905907619));
#13511 = LINE('',#13512,#13513);
#13512 = CARTESIAN_POINT('',(11.1,2.720458146424,76.030905907619));
#13513 = VECTOR('',#13514,1.);
#13514 = DIRECTION('',(1.665334536938E-16,-1.110223024625E-16,-1.));
#13515 = ORIENTED_EDGE('',*,*,#13516,.F.);
#13516 = EDGE_CURVE('',#13509,#13509,#13517,.T.);
#13517 = CIRCLE('',#13518,1.1);
#13518 = AXIS2_PLACEMENT_3D('',#13519,#13520,#13521);
#13519 = CARTESIAN_POINT('',(10.,2.720458146424,73.030905907619));
#13520 = DIRECTION('',(-1.665334536938E-16,1.110223024625E-16,1.));
#13521 = DIRECTION('',(1.,9.244463733059E-33,1.665334536938E-16));
#13522 = ORIENTED_EDGE('',*,*,#13508,.F.);
#13523 = CYLINDRICAL_SURFACE('',#13524,1.1);
#13524 = AXIS2_PLACEMENT_3D('',#13525,#13526,#13527);
#13525 = CARTESIAN_POINT('',(10.,2.720458146424,76.030905907619));
#13526 = DIRECTION('',(-1.665334536938E-16,1.110223024625E-16,1.));
#13527 = DIRECTION('',(1.,9.244463733059E-33,1.665334536938E-16));
#13528 = ADVANCED_FACE('',(#13529,#13535,#13538,#13541),#13544,.T.);
#13529 = FACE_BOUND('',#13530,.T.);
#13530 = EDGE_LOOP('',(#13531,#13532,#13533,#13534));
#13531 = ORIENTED_EDGE('',*,*,#13403,.F.);
#13532 = ORIENTED_EDGE('',*,*,#13443,.T.);
#13533 = ORIENTED_EDGE('',*,*,#13468,.T.);
#13534 = ORIENTED_EDGE('',*,*,#13419,.F.);
#13535 = FACE_BOUND('',#13536,.T.);
#13536 = EDGE_LOOP('',(#13537));
#13537 = ORIENTED_EDGE('',*,*,#13491,.T.);
#13538 = FACE_BOUND('',#13539,.T.);
#13539 = EDGE_LOOP('',(#13540));
#13540 = ORIENTED_EDGE('',*,*,#13370,.T.);
#13541 = FACE_BOUND('',#13542,.T.);
#13542 = EDGE_LOOP('',(#13543));
#13543 = ORIENTED_EDGE('',*,*,#13516,.T.);
#13544 = PLANE('',#13545);
#13545 = AXIS2_PLACEMENT_3D('',#13546,#13547,#13548);
#13546 = CARTESIAN_POINT('',(-12.,11.220458146424,73.030905907619));
#13547 = DIRECTION('',(1.665334536938E-16,-1.110223024625E-16,-1.));
#13548 = DIRECTION('',(1.,9.244463733059E-33,1.665334536938E-16));
#13549 = ( GEOMETRIC_REPRESENTATION_CONTEXT(3) 
GLOBAL_UNCERTAINTY_ASSIGNED_CONTEXT((#13553)) 
GLOBAL_UNIT_ASSIGNED_CONTEXT((#13550,#13551,#13552)) 
REPRESENTATION_CONTEXT('Context #1',
  '3D Context with UNIT and UNCERTAINTY') );
#13550 = ( LENGTH_UNIT() NAMED_UNIT(*) SI_UNIT(.MILLI.,.METRE.) );
#13551 = ( NAMED_UNIT(*) PLANE_ANGLE_UNIT() SI_UNIT($,.RADIAN.) );
#13552 = ( NAMED_UNIT(*) SI_UNIT($,.STERADIAN.) SOLID_ANGLE_UNIT() );
#13553 = UNCERTAINTY_MEASURE_WITH_UNIT(LENGTH_MEASURE(1.E-07),#13550,
  'distance_accuracy_value','confusion accuracy');
#13554 = CONTEXT_DEPENDENT_SHAPE_REPRESENTATION(#13555,#13557);
#13555 = ( REPRESENTATION_RELATIONSHIP('','',#13236,#10) 
REPRESENTATION_RELATIONSHIP_WITH_TRANSFORMATION(#13556) 
SHAPE_REPRESENTATION_RELATIONSHIP() );
#13556 = ITEM_DEFINED_TRANSFORMATION('','',#11,#87);
#13557 = PRODUCT_DEFINITION_SHAPE('Placement','Placement of an item',
  #13558);
#13558 = NEXT_ASSEMBLY_USAGE_OCCURRENCE('19',
  'M12 holder: uxcell, cut down (collimator)','',#5,#13231,$);
#13559 = PRODUCT_RELATED_PRODUCT_CATEGORY('part',$,(#13233));
#13560 = SHAPE_DEFINITION_REPRESENTATION(#13561,#13567);
#13561 = PRODUCT_DEFINITION_SHAPE('','',#13562);
#13562 = PRODUCT_DEFINITION('design','',#13563,#13566);
#13563 = PRODUCT_DEFINITION_FORMATION('','',#13564);
#13564 = PRODUCT('Collimator: Arducam LN016 25 mm (reversed)',
  'Collimator: Arducam LN016 25 mm (reversed)','',(#13565));
#13565 = PRODUCT_CONTEXT('',#2,'mechanical');
#13566 = PRODUCT_DEFINITION_CONTEXT('part definition',#2,'design');
#13567 = SHAPE_REPRESENTATION('',(#11,#13568,#13621,#13674,#13727),
  #13780);
#13568 = MANIFOLD_SOLID_BREP('',#13569);
#13569 = CLOSED_SHELL('',(#13570,#13603,#13612));
#13570 = ADVANCED_FACE('',(#13571),#13598,.T.);
#13571 = FACE_BOUND('',#13572,.F.);
#13572 = EDGE_LOOP('',(#13573,#13583,#13590,#13591));
#13573 = ORIENTED_EDGE('',*,*,#13574,.T.);
#13574 = EDGE_CURVE('',#13575,#13577,#13579,.T.);
#13575 = VERTEX_POINT('',#13576);
#13576 = CARTESIAN_POINT('',(6.,2.720458146424,83.030905907619));
#13577 = VERTEX_POINT('',#13578);
#13578 = CARTESIAN_POINT('',(6.,2.720458146424,74.030905907619));
#13579 = LINE('',#13580,#13581);
#13580 = CARTESIAN_POINT('',(6.,2.720458146424,83.030905907619));
#13581 = VECTOR('',#13582,1.);
#13582 = DIRECTION('',(1.665334536938E-16,-1.110223024625E-16,-1.));
#13583 = ORIENTED_EDGE('',*,*,#13584,.T.);
#13584 = EDGE_CURVE('',#13577,#13577,#13585,.T.);
#13585 = CIRCLE('',#13586,6.);
#13586 = AXIS2_PLACEMENT_3D('',#13587,#13588,#13589);
#13587 = CARTESIAN_POINT('',(2.6645352591E-15,2.720458146424,
    74.030905907619));
#13588 = DIRECTION('',(1.665334536938E-16,-1.110223024625E-16,-1.));
#13589 = DIRECTION('',(1.,9.244463733059E-33,1.665334536938E-16));
#13590 = ORIENTED_EDGE('',*,*,#13574,.F.);
#13591 = ORIENTED_EDGE('',*,*,#13592,.F.);
#13592 = EDGE_CURVE('',#13575,#13575,#13593,.T.);
#13593 = CIRCLE('',#13594,6.);
#13594 = AXIS2_PLACEMENT_3D('',#13595,#13596,#13597);
#13595 = CARTESIAN_POINT('',(1.165734175856E-15,2.720458146424,
    83.030905907619));
#13596 = DIRECTION('',(1.665334536938E-16,-1.110223024625E-16,-1.));
#13597 = DIRECTION('',(1.,9.244463733059E-33,1.665334536938E-16));
#13598 = CYLINDRICAL_SURFACE('',#13599,6.);
#13599 = AXIS2_PLACEMENT_3D('',#13600,#13601,#13602);
#13600 = CARTESIAN_POINT('',(1.165734175856E-15,2.720458146424,
    83.030905907619));
#13601 = DIRECTION('',(-1.665334536938E-16,1.110223024625E-16,1.));
#13602 = DIRECTION('',(1.,9.244463733059E-33,1.665334536938E-16));
#13603 = ADVANCED_FACE('',(#13604),#13607,.F.);
#13604 = FACE_BOUND('',#13605,.T.);
#13605 = EDGE_LOOP('',(#13606));
#13606 = ORIENTED_EDGE('',*,*,#13592,.F.);
#13607 = PLANE('',#13608);
#13608 = AXIS2_PLACEMENT_3D('',#13609,#13610,#13611);
#13609 = CARTESIAN_POINT('',(1.165734175856E-15,2.720458146424,
    83.030905907619));
#13610 = DIRECTION('',(1.665334536938E-16,-1.110223024625E-16,-1.));
#13611 = DIRECTION('',(1.,9.244463733059E-33,1.665334536938E-16));
#13612 = ADVANCED_FACE('',(#13613),#13616,.T.);
#13613 = FACE_BOUND('',#13614,.F.);
#13614 = EDGE_LOOP('',(#13615));
#13615 = ORIENTED_EDGE('',*,*,#13584,.F.);
#13616 = PLANE('',#13617);
#13617 = AXIS2_PLACEMENT_3D('',#13618,#13619,#13620);
#13618 = CARTESIAN_POINT('',(2.6645352591E-15,2.720458146424,
    74.030905907619));
#13619 = DIRECTION('',(1.665334536938E-16,-1.110223024625E-16,-1.));
#13620 = DIRECTION('',(1.,9.244463733059E-33,1.665334536938E-16));
#13621 = MANIFOLD_SOLID_BREP('',#13622);
#13622 = CLOSED_SHELL('',(#13623,#13656,#13665));
#13623 = ADVANCED_FACE('',(#13624),#13651,.T.);
#13624 = FACE_BOUND('',#13625,.F.);
#13625 = EDGE_LOOP('',(#13626,#13636,#13643,#13644));
#13626 = ORIENTED_EDGE('',*,*,#13627,.T.);
#13627 = EDGE_CURVE('',#13628,#13630,#13632,.T.);
#13628 = VERTEX_POINT('',#13629);
#13629 = CARTESIAN_POINT('',(8.5,2.720458146424,95.030905907619));
#13630 = VERTEX_POINT('',#13631);
#13631 = CARTESIAN_POINT('',(8.5,2.720458146424,83.030905907619));
#13632 = LINE('',#13633,#13634);
#13633 = CARTESIAN_POINT('',(8.5,2.720458146424,95.030905907619));
#13634 = VECTOR('',#13635,1.);
#13635 = DIRECTION('',(1.665334536938E-16,-1.110223024625E-16,-1.));
#13636 = ORIENTED_EDGE('',*,*,#13637,.T.);
#13637 = EDGE_CURVE('',#13630,#13630,#13638,.T.);
#13638 = CIRCLE('',#13639,8.5);
#13639 = AXIS2_PLACEMENT_3D('',#13640,#13641,#13642);
#13640 = CARTESIAN_POINT('',(1.165734175856E-15,2.720458146424,
    83.030905907619));
#13641 = DIRECTION('',(1.665334536938E-16,-1.110223024625E-16,-1.));
#13642 = DIRECTION('',(1.,9.244463733059E-33,1.665334536938E-16));
#13643 = ORIENTED_EDGE('',*,*,#13627,.F.);
#13644 = ORIENTED_EDGE('',*,*,#13645,.F.);
#13645 = EDGE_CURVE('',#13628,#13628,#13646,.T.);
#13646 = CIRCLE('',#13647,8.5);
#13647 = AXIS2_PLACEMENT_3D('',#13648,#13649,#13650);
#13648 = CARTESIAN_POINT('',(-8.326672684689E-16,2.720458146424,
    95.030905907619));
#13649 = DIRECTION('',(1.665334536938E-16,-1.110223024625E-16,-1.));
#13650 = DIRECTION('',(1.,9.244463733059E-33,1.665334536938E-16));
#13651 = CYLINDRICAL_SURFACE('',#13652,8.5);
#13652 = AXIS2_PLACEMENT_3D('',#13653,#13654,#13655);
#13653 = CARTESIAN_POINT('',(-8.326672684689E-16,2.720458146424,
    95.030905907619));
#13654 = DIRECTION('',(-1.665334536938E-16,1.110223024625E-16,1.));
#13655 = DIRECTION('',(1.,9.244463733059E-33,1.665334536938E-16));
#13656 = ADVANCED_FACE('',(#13657),#13660,.F.);
#13657 = FACE_BOUND('',#13658,.T.);
#13658 = EDGE_LOOP('',(#13659));
#13659 = ORIENTED_EDGE('',*,*,#13645,.F.);
#13660 = PLANE('',#13661);
#13661 = AXIS2_PLACEMENT_3D('',#13662,#13663,#13664);
#13662 = CARTESIAN_POINT('',(-8.326672684689E-16,2.720458146424,
    95.030905907619));
#13663 = DIRECTION('',(1.665334536938E-16,-1.110223024625E-16,-1.));
#13664 = DIRECTION('',(1.,9.244463733059E-33,1.665334536938E-16));
#13665 = ADVANCED_FACE('',(#13666),#13669,.T.);
#13666 = FACE_BOUND('',#13667,.F.);
#13667 = EDGE_LOOP('',(#13668));
#13668 = ORIENTED_EDGE('',*,*,#13637,.F.);
#13669 = PLANE('',#13670);
#13670 = AXIS2_PLACEMENT_3D('',#13671,#13672,#13673);
#13671 = CARTESIAN_POINT('',(1.165734175856E-15,2.720458146424,
    83.030905907619));
#13672 = DIRECTION('',(1.665334536938E-16,-1.110223024625E-16,-1.));
#13673 = DIRECTION('',(1.,9.244463733059E-33,1.665334536938E-16));
#13674 = MANIFOLD_SOLID_BREP('',#13675);
#13675 = CLOSED_SHELL('',(#13676,#13709,#13718));
#13676 = ADVANCED_FACE('',(#13677),#13704,.T.);
#13677 = FACE_BOUND('',#13678,.F.);
#13678 = EDGE_LOOP('',(#13679,#13689,#13696,#13697));
#13679 = ORIENTED_EDGE('',*,*,#13680,.T.);
#13680 = EDGE_CURVE('',#13681,#13683,#13685,.T.);
#13681 = VERTEX_POINT('',#13682);
#13682 = CARTESIAN_POINT('',(6.5,2.720458146424,94.730905907619));
#13683 = VERTEX_POINT('',#13684);
#13684 = CARTESIAN_POINT('',(6.5,2.720458146424,94.130905907619));
#13685 = LINE('',#13686,#13687);
#13686 = CARTESIAN_POINT('',(6.5,2.720458146424,94.730905907619));
#13687 = VECTOR('',#13688,1.);
#13688 = DIRECTION('',(1.665334536938E-16,-1.110223024625E-16,-1.));
#13689 = ORIENTED_EDGE('',*,*,#13690,.T.);
#13690 = EDGE_CURVE('',#13683,#13683,#13691,.T.);
#13691 = CIRCLE('',#13692,6.5);
#13692 = AXIS2_PLACEMENT_3D('',#13693,#13694,#13695);
#13693 = CARTESIAN_POINT('',(-6.827871601445E-16,2.720458146424,
    94.130905907619));
#13694 = DIRECTION('',(1.665334536938E-16,-1.110223024625E-16,-1.));
#13695 = DIRECTION('',(1.,9.244463733059E-33,1.665334536938E-16));
#13696 = ORIENTED_EDGE('',*,*,#13680,.F.);
#13697 = ORIENTED_EDGE('',*,*,#13698,.F.);
#13698 = EDGE_CURVE('',#13681,#13681,#13699,.T.);
#13699 = CIRCLE('',#13700,6.5);
#13700 = AXIS2_PLACEMENT_3D('',#13701,#13702,#13703);
#13701 = CARTESIAN_POINT('',(-7.827072323607E-16,2.720458146424,
    94.730905907619));
#13702 = DIRECTION('',(1.665334536938E-16,-1.110223024625E-16,-1.));
#13703 = DIRECTION('',(1.,9.244463733059E-33,1.665334536938E-16));
#13704 = CYLINDRICAL_SURFACE('',#13705,6.5);
#13705 = AXIS2_PLACEMENT_3D('',#13706,#13707,#13708);
#13706 = CARTESIAN_POINT('',(-7.827072323607E-16,2.720458146424,
    94.730905907619));
#13707 = DIRECTION('',(-1.665334536938E-16,1.110223024625E-16,1.));
#13708 = DIRECTION('',(1.,9.244463733059E-33,1.665334536938E-16));
#13709 = ADVANCED_FACE('',(#13710),#13713,.F.);
#13710 = FACE_BOUND('',#13711,.T.);
#13711 = EDGE_LOOP('',(#13712));
#13712 = ORIENTED_EDGE('',*,*,#13698,.F.);
#13713 = PLANE('',#13714);
#13714 = AXIS2_PLACEMENT_3D('',#13715,#13716,#13717);
#13715 = CARTESIAN_POINT('',(-7.827072323607E-16,2.720458146424,
    94.730905907619));
#13716 = DIRECTION('',(1.665334536938E-16,-1.110223024625E-16,-1.));
#13717 = DIRECTION('',(1.,9.244463733059E-33,1.665334536938E-16));
#13718 = ADVANCED_FACE('',(#13719),#13722,.T.);
#13719 = FACE_BOUND('',#13720,.F.);
#13720 = EDGE_LOOP('',(#13721));
#13721 = ORIENTED_EDGE('',*,*,#13690,.F.);
#13722 = PLANE('',#13723);
#13723 = AXIS2_PLACEMENT_3D('',#13724,#13725,#13726);
#13724 = CARTESIAN_POINT('',(-6.827871601445E-16,2.720458146424,
    94.130905907619));
#13725 = DIRECTION('',(1.665334536938E-16,-1.110223024625E-16,-1.));
#13726 = DIRECTION('',(1.,9.244463733059E-33,1.665334536938E-16));
#13727 = MANIFOLD_SOLID_BREP('',#13728);
#13728 = CLOSED_SHELL('',(#13729,#13762,#13771));
#13729 = ADVANCED_FACE('',(#13730),#13757,.T.);
#13730 = FACE_BOUND('',#13731,.F.);
#13731 = EDGE_LOOP('',(#13732,#13742,#13749,#13750));
#13732 = ORIENTED_EDGE('',*,*,#13733,.T.);
#13733 = EDGE_CURVE('',#13734,#13736,#13738,.T.);
#13734 = VERTEX_POINT('',#13735);
#13735 = CARTESIAN_POINT('',(4.,2.720458146424,74.580905907619));
#13736 = VERTEX_POINT('',#13737);
#13737 = CARTESIAN_POINT('',(4.,2.720458146424,73.980905907619));
#13738 = LINE('',#13739,#13740);
#13739 = CARTESIAN_POINT('',(4.,2.720458146424,74.580905907619));
#13740 = VECTOR('',#13741,1.);
#13741 = DIRECTION('',(1.665334536938E-16,-1.110223024625E-16,-1.));
#13742 = ORIENTED_EDGE('',*,*,#13743,.T.);
#13743 = EDGE_CURVE('',#13736,#13736,#13744,.T.);
#13744 = CIRCLE('',#13745,4.);
#13745 = AXIS2_PLACEMENT_3D('',#13746,#13747,#13748);
#13746 = CARTESIAN_POINT('',(2.672861931785E-15,2.720458146424,
    73.980905907619));
#13747 = DIRECTION('',(1.665334536938E-16,-1.110223024625E-16,-1.));
#13748 = DIRECTION('',(1.,9.244463733059E-33,1.665334536938E-16));
#13749 = ORIENTED_EDGE('',*,*,#13733,.F.);
#13750 = ORIENTED_EDGE('',*,*,#13751,.F.);
#13751 = EDGE_CURVE('',#13734,#13734,#13752,.T.);
#13752 = CIRCLE('',#13753,4.);
#13753 = AXIS2_PLACEMENT_3D('',#13754,#13755,#13756);
#13754 = CARTESIAN_POINT('',(2.572941859569E-15,2.720458146424,
    74.580905907619));
#13755 = DIRECTION('',(1.665334536938E-16,-1.110223024625E-16,-1.));
#13756 = DIRECTION('',(1.,9.244463733059E-33,1.665334536938E-16));
#13757 = CYLINDRICAL_SURFACE('',#13758,4.);
#13758 = AXIS2_PLACEMENT_3D('',#13759,#13760,#13761);
#13759 = CARTESIAN_POINT('',(2.572941859569E-15,2.720458146424,
    74.580905907619));
#13760 = DIRECTION('',(-1.665334536938E-16,1.110223024625E-16,1.));
#13761 = DIRECTION('',(1.,9.244463733059E-33,1.665334536938E-16));
#13762 = ADVANCED_FACE('',(#13763),#13766,.F.);
#13763 = FACE_BOUND('',#13764,.T.);
#13764 = EDGE_LOOP('',(#13765));
#13765 = ORIENTED_EDGE('',*,*,#13751,.F.);
#13766 = PLANE('',#13767);
#13767 = AXIS2_PLACEMENT_3D('',#13768,#13769,#13770);
#13768 = CARTESIAN_POINT('',(2.572941859569E-15,2.720458146424,
    74.580905907619));
#13769 = DIRECTION('',(1.665334536938E-16,-1.110223024625E-16,-1.));
#13770 = DIRECTION('',(1.,9.244463733059E-33,1.665334536938E-16));
#13771 = ADVANCED_FACE('',(#13772),#13775,.T.);
#13772 = FACE_BOUND('',#13773,.F.);
#13773 = EDGE_LOOP('',(#13774));
#13774 = ORIENTED_EDGE('',*,*,#13743,.F.);
#13775 = PLANE('',#13776);
#13776 = AXIS2_PLACEMENT_3D('',#13777,#13778,#13779);
#13777 = CARTESIAN_POINT('',(2.672861931785E-15,2.720458146424,
    73.980905907619));
#13778 = DIRECTION('',(1.665334536938E-16,-1.110223024625E-16,-1.));
#13779 = DIRECTION('',(1.,9.244463733059E-33,1.665334536938E-16));
#13780 = ( GEOMETRIC_REPRESENTATION_CONTEXT(3) 
GLOBAL_UNCERTAINTY_ASSIGNED_CONTEXT((#13784)) 
GLOBAL_UNIT_ASSIGNED_CONTEXT((#13781,#13782,#13783)) 
REPRESENTATION_CONTEXT('Context #1',
  '3D Context with UNIT and UNCERTAINTY') );
#13781 = ( LENGTH_UNIT() NAMED_UNIT(*) SI_UNIT(.MILLI.,.METRE.) );
#13782 = ( NAMED_UNIT(*) PLANE_ANGLE_UNIT() SI_UNIT($,.RADIAN.) );
#13783 = ( NAMED_UNIT(*) SI_UNIT($,.STERADIAN.) SOLID_ANGLE_UNIT() );
#13784 = UNCERTAINTY_MEASURE_WITH_UNIT(LENGTH_MEASURE(1.E-07),#13781,
  'distance_accuracy_value','confusion accuracy');
#13785 = CONTEXT_DEPENDENT_SHAPE_REPRESENTATION(#13786,#13788);
#13786 = ( REPRESENTATION_RELATIONSHIP('','',#13567,#10) 
REPRESENTATION_RELATIONSHIP_WITH_TRANSFORMATION(#13787) 
SHAPE_REPRESENTATION_RELATIONSHIP() );
#13787 = ITEM_DEFINED_TRANSFORMATION('','',#11,#91);
#13788 = PRODUCT_DEFINITION_SHAPE('Placement','Placement of an item',
  #13789);
#13789 = NEXT_ASSEMBLY_USAGE_OCCURRENCE('20',
  'Collimator: Arducam LN016 25 mm (reversed)','',#5,#13562,$);
#13790 = PRODUCT_RELATED_PRODUCT_CATEGORY('part',$,(#13564));
#13791 = SHAPE_DEFINITION_REPRESENTATION(#13792,#13798);
#13792 = PRODUCT_DEFINITION_SHAPE('','',#13793);
#13793 = PRODUCT_DEFINITION('design','',#13794,#13797);
#13794 = PRODUCT_DEFINITION_FORMATION('','',#13795);
#13795 = PRODUCT('Grating film 500 l/mm (grooves along X)',
  'Grating film 500 l/mm (grooves along X)','',(#13796));
#13796 = PRODUCT_CONTEXT('',#2,'mechanical');
#13797 = PRODUCT_DEFINITION_CONTEXT('part definition',#2,'design');
#13798 = ADVANCED_BREP_SHAPE_REPRESENTATION('',(#11,#13799),#13949);
#13799 = MANIFOLD_SOLID_BREP('',#13800);
#13800 = CLOSED_SHELL('',(#13801,#13841,#13881,#13903,#13925,#13937));
#13801 = ADVANCED_FACE('',(#13802),#13836,.F.);
#13802 = FACE_BOUND('',#13803,.F.);
#13803 = EDGE_LOOP('',(#13804,#13814,#13822,#13830));
#13804 = ORIENTED_EDGE('',*,*,#13805,.F.);
#13805 = EDGE_CURVE('',#13806,#13808,#13810,.T.);
#13806 = VERTEX_POINT('',#13807);
#13807 = CARTESIAN_POINT('',(-7.5,-4.779541853576,98.730905907619));
#13808 = VERTEX_POINT('',#13809);
#13809 = CARTESIAN_POINT('',(-7.5,-4.779541853576,98.980905907619));
#13810 = LINE('',#13811,#13812);
#13811 = CARTESIAN_POINT('',(-7.5,-4.779541853576,98.730905907619));
#13812 = VECTOR('',#13813,1.);
#13813 = DIRECTION('',(0.,0.,1.));
#13814 = ORIENTED_EDGE('',*,*,#13815,.T.);
#13815 = EDGE_CURVE('',#13806,#13816,#13818,.T.);
#13816 = VERTEX_POINT('',#13817);
#13817 = CARTESIAN_POINT('',(-7.5,10.220458146424,98.730905907619));
#13818 = LINE('',#13819,#13820);
#13819 = CARTESIAN_POINT('',(-7.5,-4.779541853576,98.730905907619));
#13820 = VECTOR('',#13821,1.);
#13821 = DIRECTION('',(0.,1.,0.));
#13822 = ORIENTED_EDGE('',*,*,#13823,.T.);
#13823 = EDGE_CURVE('',#13816,#13824,#13826,.T.);
#13824 = VERTEX_POINT('',#13825);
#13825 = CARTESIAN_POINT('',(-7.5,10.220458146424,98.980905907619));
#13826 = LINE('',#13827,#13828);
#13827 = CARTESIAN_POINT('',(-7.5,10.220458146424,98.730905907619));
#13828 = VECTOR('',#13829,1.);
#13829 = DIRECTION('',(0.,0.,1.));
#13830 = ORIENTED_EDGE('',*,*,#13831,.F.);
#13831 = EDGE_CURVE('',#13808,#13824,#13832,.T.);
#13832 = LINE('',#13833,#13834);
#13833 = CARTESIAN_POINT('',(-7.5,-4.779541853576,98.980905907619));
#13834 = VECTOR('',#13835,1.);
#13835 = DIRECTION('',(0.,1.,0.));
#13836 = PLANE('',#13837);
#13837 = AXIS2_PLACEMENT_3D('',#13838,#13839,#13840);
#13838 = CARTESIAN_POINT('',(-7.5,-4.779541853576,98.730905907619));
#13839 = DIRECTION('',(1.,0.,0.));
#13840 = DIRECTION('',(0.,0.,1.));
#13841 = ADVANCED_FACE('',(#13842),#13876,.T.);
#13842 = FACE_BOUND('',#13843,.T.);
#13843 = EDGE_LOOP('',(#13844,#13854,#13862,#13870));
#13844 = ORIENTED_EDGE('',*,*,#13845,.F.);
#13845 = EDGE_CURVE('',#13846,#13848,#13850,.T.);
#13846 = VERTEX_POINT('',#13847);
#13847 = CARTESIAN_POINT('',(7.5,-4.779541853576,98.730905907619));
#13848 = VERTEX_POINT('',#13849);
#13849 = CARTESIAN_POINT('',(7.5,-4.779541853576,98.980905907619));
#13850 = LINE('',#13851,#13852);
#13851 = CARTESIAN_POINT('',(7.5,-4.779541853576,98.730905907619));
#13852 = VECTOR('',#13853,1.);
#13853 = DIRECTION('',(0.,0.,1.));
#13854 = ORIENTED_EDGE('',*,*,#13855,.T.);
#13855 = EDGE_CURVE('',#13846,#13856,#13858,.T.);
#13856 = VERTEX_POINT('',#13857);
#13857 = CARTESIAN_POINT('',(7.5,10.220458146424,98.730905907619));
#13858 = LINE('',#13859,#13860);
#13859 = CARTESIAN_POINT('',(7.5,-4.779541853576,98.730905907619));
#13860 = VECTOR('',#13861,1.);
#13861 = DIRECTION('',(0.,1.,0.));
#13862 = ORIENTED_EDGE('',*,*,#13863,.T.);
#13863 = EDGE_CURVE('',#13856,#13864,#13866,.T.);
#13864 = VERTEX_POINT('',#13865);
#13865 = CARTESIAN_POINT('',(7.5,10.220458146424,98.980905907619));
#13866 = LINE('',#13867,#13868);
#13867 = CARTESIAN_POINT('',(7.5,10.220458146424,98.730905907619));
#13868 = VECTOR('',#13869,1.);
#13869 = DIRECTION('',(0.,0.,1.));
#13870 = ORIENTED_EDGE('',*,*,#13871,.F.);
#13871 = EDGE_CURVE('',#13848,#13864,#13872,.T.);
#13872 = LINE('',#13873,#13874);
#13873 = CARTESIAN_POINT('',(7.5,-4.779541853576,98.980905907619));
#13874 = VECTOR('',#13875,1.);
#13875 = DIRECTION('',(0.,1.,0.));
#13876 = PLANE('',#13877);
#13877 = AXIS2_PLACEMENT_3D('',#13878,#13879,#13880);
#13878 = CARTESIAN_POINT('',(7.5,-4.779541853576,98.730905907619));
#13879 = DIRECTION('',(1.,0.,0.));
#13880 = DIRECTION('',(0.,0.,1.));
#13881 = ADVANCED_FACE('',(#13882),#13898,.F.);
#13882 = FACE_BOUND('',#13883,.F.);
#13883 = EDGE_LOOP('',(#13884,#13890,#13891,#13897));
#13884 = ORIENTED_EDGE('',*,*,#13885,.F.);
#13885 = EDGE_CURVE('',#13806,#13846,#13886,.T.);
#13886 = LINE('',#13887,#13888);
#13887 = CARTESIAN_POINT('',(-7.5,-4.779541853576,98.730905907619));
#13888 = VECTOR('',#13889,1.);
#13889 = DIRECTION('',(1.,0.,0.));
#13890 = ORIENTED_EDGE('',*,*,#13805,.T.);
#13891 = ORIENTED_EDGE('',*,*,#13892,.T.);
#13892 = EDGE_CURVE('',#13808,#13848,#13893,.T.);
#13893 = LINE('',#13894,#13895);
#13894 = CARTESIAN_POINT('',(-7.5,-4.779541853576,98.980905907619));
#13895 = VECTOR('',#13896,1.);
#13896 = DIRECTION('',(1.,0.,0.));
#13897 = ORIENTED_EDGE('',*,*,#13845,.F.);
#13898 = PLANE('',#13899);
#13899 = AXIS2_PLACEMENT_3D('',#13900,#13901,#13902);
#13900 = CARTESIAN_POINT('',(-7.5,-4.779541853576,98.730905907619));
#13901 = DIRECTION('',(0.,1.,0.));
#13902 = DIRECTION('',(0.,0.,1.));
#13903 = ADVANCED_FACE('',(#13904),#13920,.T.);
#13904 = FACE_BOUND('',#13905,.T.);
#13905 = EDGE_LOOP('',(#13906,#13912,#13913,#13919));
#13906 = ORIENTED_EDGE('',*,*,#13907,.F.);
#13907 = EDGE_CURVE('',#13816,#13856,#13908,.T.);
#13908 = LINE('',#13909,#13910);
#13909 = CARTESIAN_POINT('',(-7.5,10.220458146424,98.730905907619));
#13910 = VECTOR('',#13911,1.);
#13911 = DIRECTION('',(1.,0.,0.));
#13912 = ORIENTED_EDGE('',*,*,#13823,.T.);
#13913 = ORIENTED_EDGE('',*,*,#13914,.T.);
#13914 = EDGE_CURVE('',#13824,#13864,#13915,.T.);
#13915 = LINE('',#13916,#13917);
#13916 = CARTESIAN_POINT('',(-7.5,10.220458146424,98.980905907619));
#13917 = VECTOR('',#13918,1.);
#13918 = DIRECTION('',(1.,0.,0.));
#13919 = ORIENTED_EDGE('',*,*,#13863,.F.);
#13920 = PLANE('',#13921);
#13921 = AXIS2_PLACEMENT_3D('',#13922,#13923,#13924);
#13922 = CARTESIAN_POINT('',(-7.5,10.220458146424,98.730905907619));
#13923 = DIRECTION('',(0.,1.,0.));
#13924 = DIRECTION('',(0.,0.,1.));
#13925 = ADVANCED_FACE('',(#13926),#13932,.F.);
#13926 = FACE_BOUND('',#13927,.F.);
#13927 = EDGE_LOOP('',(#13928,#13929,#13930,#13931));
#13928 = ORIENTED_EDGE('',*,*,#13815,.F.);
#13929 = ORIENTED_EDGE('',*,*,#13885,.T.);
#13930 = ORIENTED_EDGE('',*,*,#13855,.T.);
#13931 = ORIENTED_EDGE('',*,*,#13907,.F.);
#13932 = PLANE('',#13933);
#13933 = AXIS2_PLACEMENT_3D('',#13934,#13935,#13936);
#13934 = CARTESIAN_POINT('',(-7.5,-4.779541853576,98.730905907619));
#13935 = DIRECTION('',(0.,0.,1.));
#13936 = DIRECTION('',(1.,0.,0.));
#13937 = ADVANCED_FACE('',(#13938),#13944,.T.);
#13938 = FACE_BOUND('',#13939,.T.);
#13939 = EDGE_LOOP('',(#13940,#13941,#13942,#13943));
#13940 = ORIENTED_EDGE('',*,*,#13831,.F.);
#13941 = ORIENTED_EDGE('',*,*,#13892,.T.);
#13942 = ORIENTED_EDGE('',*,*,#13871,.T.);
#13943 = ORIENTED_EDGE('',*,*,#13914,.F.);
#13944 = PLANE('',#13945);
#13945 = AXIS2_PLACEMENT_3D('',#13946,#13947,#13948);
#13946 = CARTESIAN_POINT('',(-7.5,-4.779541853576,98.980905907619));
#13947 = DIRECTION('',(0.,0.,1.));
#13948 = DIRECTION('',(1.,0.,0.));
#13949 = ( GEOMETRIC_REPRESENTATION_CONTEXT(3) 
GLOBAL_UNCERTAINTY_ASSIGNED_CONTEXT((#13953)) 
GLOBAL_UNIT_ASSIGNED_CONTEXT((#13950,#13951,#13952)) 
REPRESENTATION_CONTEXT('Context #1',
  '3D Context with UNIT and UNCERTAINTY') );
#13950 = ( LENGTH_UNIT() NAMED_UNIT(*) SI_UNIT(.MILLI.,.METRE.) );
#13951 = ( NAMED_UNIT(*) PLANE_ANGLE_UNIT() SI_UNIT($,.RADIAN.) );
#13952 = ( NAMED_UNIT(*) SI_UNIT($,.STERADIAN.) SOLID_ANGLE_UNIT() );
#13953 = UNCERTAINTY_MEASURE_WITH_UNIT(LENGTH_MEASURE(1.E-07),#13950,
  'distance_accuracy_value','confusion accuracy');
#13954 = CONTEXT_DEPENDENT_SHAPE_REPRESENTATION(#13955,#13957);
#13955 = ( REPRESENTATION_RELATIONSHIP('','',#13798,#10) 
REPRESENTATION_RELATIONSHIP_WITH_TRANSFORMATION(#13956) 
SHAPE_REPRESENTATION_RELATIONSHIP() );
#13956 = ITEM_DEFINED_TRANSFORMATION('','',#11,#95);
#13957 = PRODUCT_DEFINITION_SHAPE('Placement','Placement of an item',
  #13958);
#13958 = NEXT_ASSEMBLY_USAGE_OCCURRENCE('21',
  'Grating film 500 l/mm (grooves along X)','',#5,#13793,$);
#13959 = PRODUCT_RELATED_PRODUCT_CATEGORY('part',$,(#13795));
#13960 = SHAPE_DEFINITION_REPRESENTATION(#13961,#13967);
#13961 = PRODUCT_DEFINITION_SHAPE('','',#13962);
#13962 = PRODUCT_DEFINITION('design','',#13963,#13966);
#13963 = PRODUCT_DEFINITION_FORMATION('','',#13964);
#13964 = PRODUCT('Camera lens: Commonlands CIL122 12 mm',
  'Camera lens: Commonlands CIL122 12 mm','',(#13965));
#13965 = PRODUCT_CONTEXT('',#2,'mechanical');
#13966 = PRODUCT_DEFINITION_CONTEXT('part definition',#2,'design');
#13967 = SHAPE_REPRESENTATION('',(#11,#13968,#14021,#14074,#14127),
  #14180);
#13968 = MANIFOLD_SOLID_BREP('',#13969);
#13969 = CLOSED_SHELL('',(#13970,#14003,#14012));
#13970 = ADVANCED_FACE('',(#13971),#13998,.T.);
#13971 = FACE_BOUND('',#13972,.F.);
#13972 = EDGE_LOOP('',(#13973,#13983,#13990,#13991));
#13973 = ORIENTED_EDGE('',*,*,#13974,.T.);
#13974 = EDGE_CURVE('',#13975,#13977,#13979,.T.);
#13975 = VERTEX_POINT('',#13976);
#13976 = CARTESIAN_POINT('',(6.,-2.542254121482,112.04067882737));
#13977 = VERTEX_POINT('',#13978);
#13978 = CARTESIAN_POINT('',(6.,-5.917254121482,120.38390212535));
#13979 = LINE('',#13980,#13981);
#13980 = CARTESIAN_POINT('',(6.,-2.542254121482,112.04067882737));
#13981 = VECTOR('',#13982,1.);
#13982 = DIRECTION('',(5.448900650123E-17,-0.375,0.927024810887));
#13983 = ORIENTED_EDGE('',*,*,#13984,.T.);
#13984 = EDGE_CURVE('',#13977,#13977,#13985,.T.);
#13985 = CIRCLE('',#13986,6.);
#13986 = AXIS2_PLACEMENT_3D('',#13987,#13988,#13989);
#13987 = CARTESIAN_POINT('',(4.440892098501E-15,-5.917254121482,
    120.38390212535));
#13988 = DIRECTION('',(5.448900650123E-17,-0.375,0.927024810887));
#13989 = DIRECTION('',(1.,1.060358814402E-17,-5.448900650123E-17));
#13990 = ORIENTED_EDGE('',*,*,#13974,.F.);
#13991 = ORIENTED_EDGE('',*,*,#13992,.F.);
#13992 = EDGE_CURVE('',#13975,#13975,#13993,.T.);
#13993 = CIRCLE('',#13994,6.);
#13994 = AXIS2_PLACEMENT_3D('',#13995,#13996,#13997);
#13995 = CARTESIAN_POINT('',(3.95049103999E-15,-2.542254121482,
    112.04067882737));
#13996 = DIRECTION('',(5.448900650123E-17,-0.375,0.927024810887));
#13997 = DIRECTION('',(1.,1.060358814402E-17,-5.448900650123E-17));
#13998 = CYLINDRICAL_SURFACE('',#13999,6.);
#13999 = AXIS2_PLACEMENT_3D('',#14000,#14001,#14002);
#14000 = CARTESIAN_POINT('',(3.95049103999E-15,-2.542254121482,
    112.04067882737));
#14001 = DIRECTION('',(-5.448900650123E-17,0.375,-0.927024810887));
#14002 = DIRECTION('',(1.,1.060358814402E-17,-5.448900650123E-17));
#14003 = ADVANCED_FACE('',(#14004),#14007,.F.);
#14004 = FACE_BOUND('',#14005,.T.);
#14005 = EDGE_LOOP('',(#14006));
#14006 = ORIENTED_EDGE('',*,*,#13992,.F.);
#14007 = PLANE('',#14008);
#14008 = AXIS2_PLACEMENT_3D('',#14009,#14010,#14011);
#14009 = CARTESIAN_POINT('',(3.95049103999E-15,-2.542254121482,
    112.04067882737));
#14010 = DIRECTION('',(5.448900650123E-17,-0.375,0.927024810887));
#14011 = DIRECTION('',(1.,1.060358814402E-17,-5.448900650123E-17));
#14012 = ADVANCED_FACE('',(#14013),#14016,.T.);
#14013 = FACE_BOUND('',#14014,.F.);
#14014 = EDGE_LOOP('',(#14015));
#14015 = ORIENTED_EDGE('',*,*,#13984,.F.);
#14016 = PLANE('',#14017);
#14017 = AXIS2_PLACEMENT_3D('',#14018,#14019,#14020);
#14018 = CARTESIAN_POINT('',(4.440892098501E-15,-5.917254121482,
    120.38390212535));
#14019 = DIRECTION('',(5.448900650123E-17,-0.375,0.927024810887));
#14020 = DIRECTION('',(1.,1.060358814402E-17,-5.448900650123E-17));
#14021 = MANIFOLD_SOLID_BREP('',#14022);
#14022 = CLOSED_SHELL('',(#14023,#14056,#14065));
#14023 = ADVANCED_FACE('',(#14024),#14051,.T.);
#14024 = FACE_BOUND('',#14025,.F.);
#14025 = EDGE_LOOP('',(#14026,#14036,#14043,#14044));
#14026 = ORIENTED_EDGE('',*,*,#14027,.T.);
#14027 = EDGE_CURVE('',#14028,#14030,#14032,.T.);
#14028 = VERTEX_POINT('',#14029);
#14029 = CARTESIAN_POINT('',(7.5,1.207745878518,102.7704307185));
#14030 = VERTEX_POINT('',#14031);
#14031 = CARTESIAN_POINT('',(7.5,-2.542254121482,112.04067882737));
#14032 = LINE('',#14033,#14034);
#14033 = CARTESIAN_POINT('',(7.5,1.207745878518,102.7704307185));
#14034 = VECTOR('',#14035,1.);
#14035 = DIRECTION('',(5.448900650123E-17,-0.375,0.927024810887));
#14036 = ORIENTED_EDGE('',*,*,#14037,.T.);
#14037 = EDGE_CURVE('',#14030,#14030,#14038,.T.);
#14038 = CIRCLE('',#14039,7.5);
#14039 = AXIS2_PLACEMENT_3D('',#14040,#14041,#14042);
#14040 = CARTESIAN_POINT('',(3.95049103999E-15,-2.542254121482,
    112.04067882737));
#14041 = DIRECTION('',(5.448900650123E-17,-0.375,0.927024810887));
#14042 = DIRECTION('',(1.,1.060358814402E-17,-5.448900650123E-17));
#14043 = ORIENTED_EDGE('',*,*,#14027,.F.);
#14044 = ORIENTED_EDGE('',*,*,#14045,.F.);
#14045 = EDGE_CURVE('',#14028,#14028,#14046,.T.);
#14046 = CIRCLE('',#14047,7.5);
#14047 = AXIS2_PLACEMENT_3D('',#14048,#14049,#14050);
#14048 = CARTESIAN_POINT('',(3.405600974977E-15,1.207745878518,
    102.7704307185));
#14049 = DIRECTION('',(5.448900650123E-17,-0.375,0.927024810887));
#14050 = DIRECTION('',(1.,1.060358814402E-17,-5.448900650123E-17));
#14051 = CYLINDRICAL_SURFACE('',#14052,7.5);
#14052 = AXIS2_PLACEMENT_3D('',#14053,#14054,#14055);
#14053 = CARTESIAN_POINT('',(3.405600974977E-15,1.207745878518,
    102.7704307185));
#14054 = DIRECTION('',(-5.448900650123E-17,0.375,-0.927024810887));
#14055 = DIRECTION('',(1.,1.060358814402E-17,-5.448900650123E-17));
#14056 = ADVANCED_FACE('',(#14057),#14060,.F.);
#14057 = FACE_BOUND('',#14058,.T.);
#14058 = EDGE_LOOP('',(#14059));
#14059 = ORIENTED_EDGE('',*,*,#14045,.F.);
#14060 = PLANE('',#14061);
#14061 = AXIS2_PLACEMENT_3D('',#14062,#14063,#14064);
#14062 = CARTESIAN_POINT('',(3.405600974977E-15,1.207745878518,
    102.7704307185));
#14063 = DIRECTION('',(5.448900650123E-17,-0.375,0.927024810887));
#14064 = DIRECTION('',(1.,1.060358814402E-17,-5.448900650123E-17));
#14065 = ADVANCED_FACE('',(#14066),#14069,.T.);
#14066 = FACE_BOUND('',#14067,.F.);
#14067 = EDGE_LOOP('',(#14068));
#14068 = ORIENTED_EDGE('',*,*,#14037,.F.);
#14069 = PLANE('',#14070);
#14070 = AXIS2_PLACEMENT_3D('',#14071,#14072,#14073);
#14071 = CARTESIAN_POINT('',(3.95049103999E-15,-2.542254121482,
    112.04067882737));
#14072 = DIRECTION('',(5.448900650123E-17,-0.375,0.927024810887));
#14073 = DIRECTION('',(1.,1.060358814402E-17,-5.448900650123E-17));
#14074 = MANIFOLD_SOLID_BREP('',#14075);
#14075 = CLOSED_SHELL('',(#14076,#14109,#14118));
#14076 = ADVANCED_FACE('',(#14077),#14104,.T.);
#14077 = FACE_BOUND('',#14078,.F.);
#14078 = EDGE_LOOP('',(#14079,#14089,#14096,#14097));
#14079 = ORIENTED_EDGE('',*,*,#14080,.T.);
#14080 = EDGE_CURVE('',#14081,#14083,#14085,.T.);
#14081 = VERTEX_POINT('',#14082);
#14082 = CARTESIAN_POINT('',(5.5,1.095245878518,103.04853816177));
#14083 = VERTEX_POINT('',#14084);
#14084 = CARTESIAN_POINT('',(5.5,0.870245878518,103.6047530483));
#14085 = LINE('',#14086,#14087);
#14086 = CARTESIAN_POINT('',(5.5,1.095245878518,103.04853816177));
#14087 = VECTOR('',#14088,1.);
#14088 = DIRECTION('',(5.448900650123E-17,-0.375,0.927024810887));
#14089 = ORIENTED_EDGE('',*,*,#14090,.T.);
#14090 = EDGE_CURVE('',#14083,#14083,#14091,.T.);
#14091 = CIRCLE('',#14092,5.5);
#14092 = AXIS2_PLACEMENT_3D('',#14093,#14094,#14095);
#14093 = CARTESIAN_POINT('',(3.454641080828E-15,0.870245878518,
    103.6047530483));
#14094 = DIRECTION('',(5.448900650123E-17,-0.375,0.927024810887));
#14095 = DIRECTION('',(1.,1.060358814402E-17,-5.448900650123E-17));
#14096 = ORIENTED_EDGE('',*,*,#14080,.F.);
#14097 = ORIENTED_EDGE('',*,*,#14098,.F.);
#14098 = EDGE_CURVE('',#14081,#14081,#14099,.T.);
#14099 = CIRCLE('',#14100,5.5);
#14100 = AXIS2_PLACEMENT_3D('',#14101,#14102,#14103);
#14101 = CARTESIAN_POINT('',(3.421947676928E-15,1.095245878518,
    103.04853816177));
#14102 = DIRECTION('',(5.448900650123E-17,-0.375,0.927024810887));
#14103 = DIRECTION('',(1.,1.060358814402E-17,-5.448900650123E-17));
#14104 = CYLINDRICAL_SURFACE('',#14105,5.5);
#14105 = AXIS2_PLACEMENT_3D('',#14106,#14107,#14108);
#14106 = CARTESIAN_POINT('',(3.421947676928E-15,1.095245878518,
    103.04853816177));
#14107 = DIRECTION('',(-5.448900650123E-17,0.375,-0.927024810887));
#14108 = DIRECTION('',(1.,1.060358814402E-17,-5.448900650123E-17));
#14109 = ADVANCED_FACE('',(#14110),#14113,.F.);
#14110 = FACE_BOUND('',#14111,.T.);
#14111 = EDGE_LOOP('',(#14112));
#14112 = ORIENTED_EDGE('',*,*,#14098,.F.);
#14113 = PLANE('',#14114);
#14114 = AXIS2_PLACEMENT_3D('',#14115,#14116,#14117);
#14115 = CARTESIAN_POINT('',(3.421947676928E-15,1.095245878518,
    103.04853816177));
#14116 = DIRECTION('',(5.448900650123E-17,-0.375,0.927024810887));
#14117 = DIRECTION('',(1.,1.060358814402E-17,-5.448900650123E-17));
#14118 = ADVANCED_FACE('',(#14119),#14122,.T.);
#14119 = FACE_BOUND('',#14120,.F.);
#14120 = EDGE_LOOP('',(#14121));
#14121 = ORIENTED_EDGE('',*,*,#14090,.F.);
#14122 = PLANE('',#14123);
#14123 = AXIS2_PLACEMENT_3D('',#14124,#14125,#14126);
#14124 = CARTESIAN_POINT('',(3.454641080828E-15,0.870245878518,
    103.6047530483));
#14125 = DIRECTION('',(5.448900650123E-17,-0.375,0.927024810887));
#14126 = DIRECTION('',(1.,1.060358814402E-17,-5.448900650123E-17));
#14127 = MANIFOLD_SOLID_BREP('',#14128);
#14128 = CLOSED_SHELL('',(#14129,#14162,#14171));
#14129 = ADVANCED_FACE('',(#14130),#14157,.T.);
#14130 = FACE_BOUND('',#14131,.F.);
#14131 = EDGE_LOOP('',(#14132,#14142,#14149,#14150));
#14132 = ORIENTED_EDGE('',*,*,#14133,.T.);
#14133 = EDGE_CURVE('',#14134,#14136,#14138,.T.);
#14134 = VERTEX_POINT('',#14135);
#14135 = CARTESIAN_POINT('',(4.,-5.711004121482,119.87403847937));
#14136 = VERTEX_POINT('',#14137);
#14137 = CARTESIAN_POINT('',(4.,-5.936004121482,120.4302533659));
#14138 = LINE('',#14139,#14140);
#14139 = CARTESIAN_POINT('',(4.,-5.711004121482,119.87403847937));
#14140 = VECTOR('',#14141,1.);
#14141 = DIRECTION('',(5.448900650123E-17,-0.375,0.927024810887));
#14142 = ORIENTED_EDGE('',*,*,#14143,.T.);
#14143 = EDGE_CURVE('',#14136,#14136,#14144,.T.);
#14144 = CIRCLE('',#14145,4.);
#14145 = AXIS2_PLACEMENT_3D('',#14146,#14147,#14148);
#14146 = CARTESIAN_POINT('',(4.443616548826E-15,-5.936004121482,
    120.4302533659));
#14147 = DIRECTION('',(5.448900650123E-17,-0.375,0.927024810887));
#14148 = DIRECTION('',(1.,1.060358814402E-17,-5.448900650123E-17));
#14149 = ORIENTED_EDGE('',*,*,#14133,.F.);
#14150 = ORIENTED_EDGE('',*,*,#14151,.F.);
#14151 = EDGE_CURVE('',#14134,#14134,#14152,.T.);
#14152 = CIRCLE('',#14153,4.);
#14153 = AXIS2_PLACEMENT_3D('',#14154,#14155,#14156);
#14154 = CARTESIAN_POINT('',(4.410923144925E-15,-5.711004121482,
    119.87403847937));
#14155 = DIRECTION('',(5.448900650123E-17,-0.375,0.927024810887));
#14156 = DIRECTION('',(1.,1.060358814402E-17,-5.448900650123E-17));
#14157 = CYLINDRICAL_SURFACE('',#14158,4.);
#14158 = AXIS2_PLACEMENT_3D('',#14159,#14160,#14161);
#14159 = CARTESIAN_POINT('',(4.410923144925E-15,-5.711004121482,
    119.87403847937));
#14160 = DIRECTION('',(-5.448900650123E-17,0.375,-0.927024810887));
#14161 = DIRECTION('',(1.,1.060358814402E-17,-5.448900650123E-17));
#14162 = ADVANCED_FACE('',(#14163),#14166,.F.);
#14163 = FACE_BOUND('',#14164,.T.);
#14164 = EDGE_LOOP('',(#14165));
#14165 = ORIENTED_EDGE('',*,*,#14151,.F.);
#14166 = PLANE('',#14167);
#14167 = AXIS2_PLACEMENT_3D('',#14168,#14169,#14170);
#14168 = CARTESIAN_POINT('',(4.410923144925E-15,-5.711004121482,
    119.87403847937));
#14169 = DIRECTION('',(5.448900650123E-17,-0.375,0.927024810887));
#14170 = DIRECTION('',(1.,1.060358814402E-17,-5.448900650123E-17));
#14171 = ADVANCED_FACE('',(#14172),#14175,.T.);
#14172 = FACE_BOUND('',#14173,.F.);
#14173 = EDGE_LOOP('',(#14174));
#14174 = ORIENTED_EDGE('',*,*,#14143,.F.);
#14175 = PLANE('',#14176);
#14176 = AXIS2_PLACEMENT_3D('',#14177,#14178,#14179);
#14177 = CARTESIAN_POINT('',(4.443616548826E-15,-5.936004121482,
    120.4302533659));
#14178 = DIRECTION('',(5.448900650123E-17,-0.375,0.927024810887));
#14179 = DIRECTION('',(1.,1.060358814402E-17,-5.448900650123E-17));
#14180 = ( GEOMETRIC_REPRESENTATION_CONTEXT(3) 
GLOBAL_UNCERTAINTY_ASSIGNED_CONTEXT((#14184)) 
GLOBAL_UNIT_ASSIGNED_CONTEXT((#14181,#14182,#14183)) 
REPRESENTATION_CONTEXT('Context #1',
  '3D Context with UNIT and UNCERTAINTY') );
#14181 = ( LENGTH_UNIT() NAMED_UNIT(*) SI_UNIT(.MILLI.,.METRE.) );
#14182 = ( NAMED_UNIT(*) PLANE_ANGLE_UNIT() SI_UNIT($,.RADIAN.) );
#14183 = ( NAMED_UNIT(*) SI_UNIT($,.STERADIAN.) SOLID_ANGLE_UNIT() );
#14184 = UNCERTAINTY_MEASURE_WITH_UNIT(LENGTH_MEASURE(1.E-07),#14181,
  'distance_accuracy_value','confusion accuracy');
#14185 = CONTEXT_DEPENDENT_SHAPE_REPRESENTATION(#14186,#14188);
#14186 = ( REPRESENTATION_RELATIONSHIP('','',#13967,#10) 
REPRESENTATION_RELATIONSHIP_WITH_TRANSFORMATION(#14187) 
SHAPE_REPRESENTATION_RELATIONSHIP() );
#14187 = ITEM_DEFINED_TRANSFORMATION('','',#11,#99);
#14188 = PRODUCT_DEFINITION_SHAPE('Placement','Placement of an item',
  #14189);
#14189 = NEXT_ASSEMBLY_USAGE_OCCURRENCE('22',
  'Camera lens: Commonlands CIL122 12 mm','',#5,#13962,$);
#14190 = PRODUCT_RELATED_PRODUCT_CATEGORY('part',$,(#13964));
#14191 = SHAPE_DEFINITION_REPRESENTATION(#14192,#14198);
#14192 = PRODUCT_DEFINITION_SHAPE('','',#14193);
#14193 = PRODUCT_DEFINITION('design','',#14194,#14197);
#14194 = PRODUCT_DEFINITION_FORMATION('','',#14195);
#14195 = PRODUCT('Arducam B0152 IMX219 NoIR (M12)',
  'Arducam B0152 IMX219 NoIR (M12)','',(#14196));
#14196 = PRODUCT_CONTEXT('',#2,'mechanical');
#14197 = PRODUCT_DEFINITION_CONTEXT('part definition',#2,'design');
#14198 = SHAPE_REPRESENTATION('',(#11,#14199,#14505,#14655,#14850,#15000
    ),#15150);
#14199 = MANIFOLD_SOLID_BREP('',#14200);
#14200 = CLOSED_SHELL('',(#14201,#14241,#14272,#14340,#14364,#14425,
    #14437,#14454,#14471,#14488));
#14201 = ADVANCED_FACE('',(#14202),#14236,.F.);
#14202 = FACE_BOUND('',#14203,.F.);
#14203 = EDGE_LOOP('',(#14204,#14214,#14222,#14230));
#14204 = ORIENTED_EDGE('',*,*,#14205,.F.);
#14205 = EDGE_CURVE('',#14206,#14208,#14210,.T.);
#14206 = VERTEX_POINT('',#14207);
#14207 = CARTESIAN_POINT('',(-18.,-24.85370071744,119.19605099067));
#14208 = VERTEX_POINT('',#14209);
#14209 = CARTESIAN_POINT('',(-18.,-25.45370071744,120.67929068809));
#14210 = LINE('',#14211,#14212);
#14211 = CARTESIAN_POINT('',(-18.,-24.85370071744,119.19605099067));
#14212 = VECTOR('',#14213,1.);
#14213 = DIRECTION('',(5.448900650123E-17,-0.375,0.927024810887));
#14214 = ORIENTED_EDGE('',*,*,#14215,.T.);
#14215 = EDGE_CURVE('',#14206,#14216,#14218,.T.);
#14216 = VERTEX_POINT('',#14217);
#14217 = CARTESIAN_POINT('',(-18.,8.519192474483,132.69605099067));
#14218 = LINE('',#14219,#14220);
#14219 = CARTESIAN_POINT('',(-18.,-24.85370071744,119.19605099067));
#14220 = VECTOR('',#14221,1.);
#14221 = DIRECTION('',(1.060358814402E-17,0.927024810887,0.375));
#14222 = ORIENTED_EDGE('',*,*,#14223,.T.);
#14223 = EDGE_CURVE('',#14216,#14224,#14226,.T.);
#14224 = VERTEX_POINT('',#14225);
#14225 = CARTESIAN_POINT('',(-18.,7.919192474483,134.17929068809));
#14226 = LINE('',#14227,#14228);
#14227 = CARTESIAN_POINT('',(-18.,8.519192474483,132.69605099067));
#14228 = VECTOR('',#14229,1.);
#14229 = DIRECTION('',(5.448900650123E-17,-0.375,0.927024810887));
#14230 = ORIENTED_EDGE('',*,*,#14231,.F.);
#14231 = EDGE_CURVE('',#14208,#14224,#14232,.T.);
#14232 = LINE('',#14233,#14234);
#14233 = CARTESIAN_POINT('',(-18.,-25.45370071744,120.67929068809));
#14234 = VECTOR('',#14235,1.);
#14235 = DIRECTION('',(1.060358814402E-17,0.927024810887,0.375));
#14236 = PLANE('',#14237);
#14237 = AXIS2_PLACEMENT_3D('',#14238,#14239,#14240);
#14238 = CARTESIAN_POINT('',(-18.,-24.85370071744,119.19605099067));
#14239 = DIRECTION('',(1.,1.060358814402E-17,-5.448900650123E-17));
#14240 = DIRECTION('',(5.448900650123E-17,-0.375,0.927024810887));
#14241 = ADVANCED_FACE('',(#14242),#14267,.F.);
#14242 = FACE_BOUND('',#14243,.F.);
#14243 = EDGE_LOOP('',(#14244,#14252,#14253,#14261));
#14244 = ORIENTED_EDGE('',*,*,#14245,.F.);
#14245 = EDGE_CURVE('',#14206,#14246,#14248,.T.);
#14246 = VERTEX_POINT('',#14247);
#14247 = CARTESIAN_POINT('',(18.,-24.85370071744,119.19605099067));
#14248 = LINE('',#14249,#14250);
#14249 = CARTESIAN_POINT('',(-18.,-24.85370071744,119.19605099067));
#14250 = VECTOR('',#14251,1.);
#14251 = DIRECTION('',(1.,1.060358814402E-17,-5.448900650123E-17));
#14252 = ORIENTED_EDGE('',*,*,#14205,.T.);
#14253 = ORIENTED_EDGE('',*,*,#14254,.T.);
#14254 = EDGE_CURVE('',#14208,#14255,#14257,.T.);
#14255 = VERTEX_POINT('',#14256);
#14256 = CARTESIAN_POINT('',(18.,-25.45370071744,120.67929068809));
#14257 = LINE('',#14258,#14259);
#14258 = CARTESIAN_POINT('',(-18.,-25.45370071744,120.67929068809));
#14259 = VECTOR('',#14260,1.);
#14260 = DIRECTION('',(1.,1.060358814402E-17,-5.448900650123E-17));
#14261 = ORIENTED_EDGE('',*,*,#14262,.F.);
#14262 = EDGE_CURVE('',#14246,#14255,#14263,.T.);
#14263 = LINE('',#14264,#14265);
#14264 = CARTESIAN_POINT('',(18.,-24.85370071744,119.19605099067));
#14265 = VECTOR('',#14266,1.);
#14266 = DIRECTION('',(5.448900650123E-17,-0.375,0.927024810887));
#14267 = PLANE('',#14268);
#14268 = AXIS2_PLACEMENT_3D('',#14269,#14270,#14271);
#14269 = CARTESIAN_POINT('',(-18.,-24.85370071744,119.19605099067));
#14270 = DIRECTION('',(1.060358814402E-17,0.927024810887,0.375));
#14271 = DIRECTION('',(5.448900650123E-17,-0.375,0.927024810887));
#14272 = ADVANCED_FACE('',(#14273,#14291,#14302,#14313,#14324),#14335,
  .T.);
#14273 = FACE_BOUND('',#14274,.T.);
#14274 = EDGE_LOOP('',(#14275,#14276,#14277,#14285));
#14275 = ORIENTED_EDGE('',*,*,#14231,.F.);
#14276 = ORIENTED_EDGE('',*,*,#14254,.T.);
#14277 = ORIENTED_EDGE('',*,*,#14278,.T.);
#14278 = EDGE_CURVE('',#14255,#14279,#14281,.T.);
#14279 = VERTEX_POINT('',#14280);
#14280 = CARTESIAN_POINT('',(18.,7.919192474483,134.17929068809));
#14281 = LINE('',#14282,#14283);
#14282 = CARTESIAN_POINT('',(18.,-25.45370071744,120.67929068809));
#14283 = VECTOR('',#14284,1.);
#14284 = DIRECTION('',(1.060358814402E-17,0.927024810887,0.375));
#14285 = ORIENTED_EDGE('',*,*,#14286,.F.);
#14286 = EDGE_CURVE('',#14224,#14279,#14287,.T.);
#14287 = LINE('',#14288,#14289);
#14288 = CARTESIAN_POINT('',(-18.,7.919192474483,134.17929068809));
#14289 = VECTOR('',#14290,1.);
#14290 = DIRECTION('',(1.,1.060358814402E-17,-5.448900650123E-17));
#14291 = FACE_BOUND('',#14292,.T.);
#14292 = EDGE_LOOP('',(#14293));
#14293 = ORIENTED_EDGE('',*,*,#14294,.T.);
#14294 = EDGE_CURVE('',#14295,#14295,#14297,.T.);
#14295 = VERTEX_POINT('',#14296);
#14296 = CARTESIAN_POINT('',(-13.4,-22.20911387934,121.99179068809));
#14297 = CIRCLE('',#14298,1.1);
#14298 = AXIS2_PLACEMENT_3D('',#14299,#14300,#14301);
#14299 = CARTESIAN_POINT('',(-14.5,-22.20911387934,121.99179068809));
#14300 = DIRECTION('',(-5.448900650123E-17,0.375,-0.927024810887));
#14301 = DIRECTION('',(1.,1.060358814402E-17,-5.448900650123E-17));
#14302 = FACE_BOUND('',#14303,.T.);
#14303 = EDGE_LOOP('',(#14304));
#14304 = ORIENTED_EDGE('',*,*,#14305,.T.);
#14305 = EDGE_CURVE('',#14306,#14306,#14308,.T.);
#14306 = VERTEX_POINT('',#14307);
#14307 = CARTESIAN_POINT('',(15.6,-22.20911387934,121.99179068809));
#14308 = CIRCLE('',#14309,1.1);
#14309 = AXIS2_PLACEMENT_3D('',#14310,#14311,#14312);
#14310 = CARTESIAN_POINT('',(14.5,-22.20911387934,121.99179068809));
#14311 = DIRECTION('',(-5.448900650123E-17,0.375,-0.927024810887));
#14312 = DIRECTION('',(1.,1.060358814402E-17,-5.448900650123E-17));
#14313 = FACE_BOUND('',#14314,.T.);
#14314 = EDGE_LOOP('',(#14315));
#14315 = ORIENTED_EDGE('',*,*,#14316,.T.);
#14316 = EDGE_CURVE('',#14317,#14317,#14319,.T.);
#14317 = VERTEX_POINT('',#14318);
#14318 = CARTESIAN_POINT('',(-13.4,4.674605636379,132.86679068809));
#14319 = CIRCLE('',#14320,1.1);
#14320 = AXIS2_PLACEMENT_3D('',#14321,#14322,#14323);
#14321 = CARTESIAN_POINT('',(-14.5,4.674605636379,132.86679068809));
#14322 = DIRECTION('',(-5.448900650123E-17,0.375,-0.927024810887));
#14323 = DIRECTION('',(1.,1.060358814402E-17,-5.448900650123E-17));
#14324 = FACE_BOUND('',#14325,.T.);
#14325 = EDGE_LOOP('',(#14326));
#14326 = ORIENTED_EDGE('',*,*,#14327,.T.);
#14327 = EDGE_CURVE('',#14328,#14328,#14330,.T.);
#14328 = VERTEX_POINT('',#14329);
#14329 = CARTESIAN_POINT('',(15.6,4.674605636379,132.86679068809));
#14330 = CIRCLE('',#14331,1.1);
#14331 = AXIS2_PLACEMENT_3D('',#14332,#14333,#14334);
#14332 = CARTESIAN_POINT('',(14.5,4.674605636379,132.86679068809));
#14333 = DIRECTION('',(-5.448900650123E-17,0.375,-0.927024810887));
#14334 = DIRECTION('',(1.,1.060358814402E-17,-5.448900650123E-17));
#14335 = PLANE('',#14336);
#14336 = AXIS2_PLACEMENT_3D('',#14337,#14338,#14339);
#14337 = CARTESIAN_POINT('',(-18.,-25.45370071744,120.67929068809));
#14338 = DIRECTION('',(5.448900650123E-17,-0.375,0.927024810887));
#14339 = DIRECTION('',(1.,1.060358814402E-17,-5.448900650123E-17));
#14340 = ADVANCED_FACE('',(#14341),#14359,.T.);
#14341 = FACE_BOUND('',#14342,.T.);
#14342 = EDGE_LOOP('',(#14343,#14351,#14352,#14353));
#14343 = ORIENTED_EDGE('',*,*,#14344,.F.);
#14344 = EDGE_CURVE('',#14216,#14345,#14347,.T.);
#14345 = VERTEX_POINT('',#14346);
#14346 = CARTESIAN_POINT('',(18.,8.519192474483,132.69605099067));
#14347 = LINE('',#14348,#14349);
#14348 = CARTESIAN_POINT('',(-18.,8.519192474483,132.69605099067));
#14349 = VECTOR('',#14350,1.);
#14350 = DIRECTION('',(1.,1.060358814402E-17,-5.448900650123E-17));
#14351 = ORIENTED_EDGE('',*,*,#14223,.T.);
#14352 = ORIENTED_EDGE('',*,*,#14286,.T.);
#14353 = ORIENTED_EDGE('',*,*,#14354,.F.);
#14354 = EDGE_CURVE('',#14345,#14279,#14355,.T.);
#14355 = LINE('',#14356,#14357);
#14356 = CARTESIAN_POINT('',(18.,8.519192474483,132.69605099067));
#14357 = VECTOR('',#14358,1.);
#14358 = DIRECTION('',(5.448900650123E-17,-0.375,0.927024810887));
#14359 = PLANE('',#14360);
#14360 = AXIS2_PLACEMENT_3D('',#14361,#14362,#14363);
#14361 = CARTESIAN_POINT('',(-18.,8.519192474483,132.69605099067));
#14362 = DIRECTION('',(1.060358814402E-17,0.927024810887,0.375));
#14363 = DIRECTION('',(5.448900650123E-17,-0.375,0.927024810887));
#14364 = ADVANCED_FACE('',(#14365,#14376,#14387,#14398,#14409),#14420,
  .F.);
#14365 = FACE_BOUND('',#14366,.F.);
#14366 = EDGE_LOOP('',(#14367,#14368,#14369,#14375));
#14367 = ORIENTED_EDGE('',*,*,#14215,.F.);
#14368 = ORIENTED_EDGE('',*,*,#14245,.T.);
#14369 = ORIENTED_EDGE('',*,*,#14370,.T.);
#14370 = EDGE_CURVE('',#14246,#14345,#14371,.T.);
#14371 = LINE('',#14372,#14373);
#14372 = CARTESIAN_POINT('',(18.,-24.85370071744,119.19605099067));
#14373 = VECTOR('',#14374,1.);
#14374 = DIRECTION('',(1.060358814402E-17,0.927024810887,0.375));
#14375 = ORIENTED_EDGE('',*,*,#14344,.F.);
#14376 = FACE_BOUND('',#14377,.F.);
#14377 = EDGE_LOOP('',(#14378));
#14378 = ORIENTED_EDGE('',*,*,#14379,.T.);
#14379 = EDGE_CURVE('',#14380,#14380,#14382,.T.);
#14380 = VERTEX_POINT('',#14381);
#14381 = CARTESIAN_POINT('',(-13.4,-21.60911387934,120.50855099067));
#14382 = CIRCLE('',#14383,1.1);
#14383 = AXIS2_PLACEMENT_3D('',#14384,#14385,#14386);
#14384 = CARTESIAN_POINT('',(-14.5,-21.60911387934,120.50855099067));
#14385 = DIRECTION('',(-5.448900650123E-17,0.375,-0.927024810887));
#14386 = DIRECTION('',(1.,1.060358814402E-17,-5.448900650123E-17));
#14387 = FACE_BOUND('',#14388,.F.);
#14388 = EDGE_LOOP('',(#14389));
#14389 = ORIENTED_EDGE('',*,*,#14390,.T.);
#14390 = EDGE_CURVE('',#14391,#14391,#14393,.T.);
#14391 = VERTEX_POINT('',#14392);
#14392 = CARTESIAN_POINT('',(15.6,-21.60911387934,120.50855099067));
#14393 = CIRCLE('',#14394,1.1);
#14394 = AXIS2_PLACEMENT_3D('',#14395,#14396,#14397);
#14395 = CARTESIAN_POINT('',(14.5,-21.60911387934,120.50855099067));
#14396 = DIRECTION('',(-5.448900650123E-17,0.375,-0.927024810887));
#14397 = DIRECTION('',(1.,1.060358814402E-17,-5.448900650123E-17));
#14398 = FACE_BOUND('',#14399,.F.);
#14399 = EDGE_LOOP('',(#14400));
#14400 = ORIENTED_EDGE('',*,*,#14401,.T.);
#14401 = EDGE_CURVE('',#14402,#14402,#14404,.T.);
#14402 = VERTEX_POINT('',#14403);
#14403 = CARTESIAN_POINT('',(-13.4,5.274605636379,131.38355099067));
#14404 = CIRCLE('',#14405,1.1);
#14405 = AXIS2_PLACEMENT_3D('',#14406,#14407,#14408);
#14406 = CARTESIAN_POINT('',(-14.5,5.274605636379,131.38355099067));
#14407 = DIRECTION('',(-5.448900650123E-17,0.375,-0.927024810887));
#14408 = DIRECTION('',(1.,1.060358814402E-17,-5.448900650123E-17));
#14409 = FACE_BOUND('',#14410,.F.);
#14410 = EDGE_LOOP('',(#14411));
#14411 = ORIENTED_EDGE('',*,*,#14412,.T.);
#14412 = EDGE_CURVE('',#14413,#14413,#14415,.T.);
#14413 = VERTEX_POINT('',#14414);
#14414 = CARTESIAN_POINT('',(15.6,5.274605636379,131.38355099067));
#14415 = CIRCLE('',#14416,1.1);
#14416 = AXIS2_PLACEMENT_3D('',#14417,#14418,#14419);
#14417 = CARTESIAN_POINT('',(14.5,5.274605636379,131.38355099067));
#14418 = DIRECTION('',(-5.448900650123E-17,0.375,-0.927024810887));
#14419 = DIRECTION('',(1.,1.060358814402E-17,-5.448900650123E-17));
#14420 = PLANE('',#14421);
#14421 = AXIS2_PLACEMENT_3D('',#14422,#14423,#14424);
#14422 = CARTESIAN_POINT('',(-18.,-24.85370071744,119.19605099067));
#14423 = DIRECTION('',(5.448900650123E-17,-0.375,0.927024810887));
#14424 = DIRECTION('',(1.,1.060358814402E-17,-5.448900650123E-17));
#14425 = ADVANCED_FACE('',(#14426),#14432,.T.);
#14426 = FACE_BOUND('',#14427,.T.);
#14427 = EDGE_LOOP('',(#14428,#14429,#14430,#14431));
#14428 = ORIENTED_EDGE('',*,*,#14262,.F.);
#14429 = ORIENTED_EDGE('',*,*,#14370,.T.);
#14430 = ORIENTED_EDGE('',*,*,#14354,.T.);
#14431 = ORIENTED_EDGE('',*,*,#14278,.F.);
#14432 = PLANE('',#14433);
#14433 = AXIS2_PLACEMENT_3D('',#14434,#14435,#14436);
#14434 = CARTESIAN_POINT('',(18.,-24.85370071744,119.19605099067));
#14435 = DIRECTION('',(1.,1.060358814402E-17,-5.448900650123E-17));
#14436 = DIRECTION('',(5.448900650123E-17,-0.375,0.927024810887));
#14437 = ADVANCED_FACE('',(#14438),#14449,.F.);
#14438 = FACE_BOUND('',#14439,.T.);
#14439 = EDGE_LOOP('',(#14440,#14441,#14447,#14448));
#14440 = ORIENTED_EDGE('',*,*,#14379,.T.);
#14441 = ORIENTED_EDGE('',*,*,#14442,.T.);
#14442 = EDGE_CURVE('',#14380,#14295,#14443,.T.);
#14443 = LINE('',#14444,#14445);
#14444 = CARTESIAN_POINT('',(-13.4,-21.23411387934,119.58152617979));
#14445 = VECTOR('',#14446,1.);
#14446 = DIRECTION('',(5.448900650123E-17,-0.375,0.927024810887));
#14447 = ORIENTED_EDGE('',*,*,#14294,.F.);
#14448 = ORIENTED_EDGE('',*,*,#14442,.F.);
#14449 = CYLINDRICAL_SURFACE('',#14450,1.1);
#14450 = AXIS2_PLACEMENT_3D('',#14451,#14452,#14453);
#14451 = CARTESIAN_POINT('',(-14.5,-21.23411387934,119.58152617979));
#14452 = DIRECTION('',(-5.448900650123E-17,0.375,-0.927024810887));
#14453 = DIRECTION('',(1.,1.060358814402E-17,-5.448900650123E-17));
#14454 = ADVANCED_FACE('',(#14455),#14466,.F.);
#14455 = FACE_BOUND('',#14456,.T.);
#14456 = EDGE_LOOP('',(#14457,#14458,#14464,#14465));
#14457 = ORIENTED_EDGE('',*,*,#14390,.T.);
#14458 = ORIENTED_EDGE('',*,*,#14459,.T.);
#14459 = EDGE_CURVE('',#14391,#14306,#14460,.T.);
#14460 = LINE('',#14461,#14462);
#14461 = CARTESIAN_POINT('',(15.6,-21.23411387934,119.58152617979));
#14462 = VECTOR('',#14463,1.);
#14463 = DIRECTION('',(5.448900650123E-17,-0.375,0.927024810887));
#14464 = ORIENTED_EDGE('',*,*,#14305,.F.);
#14465 = ORIENTED_EDGE('',*,*,#14459,.F.);
#14466 = CYLINDRICAL_SURFACE('',#14467,1.1);
#14467 = AXIS2_PLACEMENT_3D('',#14468,#14469,#14470);
#14468 = CARTESIAN_POINT('',(14.5,-21.23411387934,119.58152617979));
#14469 = DIRECTION('',(-5.448900650123E-17,0.375,-0.927024810887));
#14470 = DIRECTION('',(1.,1.060358814402E-17,-5.448900650123E-17));
#14471 = ADVANCED_FACE('',(#14472),#14483,.F.);
#14472 = FACE_BOUND('',#14473,.T.);
#14473 = EDGE_LOOP('',(#14474,#14475,#14481,#14482));
#14474 = ORIENTED_EDGE('',*,*,#14401,.T.);
#14475 = ORIENTED_EDGE('',*,*,#14476,.T.);
#14476 = EDGE_CURVE('',#14402,#14317,#14477,.T.);
#14477 = LINE('',#14478,#14479);
#14478 = CARTESIAN_POINT('',(-13.4,5.649605636379,130.45652617979));
#14479 = VECTOR('',#14480,1.);
#14480 = DIRECTION('',(5.448900650123E-17,-0.375,0.927024810887));
#14481 = ORIENTED_EDGE('',*,*,#14316,.F.);
#14482 = ORIENTED_EDGE('',*,*,#14476,.F.);
#14483 = CYLINDRICAL_SURFACE('',#14484,1.1);
#14484 = AXIS2_PLACEMENT_3D('',#14485,#14486,#14487);
#14485 = CARTESIAN_POINT('',(-14.5,5.649605636379,130.45652617979));
#14486 = DIRECTION('',(-5.448900650123E-17,0.375,-0.927024810887));
#14487 = DIRECTION('',(1.,1.060358814402E-17,-5.448900650123E-17));
#14488 = ADVANCED_FACE('',(#14489),#14500,.F.);
#14489 = FACE_BOUND('',#14490,.T.);
#14490 = EDGE_LOOP('',(#14491,#14492,#14498,#14499));
#14491 = ORIENTED_EDGE('',*,*,#14412,.T.);
#14492 = ORIENTED_EDGE('',*,*,#14493,.T.);
#14493 = EDGE_CURVE('',#14413,#14328,#14494,.T.);
#14494 = LINE('',#14495,#14496);
#14495 = CARTESIAN_POINT('',(15.6,5.649605636379,130.45652617979));
#14496 = VECTOR('',#14497,1.);
#14497 = DIRECTION('',(5.448900650123E-17,-0.375,0.927024810887));
#14498 = ORIENTED_EDGE('',*,*,#14327,.F.);
#14499 = ORIENTED_EDGE('',*,*,#14493,.F.);
#14500 = CYLINDRICAL_SURFACE('',#14501,1.1);
#14501 = AXIS2_PLACEMENT_3D('',#14502,#14503,#14504);
#14502 = CARTESIAN_POINT('',(14.5,5.649605636379,130.45652617979));
#14503 = DIRECTION('',(-5.448900650123E-17,0.375,-0.927024810887));
#14504 = DIRECTION('',(1.,1.060358814402E-17,-5.448900650123E-17));
#14505 = MANIFOLD_SOLID_BREP('',#14506);
#14506 = CLOSED_SHELL('',(#14507,#14547,#14587,#14609,#14631,#14643));
#14507 = ADVANCED_FACE('',(#14508),#14542,.F.);
#14508 = FACE_BOUND('',#14509,.F.);
#14509 = EDGE_LOOP('',(#14510,#14520,#14528,#14536));
#14510 = ORIENTED_EDGE('',*,*,#14511,.F.);
#14511 = EDGE_CURVE('',#14512,#14514,#14516,.T.);
#14512 = VERTEX_POINT('',#14513);
#14513 = CARTESIAN_POINT('',(-4.25,-11.73210956775,123.42527617979));
#14514 = VERTEX_POINT('',#14515);
#14515 = CARTESIAN_POINT('',(-4.25,-12.10710956775,124.35230099067));
#14516 = LINE('',#14517,#14518);
#14517 = CARTESIAN_POINT('',(-4.25,-11.73210956775,123.42527617979));
#14518 = VECTOR('',#14519,1.);
#14519 = DIRECTION('',(5.448900650123E-17,-0.375,0.927024810887));
#14520 = ORIENTED_EDGE('',*,*,#14521,.T.);
#14521 = EDGE_CURVE('',#14512,#14522,#14524,.T.);
#14522 = VERTEX_POINT('',#14523);
#14523 = CARTESIAN_POINT('',(-4.25,-3.852398675213,126.61277617979));
#14524 = LINE('',#14525,#14526);
#14525 = CARTESIAN_POINT('',(-4.25,-11.73210956775,123.42527617979));
#14526 = VECTOR('',#14527,1.);
#14527 = DIRECTION('',(1.060358814402E-17,0.927024810887,0.375));
#14528 = ORIENTED_EDGE('',*,*,#14529,.T.);
#14529 = EDGE_CURVE('',#14522,#14530,#14532,.T.);
#14530 = VERTEX_POINT('',#14531);
#14531 = CARTESIAN_POINT('',(-4.25,-4.227398675213,127.53980099067));
#14532 = LINE('',#14533,#14534);
#14533 = CARTESIAN_POINT('',(-4.25,-3.852398675213,126.61277617979));
#14534 = VECTOR('',#14535,1.);
#14535 = DIRECTION('',(5.448900650123E-17,-0.375,0.927024810887));
#14536 = ORIENTED_EDGE('',*,*,#14537,.F.);
#14537 = EDGE_CURVE('',#14514,#14530,#14538,.T.);
#14538 = LINE('',#14539,#14540);
#14539 = CARTESIAN_POINT('',(-4.25,-12.10710956775,124.35230099067));
#14540 = VECTOR('',#14541,1.);
#14541 = DIRECTION('',(1.060358814402E-17,0.927024810887,0.375));
#14542 = PLANE('',#14543);
#14543 = AXIS2_PLACEMENT_3D('',#14544,#14545,#14546);
#14544 = CARTESIAN_POINT('',(-4.25,-11.73210956775,123.42527617979));
#14545 = DIRECTION('',(1.,1.060358814402E-17,-5.448900650123E-17));
#14546 = DIRECTION('',(5.448900650123E-17,-0.375,0.927024810887));
#14547 = ADVANCED_FACE('',(#14548),#14582,.T.);
#14548 = FACE_BOUND('',#14549,.T.);
#14549 = EDGE_LOOP('',(#14550,#14560,#14568,#14576));
#14550 = ORIENTED_EDGE('',*,*,#14551,.F.);
#14551 = EDGE_CURVE('',#14552,#14554,#14556,.T.);
#14552 = VERTEX_POINT('',#14553);
#14553 = CARTESIAN_POINT('',(4.25,-11.73210956775,123.42527617979));
#14554 = VERTEX_POINT('',#14555);
#14555 = CARTESIAN_POINT('',(4.25,-12.10710956775,124.35230099067));
#14556 = LINE('',#14557,#14558);
#14557 = CARTESIAN_POINT('',(4.25,-11.73210956775,123.42527617979));
#14558 = VECTOR('',#14559,1.);
#14559 = DIRECTION('',(5.448900650123E-17,-0.375,0.927024810887));
#14560 = ORIENTED_EDGE('',*,*,#14561,.T.);
#14561 = EDGE_CURVE('',#14552,#14562,#14564,.T.);
#14562 = VERTEX_POINT('',#14563);
#14563 = CARTESIAN_POINT('',(4.25,-3.852398675213,126.61277617979));
#14564 = LINE('',#14565,#14566);
#14565 = CARTESIAN_POINT('',(4.25,-11.73210956775,123.42527617979));
#14566 = VECTOR('',#14567,1.);
#14567 = DIRECTION('',(1.060358814402E-17,0.927024810887,0.375));
#14568 = ORIENTED_EDGE('',*,*,#14569,.T.);
#14569 = EDGE_CURVE('',#14562,#14570,#14572,.T.);
#14570 = VERTEX_POINT('',#14571);
#14571 = CARTESIAN_POINT('',(4.25,-4.227398675213,127.53980099067));
#14572 = LINE('',#14573,#14574);
#14573 = CARTESIAN_POINT('',(4.25,-3.852398675213,126.61277617979));
#14574 = VECTOR('',#14575,1.);
#14575 = DIRECTION('',(5.448900650123E-17,-0.375,0.927024810887));
#14576 = ORIENTED_EDGE('',*,*,#14577,.F.);
#14577 = EDGE_CURVE('',#14554,#14570,#14578,.T.);
#14578 = LINE('',#14579,#14580);
#14579 = CARTESIAN_POINT('',(4.25,-12.10710956775,124.35230099067));
#14580 = VECTOR('',#14581,1.);
#14581 = DIRECTION('',(1.060358814402E-17,0.927024810887,0.375));
#14582 = PLANE('',#14583);
#14583 = AXIS2_PLACEMENT_3D('',#14584,#14585,#14586);
#14584 = CARTESIAN_POINT('',(4.25,-11.73210956775,123.42527617979));
#14585 = DIRECTION('',(1.,1.060358814402E-17,-5.448900650123E-17));
#14586 = DIRECTION('',(5.448900650123E-17,-0.375,0.927024810887));
#14587 = ADVANCED_FACE('',(#14588),#14604,.F.);
#14588 = FACE_BOUND('',#14589,.F.);
#14589 = EDGE_LOOP('',(#14590,#14596,#14597,#14603));
#14590 = ORIENTED_EDGE('',*,*,#14591,.F.);
#14591 = EDGE_CURVE('',#14512,#14552,#14592,.T.);
#14592 = LINE('',#14593,#14594);
#14593 = CARTESIAN_POINT('',(-4.25,-11.73210956775,123.42527617979));
#14594 = VECTOR('',#14595,1.);
#14595 = DIRECTION('',(1.,1.060358814402E-17,-5.448900650123E-17));
#14596 = ORIENTED_EDGE('',*,*,#14511,.T.);
#14597 = ORIENTED_EDGE('',*,*,#14598,.T.);
#14598 = EDGE_CURVE('',#14514,#14554,#14599,.T.);
#14599 = LINE('',#14600,#14601);
#14600 = CARTESIAN_POINT('',(-4.25,-12.10710956775,124.35230099067));
#14601 = VECTOR('',#14602,1.);
#14602 = DIRECTION('',(1.,1.060358814402E-17,-5.448900650123E-17));
#14603 = ORIENTED_EDGE('',*,*,#14551,.F.);
#14604 = PLANE('',#14605);
#14605 = AXIS2_PLACEMENT_3D('',#14606,#14607,#14608);
#14606 = CARTESIAN_POINT('',(-4.25,-11.73210956775,123.42527617979));
#14607 = DIRECTION('',(1.060358814402E-17,0.927024810887,0.375));
#14608 = DIRECTION('',(5.448900650123E-17,-0.375,0.927024810887));
#14609 = ADVANCED_FACE('',(#14610),#14626,.T.);
#14610 = FACE_BOUND('',#14611,.T.);
#14611 = EDGE_LOOP('',(#14612,#14618,#14619,#14625));
#14612 = ORIENTED_EDGE('',*,*,#14613,.F.);
#14613 = EDGE_CURVE('',#14522,#14562,#14614,.T.);
#14614 = LINE('',#14615,#14616);
#14615 = CARTESIAN_POINT('',(-4.25,-3.852398675213,126.61277617979));
#14616 = VECTOR('',#14617,1.);
#14617 = DIRECTION('',(1.,1.060358814402E-17,-5.448900650123E-17));
#14618 = ORIENTED_EDGE('',*,*,#14529,.T.);
#14619 = ORIENTED_EDGE('',*,*,#14620,.T.);
#14620 = EDGE_CURVE('',#14530,#14570,#14621,.T.);
#14621 = LINE('',#14622,#14623);
#14622 = CARTESIAN_POINT('',(-4.25,-4.227398675213,127.53980099067));
#14623 = VECTOR('',#14624,1.);
#14624 = DIRECTION('',(1.,1.060358814402E-17,-5.448900650123E-17));
#14625 = ORIENTED_EDGE('',*,*,#14569,.F.);
#14626 = PLANE('',#14627);
#14627 = AXIS2_PLACEMENT_3D('',#14628,#14629,#14630);
#14628 = CARTESIAN_POINT('',(-4.25,-3.852398675213,126.61277617979));
#14629 = DIRECTION('',(1.060358814402E-17,0.927024810887,0.375));
#14630 = DIRECTION('',(5.448900650123E-17,-0.375,0.927024810887));
#14631 = ADVANCED_FACE('',(#14632),#14638,.F.);
#14632 = FACE_BOUND('',#14633,.F.);
#14633 = EDGE_LOOP('',(#14634,#14635,#14636,#14637));
#14634 = ORIENTED_EDGE('',*,*,#14521,.F.);
#14635 = ORIENTED_EDGE('',*,*,#14591,.T.);
#14636 = ORIENTED_EDGE('',*,*,#14561,.T.);
#14637 = ORIENTED_EDGE('',*,*,#14613,.F.);
#14638 = PLANE('',#14639);
#14639 = AXIS2_PLACEMENT_3D('',#14640,#14641,#14642);
#14640 = CARTESIAN_POINT('',(-4.25,-11.73210956775,123.42527617979));
#14641 = DIRECTION('',(5.448900650123E-17,-0.375,0.927024810887));
#14642 = DIRECTION('',(1.,1.060358814402E-17,-5.448900650123E-17));
#14643 = ADVANCED_FACE('',(#14644),#14650,.T.);
#14644 = FACE_BOUND('',#14645,.T.);
#14645 = EDGE_LOOP('',(#14646,#14647,#14648,#14649));
#14646 = ORIENTED_EDGE('',*,*,#14537,.F.);
#14647 = ORIENTED_EDGE('',*,*,#14598,.T.);
#14648 = ORIENTED_EDGE('',*,*,#14577,.T.);
#14649 = ORIENTED_EDGE('',*,*,#14620,.F.);
#14650 = PLANE('',#14651);
#14651 = AXIS2_PLACEMENT_3D('',#14652,#14653,#14654);
#14652 = CARTESIAN_POINT('',(-4.25,-12.10710956775,124.35230099067));
#14653 = DIRECTION('',(5.448900650123E-17,-0.375,0.927024810887));
#14654 = DIRECTION('',(1.,1.060358814402E-17,-5.448900650123E-17));
#14655 = MANIFOLD_SOLID_BREP('',#14656);
#14656 = CLOSED_SHELL('',(#14657,#14697,#14728,#14752,#14776,#14804,
    #14816,#14841));
#14657 = ADVANCED_FACE('',(#14658),#14692,.F.);
#14658 = FACE_BOUND('',#14659,.F.);
#14659 = EDGE_LOOP('',(#14660,#14670,#14678,#14686));
#14660 = ORIENTED_EDGE('',*,*,#14661,.F.);
#14661 = EDGE_CURVE('',#14662,#14664,#14666,.T.);
#14662 = VERTEX_POINT('',#14663);
#14663 = CARTESIAN_POINT('',(-7.,-10.90642779769,114.05080288181));
#14664 = VERTEX_POINT('',#14665);
#14665 = CARTESIAN_POINT('',(-7.,-14.65642779769,123.32105099067));
#14666 = LINE('',#14667,#14668);
#14667 = CARTESIAN_POINT('',(-7.,-10.90642779769,114.05080288181));
#14668 = VECTOR('',#14669,1.);
#14669 = DIRECTION('',(5.448900650123E-17,-0.375,0.927024810887));
#14670 = ORIENTED_EDGE('',*,*,#14671,.T.);
#14671 = EDGE_CURVE('',#14662,#14672,#14674,.T.);
#14672 = VERTEX_POINT('',#14673);
#14673 = CARTESIAN_POINT('',(-7.,2.071919554726,119.30080288181));
#14674 = LINE('',#14675,#14676);
#14675 = CARTESIAN_POINT('',(-7.,-10.90642779769,114.05080288181));
#14676 = VECTOR('',#14677,1.);
#14677 = DIRECTION('',(1.060358814402E-17,0.927024810887,0.375));
#14678 = ORIENTED_EDGE('',*,*,#14679,.T.);
#14679 = EDGE_CURVE('',#14672,#14680,#14682,.T.);
#14680 = VERTEX_POINT('',#14681);
#14681 = CARTESIAN_POINT('',(-7.,-1.678080445274,128.57105099067));
#14682 = LINE('',#14683,#14684);
#14683 = CARTESIAN_POINT('',(-7.,2.071919554726,119.30080288181));
#14684 = VECTOR('',#14685,1.);
#14685 = DIRECTION('',(5.448900650123E-17,-0.375,0.927024810887));
#14686 = ORIENTED_EDGE('',*,*,#14687,.F.);
#14687 = EDGE_CURVE('',#14664,#14680,#14688,.T.);
#14688 = LINE('',#14689,#14690);
#14689 = CARTESIAN_POINT('',(-7.,-14.65642779769,123.32105099067));
#14690 = VECTOR('',#14691,1.);
#14691 = DIRECTION('',(1.060358814402E-17,0.927024810887,0.375));
#14692 = PLANE('',#14693);
#14693 = AXIS2_PLACEMENT_3D('',#14694,#14695,#14696);
#14694 = CARTESIAN_POINT('',(-7.,-10.90642779769,114.05080288181));
#14695 = DIRECTION('',(1.,1.060358814402E-17,-5.448900650123E-17));
#14696 = DIRECTION('',(5.448900650123E-17,-0.375,0.927024810887));
#14697 = ADVANCED_FACE('',(#14698),#14723,.F.);
#14698 = FACE_BOUND('',#14699,.F.);
#14699 = EDGE_LOOP('',(#14700,#14708,#14709,#14717));
#14700 = ORIENTED_EDGE('',*,*,#14701,.F.);
#14701 = EDGE_CURVE('',#14662,#14702,#14704,.T.);
#14702 = VERTEX_POINT('',#14703);
#14703 = CARTESIAN_POINT('',(7.,-10.90642779769,114.05080288181));
#14704 = LINE('',#14705,#14706);
#14705 = CARTESIAN_POINT('',(-7.,-10.90642779769,114.05080288181));
#14706 = VECTOR('',#14707,1.);
#14707 = DIRECTION('',(1.,1.060358814402E-17,-5.448900650123E-17));
#14708 = ORIENTED_EDGE('',*,*,#14661,.T.);
#14709 = ORIENTED_EDGE('',*,*,#14710,.T.);
#14710 = EDGE_CURVE('',#14664,#14711,#14713,.T.);
#14711 = VERTEX_POINT('',#14712);
#14712 = CARTESIAN_POINT('',(7.,-14.65642779769,123.32105099067));
#14713 = LINE('',#14714,#14715);
#14714 = CARTESIAN_POINT('',(-7.,-14.65642779769,123.32105099067));
#14715 = VECTOR('',#14716,1.);
#14716 = DIRECTION('',(1.,1.060358814402E-17,-5.448900650123E-17));
#14717 = ORIENTED_EDGE('',*,*,#14718,.F.);
#14718 = EDGE_CURVE('',#14702,#14711,#14719,.T.);
#14719 = LINE('',#14720,#14721);
#14720 = CARTESIAN_POINT('',(7.,-10.90642779769,114.05080288181));
#14721 = VECTOR('',#14722,1.);
#14722 = DIRECTION('',(5.448900650123E-17,-0.375,0.927024810887));
#14723 = PLANE('',#14724);
#14724 = AXIS2_PLACEMENT_3D('',#14725,#14726,#14727);
#14725 = CARTESIAN_POINT('',(-7.,-10.90642779769,114.05080288181));
#14726 = DIRECTION('',(1.060358814402E-17,0.927024810887,0.375));
#14727 = DIRECTION('',(5.448900650123E-17,-0.375,0.927024810887));
#14728 = ADVANCED_FACE('',(#14729),#14747,.T.);
#14729 = FACE_BOUND('',#14730,.T.);
#14730 = EDGE_LOOP('',(#14731,#14732,#14733,#14741));
#14731 = ORIENTED_EDGE('',*,*,#14687,.F.);
#14732 = ORIENTED_EDGE('',*,*,#14710,.T.);
#14733 = ORIENTED_EDGE('',*,*,#14734,.T.);
#14734 = EDGE_CURVE('',#14711,#14735,#14737,.T.);
#14735 = VERTEX_POINT('',#14736);
#14736 = CARTESIAN_POINT('',(7.,-1.678080445274,128.57105099067));
#14737 = LINE('',#14738,#14739);
#14738 = CARTESIAN_POINT('',(7.,-14.65642779769,123.32105099067));
#14739 = VECTOR('',#14740,1.);
#14740 = DIRECTION('',(1.060358814402E-17,0.927024810887,0.375));
#14741 = ORIENTED_EDGE('',*,*,#14742,.F.);
#14742 = EDGE_CURVE('',#14680,#14735,#14743,.T.);
#14743 = LINE('',#14744,#14745);
#14744 = CARTESIAN_POINT('',(-7.,-1.678080445274,128.57105099067));
#14745 = VECTOR('',#14746,1.);
#14746 = DIRECTION('',(1.,1.060358814402E-17,-5.448900650123E-17));
#14747 = PLANE('',#14748);
#14748 = AXIS2_PLACEMENT_3D('',#14749,#14750,#14751);
#14749 = CARTESIAN_POINT('',(-7.,-14.65642779769,123.32105099067));
#14750 = DIRECTION('',(5.448900650123E-17,-0.375,0.927024810887));
#14751 = DIRECTION('',(1.,1.060358814402E-17,-5.448900650123E-17));
#14752 = ADVANCED_FACE('',(#14753),#14771,.T.);
#14753 = FACE_BOUND('',#14754,.T.);
#14754 = EDGE_LOOP('',(#14755,#14763,#14764,#14765));
#14755 = ORIENTED_EDGE('',*,*,#14756,.F.);
#14756 = EDGE_CURVE('',#14672,#14757,#14759,.T.);
#14757 = VERTEX_POINT('',#14758);
#14758 = CARTESIAN_POINT('',(7.,2.071919554726,119.30080288181));
#14759 = LINE('',#14760,#14761);
#14760 = CARTESIAN_POINT('',(-7.,2.071919554726,119.30080288181));
#14761 = VECTOR('',#14762,1.);
#14762 = DIRECTION('',(1.,1.060358814402E-17,-5.448900650123E-17));
#14763 = ORIENTED_EDGE('',*,*,#14679,.T.);
#14764 = ORIENTED_EDGE('',*,*,#14742,.T.);
#14765 = ORIENTED_EDGE('',*,*,#14766,.F.);
#14766 = EDGE_CURVE('',#14757,#14735,#14767,.T.);
#14767 = LINE('',#14768,#14769);
#14768 = CARTESIAN_POINT('',(7.,2.071919554726,119.30080288181));
#14769 = VECTOR('',#14770,1.);
#14770 = DIRECTION('',(5.448900650123E-17,-0.375,0.927024810887));
#14771 = PLANE('',#14772);
#14772 = AXIS2_PLACEMENT_3D('',#14773,#14774,#14775);
#14773 = CARTESIAN_POINT('',(-7.,2.071919554726,119.30080288181));
#14774 = DIRECTION('',(1.060358814402E-17,0.927024810887,0.375));
#14775 = DIRECTION('',(5.448900650123E-17,-0.375,0.927024810887));
#14776 = ADVANCED_FACE('',(#14777,#14788),#14799,.F.);
#14777 = FACE_BOUND('',#14778,.F.);
#14778 = EDGE_LOOP('',(#14779,#14780,#14781,#14787));
#14779 = ORIENTED_EDGE('',*,*,#14671,.F.);
#14780 = ORIENTED_EDGE('',*,*,#14701,.T.);
#14781 = ORIENTED_EDGE('',*,*,#14782,.T.);
#14782 = EDGE_CURVE('',#14702,#14757,#14783,.T.);
#14783 = LINE('',#14784,#14785);
#14784 = CARTESIAN_POINT('',(7.,-10.90642779769,114.05080288181));
#14785 = VECTOR('',#14786,1.);
#14786 = DIRECTION('',(1.060358814402E-17,0.927024810887,0.375));
#14787 = ORIENTED_EDGE('',*,*,#14756,.F.);
#14788 = FACE_BOUND('',#14789,.F.);
#14789 = EDGE_LOOP('',(#14790));
#14790 = ORIENTED_EDGE('',*,*,#14791,.T.);
#14791 = EDGE_CURVE('',#14792,#14792,#14794,.T.);
#14792 = VERTEX_POINT('',#14793);
#14793 = CARTESIAN_POINT('',(6.,-4.417254121482,116.67580288181));
#14794 = CIRCLE('',#14795,6.);
#14795 = AXIS2_PLACEMENT_3D('',#14796,#14797,#14798);
#14796 = CARTESIAN_POINT('',(3.716180698304E-15,-4.417254121482,
    116.67580288181));
#14797 = DIRECTION('',(-5.448900650123E-17,0.375,-0.927024810887));
#14798 = DIRECTION('',(1.,1.060358814402E-17,-5.448900650123E-17));
#14799 = PLANE('',#14800);
#14800 = AXIS2_PLACEMENT_3D('',#14801,#14802,#14803);
#14801 = CARTESIAN_POINT('',(-7.,-10.90642779769,114.05080288181));
#14802 = DIRECTION('',(5.448900650123E-17,-0.375,0.927024810887));
#14803 = DIRECTION('',(1.,1.060358814402E-17,-5.448900650123E-17));
#14804 = ADVANCED_FACE('',(#14805),#14811,.T.);
#14805 = FACE_BOUND('',#14806,.T.);
#14806 = EDGE_LOOP('',(#14807,#14808,#14809,#14810));
#14807 = ORIENTED_EDGE('',*,*,#14718,.F.);
#14808 = ORIENTED_EDGE('',*,*,#14782,.T.);
#14809 = ORIENTED_EDGE('',*,*,#14766,.T.);
#14810 = ORIENTED_EDGE('',*,*,#14734,.F.);
#14811 = PLANE('',#14812);
#14812 = AXIS2_PLACEMENT_3D('',#14813,#14814,#14815);
#14813 = CARTESIAN_POINT('',(7.,-10.90642779769,114.05080288181));
#14814 = DIRECTION('',(1.,1.060358814402E-17,-5.448900650123E-17));
#14815 = DIRECTION('',(5.448900650123E-17,-0.375,0.927024810887));
#14816 = ADVANCED_FACE('',(#14817),#14836,.F.);
#14817 = FACE_BOUND('',#14818,.T.);
#14818 = EDGE_LOOP('',(#14819,#14820,#14828,#14835));
#14819 = ORIENTED_EDGE('',*,*,#14791,.T.);
#14820 = ORIENTED_EDGE('',*,*,#14821,.T.);
#14821 = EDGE_CURVE('',#14792,#14822,#14824,.T.);
#14822 = VERTEX_POINT('',#14823);
#14823 = CARTESIAN_POINT('',(6.,-7.979754121482,125.48253858523));
#14824 = LINE('',#14825,#14826);
#14825 = CARTESIAN_POINT('',(6.,-4.042254121482,115.74877807092));
#14826 = VECTOR('',#14827,1.);
#14827 = DIRECTION('',(5.448900650123E-17,-0.375,0.927024810887));
#14828 = ORIENTED_EDGE('',*,*,#14829,.T.);
#14829 = EDGE_CURVE('',#14822,#14822,#14830,.T.);
#14830 = CIRCLE('',#14831,6.);
#14831 = AXIS2_PLACEMENT_3D('',#14832,#14833,#14834);
#14832 = CARTESIAN_POINT('',(4.233826260066E-15,-7.979754121482,
    125.48253858523));
#14833 = DIRECTION('',(5.448900650123E-17,-0.375,0.927024810887));
#14834 = DIRECTION('',(1.,1.060358814402E-17,-5.448900650123E-17));
#14835 = ORIENTED_EDGE('',*,*,#14821,.F.);
#14836 = CYLINDRICAL_SURFACE('',#14837,6.);
#14837 = AXIS2_PLACEMENT_3D('',#14838,#14839,#14840);
#14838 = CARTESIAN_POINT('',(3.661691691803E-15,-4.042254121482,
    115.74877807092));
#14839 = DIRECTION('',(-5.448900650123E-17,0.375,-0.927024810887));
#14840 = DIRECTION('',(1.,1.060358814402E-17,-5.448900650123E-17));
#14841 = ADVANCED_FACE('',(#14842),#14845,.F.);
#14842 = FACE_BOUND('',#14843,.T.);
#14843 = EDGE_LOOP('',(#14844));
#14844 = ORIENTED_EDGE('',*,*,#14829,.F.);
#14845 = PLANE('',#14846);
#14846 = AXIS2_PLACEMENT_3D('',#14847,#14848,#14849);
#14847 = CARTESIAN_POINT('',(4.233826260066E-15,-7.979754121482,
    125.48253858523));
#14848 = DIRECTION('',(5.448900650123E-17,-0.375,0.927024810887));
#14849 = DIRECTION('',(1.,1.060358814402E-17,-5.448900650123E-17));
#14850 = MANIFOLD_SOLID_BREP('',#14851);
#14851 = CLOSED_SHELL('',(#14852,#14892,#14932,#14954,#14976,#14988));
#14852 = ADVANCED_FACE('',(#14853),#14887,.F.);
#14853 = FACE_BOUND('',#14854,.F.);
#14854 = EDGE_LOOP('',(#14855,#14865,#14873,#14881));
#14855 = ORIENTED_EDGE('',*,*,#14856,.F.);
#14856 = EDGE_CURVE('',#14857,#14859,#14861,.T.);
#14857 = VERTEX_POINT('',#14858);
#14858 = CARTESIAN_POINT('',(11.75,-18.50101463579,123.49179068809));
#14859 = VERTEX_POINT('',#14860);
#14860 = CARTESIAN_POINT('',(11.75,-19.43851463579,125.80935271531));
#14861 = LINE('',#14862,#14863);
#14862 = CARTESIAN_POINT('',(11.75,-18.50101463579,123.49179068809));
#14863 = VECTOR('',#14864,1.);
#14864 = DIRECTION('',(5.448900650123E-17,-0.375,0.927024810887));
#14865 = ORIENTED_EDGE('',*,*,#14866,.T.);
#14866 = EDGE_CURVE('',#14857,#14867,#14869,.T.);
#14867 = VERTEX_POINT('',#14868);
#14868 = CARTESIAN_POINT('',(11.75,0.966506392831,131.36679068809));
#14869 = LINE('',#14870,#14871);
#14870 = CARTESIAN_POINT('',(11.75,-18.50101463579,123.49179068809));
#14871 = VECTOR('',#14872,1.);
#14872 = DIRECTION('',(1.060358814402E-17,0.927024810887,0.375));
#14873 = ORIENTED_EDGE('',*,*,#14874,.T.);
#14874 = EDGE_CURVE('',#14867,#14875,#14877,.T.);
#14875 = VERTEX_POINT('',#14876);
#14876 = CARTESIAN_POINT('',(11.75,2.900639283083E-02,133.68435271531));
#14877 = LINE('',#14878,#14879);
#14878 = CARTESIAN_POINT('',(11.75,0.966506392831,131.36679068809));
#14879 = VECTOR('',#14880,1.);
#14880 = DIRECTION('',(5.448900650123E-17,-0.375,0.927024810887));
#14881 = ORIENTED_EDGE('',*,*,#14882,.F.);
#14882 = EDGE_CURVE('',#14859,#14875,#14883,.T.);
#14883 = LINE('',#14884,#14885);
#14884 = CARTESIAN_POINT('',(11.75,-19.43851463579,125.80935271531));
#14885 = VECTOR('',#14886,1.);
#14886 = DIRECTION('',(1.060358814402E-17,0.927024810887,0.375));
#14887 = PLANE('',#14888);
#14888 = AXIS2_PLACEMENT_3D('',#14889,#14890,#14891);
#14889 = CARTESIAN_POINT('',(11.75,-18.50101463579,123.49179068809));
#14890 = DIRECTION('',(1.,1.060358814402E-17,-5.448900650123E-17));
#14891 = DIRECTION('',(5.448900650123E-17,-0.375,0.927024810887));
#14892 = ADVANCED_FACE('',(#14893),#14927,.T.);
#14893 = FACE_BOUND('',#14894,.T.);
#14894 = EDGE_LOOP('',(#14895,#14905,#14913,#14921));
#14895 = ORIENTED_EDGE('',*,*,#14896,.F.);
#14896 = EDGE_CURVE('',#14897,#14899,#14901,.T.);
#14897 = VERTEX_POINT('',#14898);
#14898 = CARTESIAN_POINT('',(17.25,-18.50101463579,123.49179068809));
#14899 = VERTEX_POINT('',#14900);
#14900 = CARTESIAN_POINT('',(17.25,-19.43851463579,125.80935271531));
#14901 = LINE('',#14902,#14903);
#14902 = CARTESIAN_POINT('',(17.25,-18.50101463579,123.49179068809));
#14903 = VECTOR('',#14904,1.);
#14904 = DIRECTION('',(5.448900650123E-17,-0.375,0.927024810887));
#14905 = ORIENTED_EDGE('',*,*,#14906,.T.);
#14906 = EDGE_CURVE('',#14897,#14907,#14909,.T.);
#14907 = VERTEX_POINT('',#14908);
#14908 = CARTESIAN_POINT('',(17.25,0.966506392831,131.36679068809));
#14909 = LINE('',#14910,#14911);
#14910 = CARTESIAN_POINT('',(17.25,-18.50101463579,123.49179068809));
#14911 = VECTOR('',#14912,1.);
#14912 = DIRECTION('',(1.060358814402E-17,0.927024810887,0.375));
#14913 = ORIENTED_EDGE('',*,*,#14914,.T.);
#14914 = EDGE_CURVE('',#14907,#14915,#14917,.T.);
#14915 = VERTEX_POINT('',#14916);
#14916 = CARTESIAN_POINT('',(17.25,2.900639283083E-02,133.68435271531));
#14917 = LINE('',#14918,#14919);
#14918 = CARTESIAN_POINT('',(17.25,0.966506392831,131.36679068809));
#14919 = VECTOR('',#14920,1.);
#14920 = DIRECTION('',(5.448900650123E-17,-0.375,0.927024810887));
#14921 = ORIENTED_EDGE('',*,*,#14922,.F.);
#14922 = EDGE_CURVE('',#14899,#14915,#14923,.T.);
#14923 = LINE('',#14924,#14925);
#14924 = CARTESIAN_POINT('',(17.25,-19.43851463579,125.80935271531));
#14925 = VECTOR('',#14926,1.);
#14926 = DIRECTION('',(1.060358814402E-17,0.927024810887,0.375));
#14927 = PLANE('',#14928);
#14928 = AXIS2_PLACEMENT_3D('',#14929,#14930,#14931);
#14929 = CARTESIAN_POINT('',(17.25,-18.50101463579,123.49179068809));
#14930 = DIRECTION('',(1.,1.060358814402E-17,-5.448900650123E-17));
#14931 = DIRECTION('',(5.448900650123E-17,-0.375,0.927024810887));
#14932 = ADVANCED_FACE('',(#14933),#14949,.F.);
#14933 = FACE_BOUND('',#14934,.F.);
#14934 = EDGE_LOOP('',(#14935,#14941,#14942,#14948));
#14935 = ORIENTED_EDGE('',*,*,#14936,.F.);
#14936 = EDGE_CURVE('',#14857,#14897,#14937,.T.);
#14937 = LINE('',#14938,#14939);
#14938 = CARTESIAN_POINT('',(11.75,-18.50101463579,123.49179068809));
#14939 = VECTOR('',#14940,1.);
#14940 = DIRECTION('',(1.,1.060358814402E-17,-5.448900650123E-17));
#14941 = ORIENTED_EDGE('',*,*,#14856,.T.);
#14942 = ORIENTED_EDGE('',*,*,#14943,.T.);
#14943 = EDGE_CURVE('',#14859,#14899,#14944,.T.);
#14944 = LINE('',#14945,#14946);
#14945 = CARTESIAN_POINT('',(11.75,-19.43851463579,125.80935271531));
#14946 = VECTOR('',#14947,1.);
#14947 = DIRECTION('',(1.,1.060358814402E-17,-5.448900650123E-17));
#14948 = ORIENTED_EDGE('',*,*,#14896,.F.);
#14949 = PLANE('',#14950);
#14950 = AXIS2_PLACEMENT_3D('',#14951,#14952,#14953);
#14951 = CARTESIAN_POINT('',(11.75,-18.50101463579,123.49179068809));
#14952 = DIRECTION('',(1.060358814402E-17,0.927024810887,0.375));
#14953 = DIRECTION('',(5.448900650123E-17,-0.375,0.927024810887));
#14954 = ADVANCED_FACE('',(#14955),#14971,.T.);
#14955 = FACE_BOUND('',#14956,.T.);
#14956 = EDGE_LOOP('',(#14957,#14963,#14964,#14970));
#14957 = ORIENTED_EDGE('',*,*,#14958,.F.);
#14958 = EDGE_CURVE('',#14867,#14907,#14959,.T.);
#14959 = LINE('',#14960,#14961);
#14960 = CARTESIAN_POINT('',(11.75,0.966506392831,131.36679068809));
#14961 = VECTOR('',#14962,1.);
#14962 = DIRECTION('',(1.,1.060358814402E-17,-5.448900650123E-17));
#14963 = ORIENTED_EDGE('',*,*,#14874,.T.);
#14964 = ORIENTED_EDGE('',*,*,#14965,.T.);
#14965 = EDGE_CURVE('',#14875,#14915,#14966,.T.);
#14966 = LINE('',#14967,#14968);
#14967 = CARTESIAN_POINT('',(11.75,2.900639283083E-02,133.68435271531));
#14968 = VECTOR('',#14969,1.);
#14969 = DIRECTION('',(1.,1.060358814402E-17,-5.448900650123E-17));
#14970 = ORIENTED_EDGE('',*,*,#14914,.F.);
#14971 = PLANE('',#14972);
#14972 = AXIS2_PLACEMENT_3D('',#14973,#14974,#14975);
#14973 = CARTESIAN_POINT('',(11.75,0.966506392831,131.36679068809));
#14974 = DIRECTION('',(1.060358814402E-17,0.927024810887,0.375));
#14975 = DIRECTION('',(5.448900650123E-17,-0.375,0.927024810887));
#14976 = ADVANCED_FACE('',(#14977),#14983,.F.);
#14977 = FACE_BOUND('',#14978,.F.);
#14978 = EDGE_LOOP('',(#14979,#14980,#14981,#14982));
#14979 = ORIENTED_EDGE('',*,*,#14866,.F.);
#14980 = ORIENTED_EDGE('',*,*,#14936,.T.);
#14981 = ORIENTED_EDGE('',*,*,#14906,.T.);
#14982 = ORIENTED_EDGE('',*,*,#14958,.F.);
#14983 = PLANE('',#14984);
#14984 = AXIS2_PLACEMENT_3D('',#14985,#14986,#14987);
#14985 = CARTESIAN_POINT('',(11.75,-18.50101463579,123.49179068809));
#14986 = DIRECTION('',(5.448900650123E-17,-0.375,0.927024810887));
#14987 = DIRECTION('',(1.,1.060358814402E-17,-5.448900650123E-17));
#14988 = ADVANCED_FACE('',(#14989),#14995,.T.);
#14989 = FACE_BOUND('',#14990,.T.);
#14990 = EDGE_LOOP('',(#14991,#14992,#14993,#14994));
#14991 = ORIENTED_EDGE('',*,*,#14882,.F.);
#14992 = ORIENTED_EDGE('',*,*,#14943,.T.);
#14993 = ORIENTED_EDGE('',*,*,#14922,.T.);
#14994 = ORIENTED_EDGE('',*,*,#14965,.F.);
#14995 = PLANE('',#14996);
#14996 = AXIS2_PLACEMENT_3D('',#14997,#14998,#14999);
#14997 = CARTESIAN_POINT('',(11.75,-19.43851463579,125.80935271531));
#14998 = DIRECTION('',(5.448900650123E-17,-0.375,0.927024810887));
#14999 = DIRECTION('',(1.,1.060358814402E-17,-5.448900650123E-17));
#15000 = MANIFOLD_SOLID_BREP('',#15001);
#15001 = CLOSED_SHELL('',(#15002,#15042,#15082,#15104,#15126,#15138));
#15002 = ADVANCED_FACE('',(#15003),#15037,.F.);
#15003 = FACE_BOUND('',#15004,.F.);
#15004 = EDGE_LOOP('',(#15005,#15015,#15023,#15031));
#15005 = ORIENTED_EDGE('',*,*,#15006,.F.);
#15006 = EDGE_CURVE('',#15007,#15009,#15011,.T.);
#15007 = VERTEX_POINT('',#15008);
#15008 = CARTESIAN_POINT('',(-9.,-7.840229310595,127.80429068809));
#15009 = VERTEX_POINT('',#15010);
#15010 = CARTESIAN_POINT('',(-9.,-8.215229310595,128.73131549898));
#15011 = LINE('',#15012,#15013);
#15012 = CARTESIAN_POINT('',(-9.,-7.840229310595,127.80429068809));
#15013 = VECTOR('',#15014,1.);
#15014 = DIRECTION('',(5.448900650123E-17,-0.375,0.927024810887));
#15015 = ORIENTED_EDGE('',*,*,#15016,.T.);
#15016 = EDGE_CURVE('',#15007,#15017,#15019,.T.);
#15017 = VERTEX_POINT('',#15018);
#15018 = CARTESIAN_POINT('',(-9.,-2.278080445274,130.05429068809));
#15019 = LINE('',#15020,#15021);
#15020 = CARTESIAN_POINT('',(-9.,-7.840229310595,127.80429068809));
#15021 = VECTOR('',#15022,1.);
#15022 = DIRECTION('',(1.060358814402E-17,0.927024810887,0.375));
#15023 = ORIENTED_EDGE('',*,*,#15024,.T.);
#15024 = EDGE_CURVE('',#15017,#15025,#15027,.T.);
#15025 = VERTEX_POINT('',#15026);
#15026 = CARTESIAN_POINT('',(-9.,-2.653080445274,130.98131549898));
#15027 = LINE('',#15028,#15029);
#15028 = CARTESIAN_POINT('',(-9.,-2.278080445274,130.05429068809));
#15029 = VECTOR('',#15030,1.);
#15030 = DIRECTION('',(5.448900650123E-17,-0.375,0.927024810887));
#15031 = ORIENTED_EDGE('',*,*,#15032,.F.);
#15032 = EDGE_CURVE('',#15009,#15025,#15033,.T.);
#15033 = LINE('',#15034,#15035);
#15034 = CARTESIAN_POINT('',(-9.,-8.215229310595,128.73131549898));
#15035 = VECTOR('',#15036,1.);
#15036 = DIRECTION('',(1.060358814402E-17,0.927024810887,0.375));
#15037 = PLANE('',#15038);
#15038 = AXIS2_PLACEMENT_3D('',#15039,#15040,#15041);
#15039 = CARTESIAN_POINT('',(-9.,-7.840229310595,127.80429068809));
#15040 = DIRECTION('',(1.,1.060358814402E-17,-5.448900650123E-17));
#15041 = DIRECTION('',(5.448900650123E-17,-0.375,0.927024810887));
#15042 = ADVANCED_FACE('',(#15043),#15077,.T.);
#15043 = FACE_BOUND('',#15044,.T.);
#15044 = EDGE_LOOP('',(#15045,#15055,#15063,#15071));
#15045 = ORIENTED_EDGE('',*,*,#15046,.F.);
#15046 = EDGE_CURVE('',#15047,#15049,#15051,.T.);
#15047 = VERTEX_POINT('',#15048);
#15048 = CARTESIAN_POINT('',(-3.,-7.840229310595,127.80429068809));
#15049 = VERTEX_POINT('',#15050);
#15050 = CARTESIAN_POINT('',(-3.,-8.215229310595,128.73131549898));
#15051 = LINE('',#15052,#15053);
#15052 = CARTESIAN_POINT('',(-3.,-7.840229310595,127.80429068809));
#15053 = VECTOR('',#15054,1.);
#15054 = DIRECTION('',(5.448900650123E-17,-0.375,0.927024810887));
#15055 = ORIENTED_EDGE('',*,*,#15056,.T.);
#15056 = EDGE_CURVE('',#15047,#15057,#15059,.T.);
#15057 = VERTEX_POINT('',#15058);
#15058 = CARTESIAN_POINT('',(-3.,-2.278080445274,130.05429068809));
#15059 = LINE('',#15060,#15061);
#15060 = CARTESIAN_POINT('',(-3.,-7.840229310595,127.80429068809));
#15061 = VECTOR('',#15062,1.);
#15062 = DIRECTION('',(1.060358814402E-17,0.927024810887,0.375));
#15063 = ORIENTED_EDGE('',*,*,#15064,.T.);
#15064 = EDGE_CURVE('',#15057,#15065,#15067,.T.);
#15065 = VERTEX_POINT('',#15066);
#15066 = CARTESIAN_POINT('',(-3.,-2.653080445274,130.98131549898));
#15067 = LINE('',#15068,#15069);
#15068 = CARTESIAN_POINT('',(-3.,-2.278080445274,130.05429068809));
#15069 = VECTOR('',#15070,1.);
#15070 = DIRECTION('',(5.448900650123E-17,-0.375,0.927024810887));
#15071 = ORIENTED_EDGE('',*,*,#15072,.F.);
#15072 = EDGE_CURVE('',#15049,#15065,#15073,.T.);
#15073 = LINE('',#15074,#15075);
#15074 = CARTESIAN_POINT('',(-3.,-8.215229310595,128.73131549898));
#15075 = VECTOR('',#15076,1.);
#15076 = DIRECTION('',(1.060358814402E-17,0.927024810887,0.375));
#15077 = PLANE('',#15078);
#15078 = AXIS2_PLACEMENT_3D('',#15079,#15080,#15081);
#15079 = CARTESIAN_POINT('',(-3.,-7.840229310595,127.80429068809));
#15080 = DIRECTION('',(1.,1.060358814402E-17,-5.448900650123E-17));
#15081 = DIRECTION('',(5.448900650123E-17,-0.375,0.927024810887));
#15082 = ADVANCED_FACE('',(#15083),#15099,.F.);
#15083 = FACE_BOUND('',#15084,.F.);
#15084 = EDGE_LOOP('',(#15085,#15091,#15092,#15098));
#15085 = ORIENTED_EDGE('',*,*,#15086,.F.);
#15086 = EDGE_CURVE('',#15007,#15047,#15087,.T.);
#15087 = LINE('',#15088,#15089);
#15088 = CARTESIAN_POINT('',(-9.,-7.840229310595,127.80429068809));
#15089 = VECTOR('',#15090,1.);
#15090 = DIRECTION('',(1.,1.060358814402E-17,-5.448900650123E-17));
#15091 = ORIENTED_EDGE('',*,*,#15006,.T.);
#15092 = ORIENTED_EDGE('',*,*,#15093,.T.);
#15093 = EDGE_CURVE('',#15009,#15049,#15094,.T.);
#15094 = LINE('',#15095,#15096);
#15095 = CARTESIAN_POINT('',(-9.,-8.215229310595,128.73131549898));
#15096 = VECTOR('',#15097,1.);
#15097 = DIRECTION('',(1.,1.060358814402E-17,-5.448900650123E-17));
#15098 = ORIENTED_EDGE('',*,*,#15046,.F.);
#15099 = PLANE('',#15100);
#15100 = AXIS2_PLACEMENT_3D('',#15101,#15102,#15103);
#15101 = CARTESIAN_POINT('',(-9.,-7.840229310595,127.80429068809));
#15102 = DIRECTION('',(1.060358814402E-17,0.927024810887,0.375));
#15103 = DIRECTION('',(5.448900650123E-17,-0.375,0.927024810887));
#15104 = ADVANCED_FACE('',(#15105),#15121,.T.);
#15105 = FACE_BOUND('',#15106,.T.);
#15106 = EDGE_LOOP('',(#15107,#15113,#15114,#15120));
#15107 = ORIENTED_EDGE('',*,*,#15108,.F.);
#15108 = EDGE_CURVE('',#15017,#15057,#15109,.T.);
#15109 = LINE('',#15110,#15111);
#15110 = CARTESIAN_POINT('',(-9.,-2.278080445274,130.05429068809));
#15111 = VECTOR('',#15112,1.);
#15112 = DIRECTION('',(1.,1.060358814402E-17,-5.448900650123E-17));
#15113 = ORIENTED_EDGE('',*,*,#15024,.T.);
#15114 = ORIENTED_EDGE('',*,*,#15115,.T.);
#15115 = EDGE_CURVE('',#15025,#15065,#15116,.T.);
#15116 = LINE('',#15117,#15118);
#15117 = CARTESIAN_POINT('',(-9.,-2.653080445274,130.98131549898));
#15118 = VECTOR('',#15119,1.);
#15119 = DIRECTION('',(1.,1.060358814402E-17,-5.448900650123E-17));
#15120 = ORIENTED_EDGE('',*,*,#15064,.F.);
#15121 = PLANE('',#15122);
#15122 = AXIS2_PLACEMENT_3D('',#15123,#15124,#15125);
#15123 = CARTESIAN_POINT('',(-9.,-2.278080445274,130.05429068809));
#15124 = DIRECTION('',(1.060358814402E-17,0.927024810887,0.375));
#15125 = DIRECTION('',(5.448900650123E-17,-0.375,0.927024810887));
#15126 = ADVANCED_FACE('',(#15127),#15133,.F.);
#15127 = FACE_BOUND('',#15128,.F.);
#15128 = EDGE_LOOP('',(#15129,#15130,#15131,#15132));
#15129 = ORIENTED_EDGE('',*,*,#15016,.F.);
#15130 = ORIENTED_EDGE('',*,*,#15086,.T.);
#15131 = ORIENTED_EDGE('',*,*,#15056,.T.);
#15132 = ORIENTED_EDGE('',*,*,#15108,.F.);
#15133 = PLANE('',#15134);
#15134 = AXIS2_PLACEMENT_3D('',#15135,#15136,#15137);
#15135 = CARTESIAN_POINT('',(-9.,-7.840229310595,127.80429068809));
#15136 = DIRECTION('',(5.448900650123E-17,-0.375,0.927024810887));
#15137 = DIRECTION('',(1.,1.060358814402E-17,-5.448900650123E-17));
#15138 = ADVANCED_FACE('',(#15139),#15145,.T.);
#15139 = FACE_BOUND('',#15140,.T.);
#15140 = EDGE_LOOP('',(#15141,#15142,#15143,#15144));
#15141 = ORIENTED_EDGE('',*,*,#15032,.F.);
#15142 = ORIENTED_EDGE('',*,*,#15093,.T.);
#15143 = ORIENTED_EDGE('',*,*,#15072,.T.);
#15144 = ORIENTED_EDGE('',*,*,#15115,.F.);
#15145 = PLANE('',#15146);
#15146 = AXIS2_PLACEMENT_3D('',#15147,#15148,#15149);
#15147 = CARTESIAN_POINT('',(-9.,-8.215229310595,128.73131549898));
#15148 = DIRECTION('',(5.448900650123E-17,-0.375,0.927024810887));
#15149 = DIRECTION('',(1.,1.060358814402E-17,-5.448900650123E-17));
#15150 = ( GEOMETRIC_REPRESENTATION_CONTEXT(3) 
GLOBAL_UNCERTAINTY_ASSIGNED_CONTEXT((#15154)) 
GLOBAL_UNIT_ASSIGNED_CONTEXT((#15151,#15152,#15153)) 
REPRESENTATION_CONTEXT('Context #1',
  '3D Context with UNIT and UNCERTAINTY') );
#15151 = ( LENGTH_UNIT() NAMED_UNIT(*) SI_UNIT(.MILLI.,.METRE.) );
#15152 = ( NAMED_UNIT(*) PLANE_ANGLE_UNIT() SI_UNIT($,.RADIAN.) );
#15153 = ( NAMED_UNIT(*) SI_UNIT($,.STERADIAN.) SOLID_ANGLE_UNIT() );
#15154 = UNCERTAINTY_MEASURE_WITH_UNIT(LENGTH_MEASURE(1.E-07),#15151,
  'distance_accuracy_value','confusion accuracy');
#15155 = CONTEXT_DEPENDENT_SHAPE_REPRESENTATION(#15156,#15158);
#15156 = ( REPRESENTATION_RELATIONSHIP('','',#14198,#10) 
REPRESENTATION_RELATIONSHIP_WITH_TRANSFORMATION(#15157) 
SHAPE_REPRESENTATION_RELATIONSHIP() );
#15157 = ITEM_DEFINED_TRANSFORMATION('','',#11,#103);
#15158 = PRODUCT_DEFINITION_SHAPE('Placement','Placement of an item',
  #15159);
#15159 = NEXT_ASSEMBLY_USAGE_OCCURRENCE('23',
  'Arducam B0152 IMX219 NoIR (M12)','',#5,#14193,$);
#15160 = PRODUCT_RELATED_PRODUCT_CATEGORY('part',$,(#14195));
#15161 = SHAPE_DEFINITION_REPRESENTATION(#15162,#15168);
#15162 = PRODUCT_DEFINITION_SHAPE('','',#15163);
#15163 = PRODUCT_DEFINITION('design','',#15164,#15167);
#15164 = PRODUCT_DEFINITION_FORMATION('','',#15165);
#15165 = PRODUCT('Pose camera: Pi NoIR v2 (owned)',
  'Pose camera: Pi NoIR v2 (owned)','',(#15166));
#15166 = PRODUCT_CONTEXT('',#2,'mechanical');
#15167 = PRODUCT_DEFINITION_CONTEXT('part definition',#2,'design');
#15168 = SHAPE_REPRESENTATION('',(#11,#15169,#15475,#15625,#15678),
  #15828);
#15169 = MANIFOLD_SOLID_BREP('',#15170);
#15170 = CLOSED_SHELL('',(#15171,#15211,#15242,#15310,#15334,#15395,
    #15407,#15424,#15441,#15458));
#15171 = ADVANCED_FACE('',(#15172),#15206,.F.);
#15172 = FACE_BOUND('',#15173,.F.);
#15173 = EDGE_LOOP('',(#15174,#15184,#15192,#15200));
#15174 = ORIENTED_EDGE('',*,*,#15175,.F.);
#15175 = EDGE_CURVE('',#15176,#15178,#15180,.T.);
#15176 = VERTEX_POINT('',#15177);
#15177 = CARTESIAN_POINT('',(-12.49,21.720458146425,65.520458146424));
#15178 = VERTEX_POINT('',#15179);
#15179 = CARTESIAN_POINT('',(-12.49,22.720458146425,65.520458146424));
#15180 = LINE('',#15181,#15182);
#15181 = CARTESIAN_POINT('',(-12.49,21.720458146425,65.520458146424));
#15182 = VECTOR('',#15183,1.);
#15183 = DIRECTION('',(7.114481453411E-17,1.,-2.22044604925E-16));
#15184 = ORIENTED_EDGE('',*,*,#15185,.T.);
#15185 = EDGE_CURVE('',#15176,#15186,#15188,.T.);
#15186 = VERTEX_POINT('',#15187);
#15187 = CARTESIAN_POINT('',(-12.49,21.720458146425,41.658458146424));
#15188 = LINE('',#15189,#15190);
#15189 = CARTESIAN_POINT('',(-12.49,21.720458146425,65.520458146424));
#15190 = VECTOR('',#15191,1.);
#15191 = DIRECTION('',(7.114481453411E-17,-2.22044604925E-16,-1.));
#15192 = ORIENTED_EDGE('',*,*,#15193,.T.);
#15193 = EDGE_CURVE('',#15186,#15194,#15196,.T.);
#15194 = VERTEX_POINT('',#15195);
#15195 = CARTESIAN_POINT('',(-12.49,22.720458146425,41.658458146424));
#15196 = LINE('',#15197,#15198);
#15197 = CARTESIAN_POINT('',(-12.49,21.720458146425,41.658458146424));
#15198 = VECTOR('',#15199,1.);
#15199 = DIRECTION('',(7.114481453411E-17,1.,-2.22044604925E-16));
#15200 = ORIENTED_EDGE('',*,*,#15201,.F.);
#15201 = EDGE_CURVE('',#15178,#15194,#15202,.T.);
#15202 = LINE('',#15203,#15204);
#15203 = CARTESIAN_POINT('',(-12.49,22.720458146425,65.520458146424));
#15204 = VECTOR('',#15205,1.);
#15205 = DIRECTION('',(7.114481453411E-17,-2.22044604925E-16,-1.));
#15206 = PLANE('',#15207);
#15207 = AXIS2_PLACEMENT_3D('',#15208,#15209,#15210);
#15208 = CARTESIAN_POINT('',(-12.49,21.720458146425,65.520458146424));
#15209 = DIRECTION('',(1.,-7.114481453411E-17,7.114481453411E-17));
#15210 = DIRECTION('',(7.114481453411E-17,1.,-2.22044604925E-16));
#15211 = ADVANCED_FACE('',(#15212),#15237,.F.);
#15212 = FACE_BOUND('',#15213,.F.);
#15213 = EDGE_LOOP('',(#15214,#15222,#15223,#15231));
#15214 = ORIENTED_EDGE('',*,*,#15215,.F.);
#15215 = EDGE_CURVE('',#15176,#15216,#15218,.T.);
#15216 = VERTEX_POINT('',#15217);
#15217 = CARTESIAN_POINT('',(12.51,21.720458146425,65.520458146424));
#15218 = LINE('',#15219,#15220);
#15219 = CARTESIAN_POINT('',(-12.49,21.720458146425,65.520458146424));
#15220 = VECTOR('',#15221,1.);
#15221 = DIRECTION('',(1.,-7.114481453411E-17,7.114481453411E-17));
#15222 = ORIENTED_EDGE('',*,*,#15175,.T.);
#15223 = ORIENTED_EDGE('',*,*,#15224,.T.);
#15224 = EDGE_CURVE('',#15178,#15225,#15227,.T.);
#15225 = VERTEX_POINT('',#15226);
#15226 = CARTESIAN_POINT('',(12.51,22.720458146425,65.520458146424));
#15227 = LINE('',#15228,#15229);
#15228 = CARTESIAN_POINT('',(-12.49,22.720458146425,65.520458146424));
#15229 = VECTOR('',#15230,1.);
#15230 = DIRECTION('',(1.,-7.114481453411E-17,7.114481453411E-17));
#15231 = ORIENTED_EDGE('',*,*,#15232,.F.);
#15232 = EDGE_CURVE('',#15216,#15225,#15233,.T.);
#15233 = LINE('',#15234,#15235);
#15234 = CARTESIAN_POINT('',(12.51,21.720458146425,65.520458146424));
#15235 = VECTOR('',#15236,1.);
#15236 = DIRECTION('',(7.114481453411E-17,1.,-2.22044604925E-16));
#15237 = PLANE('',#15238);
#15238 = AXIS2_PLACEMENT_3D('',#15239,#15240,#15241);
#15239 = CARTESIAN_POINT('',(-12.49,21.720458146425,65.520458146424));
#15240 = DIRECTION('',(7.114481453411E-17,-2.22044604925E-16,-1.));
#15241 = DIRECTION('',(7.114481453411E-17,1.,-2.22044604925E-16));
#15242 = ADVANCED_FACE('',(#15243,#15261,#15272,#15283,#15294),#15305,
  .T.);
#15243 = FACE_BOUND('',#15244,.T.);
#15244 = EDGE_LOOP('',(#15245,#15246,#15247,#15255));
#15245 = ORIENTED_EDGE('',*,*,#15201,.F.);
#15246 = ORIENTED_EDGE('',*,*,#15224,.T.);
#15247 = ORIENTED_EDGE('',*,*,#15248,.T.);
#15248 = EDGE_CURVE('',#15225,#15249,#15251,.T.);
#15249 = VERTEX_POINT('',#15250);
#15250 = CARTESIAN_POINT('',(12.51,22.720458146425,41.658458146424));
#15251 = LINE('',#15252,#15253);
#15252 = CARTESIAN_POINT('',(12.51,22.720458146425,65.520458146424));
#15253 = VECTOR('',#15254,1.);
#15254 = DIRECTION('',(7.114481453411E-17,-2.22044604925E-16,-1.));
#15255 = ORIENTED_EDGE('',*,*,#15256,.F.);
#15256 = EDGE_CURVE('',#15194,#15249,#15257,.T.);
#15257 = LINE('',#15258,#15259);
#15258 = CARTESIAN_POINT('',(-12.49,22.720458146425,41.658458146424));
#15259 = VECTOR('',#15260,1.);
#15260 = DIRECTION('',(1.,-7.114481453411E-17,7.114481453411E-17));
#15261 = FACE_BOUND('',#15262,.T.);
#15262 = EDGE_LOOP('',(#15263));
#15263 = ORIENTED_EDGE('',*,*,#15264,.T.);
#15264 = EDGE_CURVE('',#15265,#15265,#15267,.T.);
#15265 = VERTEX_POINT('',#15266);
#15266 = CARTESIAN_POINT('',(-9.39,22.720458146425,63.520458146424));
#15267 = CIRCLE('',#15268,1.1);
#15268 = AXIS2_PLACEMENT_3D('',#15269,#15270,#15271);
#15269 = CARTESIAN_POINT('',(-10.49,22.720458146425,63.520458146424));
#15270 = DIRECTION('',(-7.114481453411E-17,-1.,2.22044604925E-16));
#15271 = DIRECTION('',(1.,-7.114481453411E-17,7.114481453411E-17));
#15272 = FACE_BOUND('',#15273,.T.);
#15273 = EDGE_LOOP('',(#15274));
#15274 = ORIENTED_EDGE('',*,*,#15275,.T.);
#15275 = EDGE_CURVE('',#15276,#15276,#15278,.T.);
#15276 = VERTEX_POINT('',#15277);
#15277 = CARTESIAN_POINT('',(11.59,22.720458146425,63.520458146424));
#15278 = CIRCLE('',#15279,1.1);
#15279 = AXIS2_PLACEMENT_3D('',#15280,#15281,#15282);
#15280 = CARTESIAN_POINT('',(10.49,22.720458146425,63.520458146424));
#15281 = DIRECTION('',(-7.114481453411E-17,-1.,2.22044604925E-16));
#15282 = DIRECTION('',(1.,-7.114481453411E-17,7.114481453411E-17));
#15283 = FACE_BOUND('',#15284,.T.);
#15284 = EDGE_LOOP('',(#15285));
#15285 = ORIENTED_EDGE('',*,*,#15286,.T.);
#15286 = EDGE_CURVE('',#15287,#15287,#15289,.T.);
#15287 = VERTEX_POINT('',#15288);
#15288 = CARTESIAN_POINT('',(-9.39,22.720458146425,51.000458146424));
#15289 = CIRCLE('',#15290,1.1);
#15290 = AXIS2_PLACEMENT_3D('',#15291,#15292,#15293);
#15291 = CARTESIAN_POINT('',(-10.49,22.720458146425,51.000458146424));
#15292 = DIRECTION('',(-7.114481453411E-17,-1.,2.22044604925E-16));
#15293 = DIRECTION('',(1.,-7.114481453411E-17,7.114481453411E-17));
#15294 = FACE_BOUND('',#15295,.T.);
#15295 = EDGE_LOOP('',(#15296));
#15296 = ORIENTED_EDGE('',*,*,#15297,.T.);
#15297 = EDGE_CURVE('',#15298,#15298,#15300,.T.);
#15298 = VERTEX_POINT('',#15299);
#15299 = CARTESIAN_POINT('',(11.59,22.720458146425,51.000458146424));
#15300 = CIRCLE('',#15301,1.1);
#15301 = AXIS2_PLACEMENT_3D('',#15302,#15303,#15304);
#15302 = CARTESIAN_POINT('',(10.49,22.720458146425,51.000458146424));
#15303 = DIRECTION('',(-7.114481453411E-17,-1.,2.22044604925E-16));
#15304 = DIRECTION('',(1.,-7.114481453411E-17,7.114481453411E-17));
#15305 = PLANE('',#15306);
#15306 = AXIS2_PLACEMENT_3D('',#15307,#15308,#15309);
#15307 = CARTESIAN_POINT('',(-12.49,22.720458146425,65.520458146424));
#15308 = DIRECTION('',(7.114481453411E-17,1.,-2.22044604925E-16));
#15309 = DIRECTION('',(1.,-7.114481453411E-17,7.114481453411E-17));
#15310 = ADVANCED_FACE('',(#15311),#15329,.T.);
#15311 = FACE_BOUND('',#15312,.T.);
#15312 = EDGE_LOOP('',(#15313,#15321,#15322,#15323));
#15313 = ORIENTED_EDGE('',*,*,#15314,.F.);
#15314 = EDGE_CURVE('',#15186,#15315,#15317,.T.);
#15315 = VERTEX_POINT('',#15316);
#15316 = CARTESIAN_POINT('',(12.51,21.720458146425,41.658458146424));
#15317 = LINE('',#15318,#15319);
#15318 = CARTESIAN_POINT('',(-12.49,21.720458146425,41.658458146424));
#15319 = VECTOR('',#15320,1.);
#15320 = DIRECTION('',(1.,-7.114481453411E-17,7.114481453411E-17));
#15321 = ORIENTED_EDGE('',*,*,#15193,.T.);
#15322 = ORIENTED_EDGE('',*,*,#15256,.T.);
#15323 = ORIENTED_EDGE('',*,*,#15324,.F.);
#15324 = EDGE_CURVE('',#15315,#15249,#15325,.T.);
#15325 = LINE('',#15326,#15327);
#15326 = CARTESIAN_POINT('',(12.51,21.720458146425,41.658458146424));
#15327 = VECTOR('',#15328,1.);
#15328 = DIRECTION('',(7.114481453411E-17,1.,-2.22044604925E-16));
#15329 = PLANE('',#15330);
#15330 = AXIS2_PLACEMENT_3D('',#15331,#15332,#15333);
#15331 = CARTESIAN_POINT('',(-12.49,21.720458146425,41.658458146424));
#15332 = DIRECTION('',(7.114481453411E-17,-2.22044604925E-16,-1.));
#15333 = DIRECTION('',(7.114481453411E-17,1.,-2.22044604925E-16));
#15334 = ADVANCED_FACE('',(#15335,#15346,#15357,#15368,#15379),#15390,
  .F.);
#15335 = FACE_BOUND('',#15336,.F.);
#15336 = EDGE_LOOP('',(#15337,#15338,#15339,#15345));
#15337 = ORIENTED_EDGE('',*,*,#15185,.F.);
#15338 = ORIENTED_EDGE('',*,*,#15215,.T.);
#15339 = ORIENTED_EDGE('',*,*,#15340,.T.);
#15340 = EDGE_CURVE('',#15216,#15315,#15341,.T.);
#15341 = LINE('',#15342,#15343);
#15342 = CARTESIAN_POINT('',(12.51,21.720458146425,65.520458146424));
#15343 = VECTOR('',#15344,1.);
#15344 = DIRECTION('',(7.114481453411E-17,-2.22044604925E-16,-1.));
#15345 = ORIENTED_EDGE('',*,*,#15314,.F.);
#15346 = FACE_BOUND('',#15347,.F.);
#15347 = EDGE_LOOP('',(#15348));
#15348 = ORIENTED_EDGE('',*,*,#15349,.T.);
#15349 = EDGE_CURVE('',#15350,#15350,#15352,.T.);
#15350 = VERTEX_POINT('',#15351);
#15351 = CARTESIAN_POINT('',(-9.39,21.720458146425,63.520458146424));
#15352 = CIRCLE('',#15353,1.1);
#15353 = AXIS2_PLACEMENT_3D('',#15354,#15355,#15356);
#15354 = CARTESIAN_POINT('',(-10.49,21.720458146425,63.520458146424));
#15355 = DIRECTION('',(-7.114481453411E-17,-1.,2.22044604925E-16));
#15356 = DIRECTION('',(1.,-7.114481453411E-17,7.114481453411E-17));
#15357 = FACE_BOUND('',#15358,.F.);
#15358 = EDGE_LOOP('',(#15359));
#15359 = ORIENTED_EDGE('',*,*,#15360,.T.);
#15360 = EDGE_CURVE('',#15361,#15361,#15363,.T.);
#15361 = VERTEX_POINT('',#15362);
#15362 = CARTESIAN_POINT('',(11.59,21.720458146425,63.520458146424));
#15363 = CIRCLE('',#15364,1.1);
#15364 = AXIS2_PLACEMENT_3D('',#15365,#15366,#15367);
#15365 = CARTESIAN_POINT('',(10.49,21.720458146425,63.520458146424));
#15366 = DIRECTION('',(-7.114481453411E-17,-1.,2.22044604925E-16));
#15367 = DIRECTION('',(1.,-7.114481453411E-17,7.114481453411E-17));
#15368 = FACE_BOUND('',#15369,.F.);
#15369 = EDGE_LOOP('',(#15370));
#15370 = ORIENTED_EDGE('',*,*,#15371,.T.);
#15371 = EDGE_CURVE('',#15372,#15372,#15374,.T.);
#15372 = VERTEX_POINT('',#15373);
#15373 = CARTESIAN_POINT('',(-9.39,21.720458146425,51.000458146424));
#15374 = CIRCLE('',#15375,1.1);
#15375 = AXIS2_PLACEMENT_3D('',#15376,#15377,#15378);
#15376 = CARTESIAN_POINT('',(-10.49,21.720458146425,51.000458146424));
#15377 = DIRECTION('',(-7.114481453411E-17,-1.,2.22044604925E-16));
#15378 = DIRECTION('',(1.,-7.114481453411E-17,7.114481453411E-17));
#15379 = FACE_BOUND('',#15380,.F.);
#15380 = EDGE_LOOP('',(#15381));
#15381 = ORIENTED_EDGE('',*,*,#15382,.T.);
#15382 = EDGE_CURVE('',#15383,#15383,#15385,.T.);
#15383 = VERTEX_POINT('',#15384);
#15384 = CARTESIAN_POINT('',(11.59,21.720458146425,51.000458146424));
#15385 = CIRCLE('',#15386,1.1);
#15386 = AXIS2_PLACEMENT_3D('',#15387,#15388,#15389);
#15387 = CARTESIAN_POINT('',(10.49,21.720458146425,51.000458146424));
#15388 = DIRECTION('',(-7.114481453411E-17,-1.,2.22044604925E-16));
#15389 = DIRECTION('',(1.,-7.114481453411E-17,7.114481453411E-17));
#15390 = PLANE('',#15391);
#15391 = AXIS2_PLACEMENT_3D('',#15392,#15393,#15394);
#15392 = CARTESIAN_POINT('',(-12.49,21.720458146425,65.520458146424));
#15393 = DIRECTION('',(7.114481453411E-17,1.,-2.22044604925E-16));
#15394 = DIRECTION('',(1.,-7.114481453411E-17,7.114481453411E-17));
#15395 = ADVANCED_FACE('',(#15396),#15402,.T.);
#15396 = FACE_BOUND('',#15397,.T.);
#15397 = EDGE_LOOP('',(#15398,#15399,#15400,#15401));
#15398 = ORIENTED_EDGE('',*,*,#15232,.F.);
#15399 = ORIENTED_EDGE('',*,*,#15340,.T.);
#15400 = ORIENTED_EDGE('',*,*,#15324,.T.);
#15401 = ORIENTED_EDGE('',*,*,#15248,.F.);
#15402 = PLANE('',#15403);
#15403 = AXIS2_PLACEMENT_3D('',#15404,#15405,#15406);
#15404 = CARTESIAN_POINT('',(12.51,21.720458146425,65.520458146424));
#15405 = DIRECTION('',(1.,-7.114481453411E-17,7.114481453411E-17));
#15406 = DIRECTION('',(7.114481453411E-17,1.,-2.22044604925E-16));
#15407 = ADVANCED_FACE('',(#15408),#15419,.F.);
#15408 = FACE_BOUND('',#15409,.T.);
#15409 = EDGE_LOOP('',(#15410,#15411,#15417,#15418));
#15410 = ORIENTED_EDGE('',*,*,#15349,.T.);
#15411 = ORIENTED_EDGE('',*,*,#15412,.T.);
#15412 = EDGE_CURVE('',#15350,#15265,#15413,.T.);
#15413 = LINE('',#15414,#15415);
#15414 = CARTESIAN_POINT('',(-9.39,20.720458146425,63.520458146424));
#15415 = VECTOR('',#15416,1.);
#15416 = DIRECTION('',(7.114481453411E-17,1.,-2.22044604925E-16));
#15417 = ORIENTED_EDGE('',*,*,#15264,.F.);
#15418 = ORIENTED_EDGE('',*,*,#15412,.F.);
#15419 = CYLINDRICAL_SURFACE('',#15420,1.1);
#15420 = AXIS2_PLACEMENT_3D('',#15421,#15422,#15423);
#15421 = CARTESIAN_POINT('',(-10.49,20.720458146425,63.520458146424));
#15422 = DIRECTION('',(-7.114481453411E-17,-1.,2.22044604925E-16));
#15423 = DIRECTION('',(1.,-7.114481453411E-17,7.114481453411E-17));
#15424 = ADVANCED_FACE('',(#15425),#15436,.F.);
#15425 = FACE_BOUND('',#15426,.T.);
#15426 = EDGE_LOOP('',(#15427,#15428,#15434,#15435));
#15427 = ORIENTED_EDGE('',*,*,#15360,.T.);
#15428 = ORIENTED_EDGE('',*,*,#15429,.T.);
#15429 = EDGE_CURVE('',#15361,#15276,#15430,.T.);
#15430 = LINE('',#15431,#15432);
#15431 = CARTESIAN_POINT('',(11.59,20.720458146425,63.520458146424));
#15432 = VECTOR('',#15433,1.);
#15433 = DIRECTION('',(7.114481453411E-17,1.,-2.22044604925E-16));
#15434 = ORIENTED_EDGE('',*,*,#15275,.F.);
#15435 = ORIENTED_EDGE('',*,*,#15429,.F.);
#15436 = CYLINDRICAL_SURFACE('',#15437,1.1);
#15437 = AXIS2_PLACEMENT_3D('',#15438,#15439,#15440);
#15438 = CARTESIAN_POINT('',(10.49,20.720458146425,63.520458146424));
#15439 = DIRECTION('',(-7.114481453411E-17,-1.,2.22044604925E-16));
#15440 = DIRECTION('',(1.,-7.114481453411E-17,7.114481453411E-17));
#15441 = ADVANCED_FACE('',(#15442),#15453,.F.);
#15442 = FACE_BOUND('',#15443,.T.);
#15443 = EDGE_LOOP('',(#15444,#15445,#15451,#15452));
#15444 = ORIENTED_EDGE('',*,*,#15371,.T.);
#15445 = ORIENTED_EDGE('',*,*,#15446,.T.);
#15446 = EDGE_CURVE('',#15372,#15287,#15447,.T.);
#15447 = LINE('',#15448,#15449);
#15448 = CARTESIAN_POINT('',(-9.39,20.720458146425,51.000458146424));
#15449 = VECTOR('',#15450,1.);
#15450 = DIRECTION('',(7.114481453411E-17,1.,-2.22044604925E-16));
#15451 = ORIENTED_EDGE('',*,*,#15286,.F.);
#15452 = ORIENTED_EDGE('',*,*,#15446,.F.);
#15453 = CYLINDRICAL_SURFACE('',#15454,1.1);
#15454 = AXIS2_PLACEMENT_3D('',#15455,#15456,#15457);
#15455 = CARTESIAN_POINT('',(-10.49,20.720458146425,51.000458146424));
#15456 = DIRECTION('',(-7.114481453411E-17,-1.,2.22044604925E-16));
#15457 = DIRECTION('',(1.,-7.114481453411E-17,7.114481453411E-17));
#15458 = ADVANCED_FACE('',(#15459),#15470,.F.);
#15459 = FACE_BOUND('',#15460,.T.);
#15460 = EDGE_LOOP('',(#15461,#15462,#15468,#15469));
#15461 = ORIENTED_EDGE('',*,*,#15382,.T.);
#15462 = ORIENTED_EDGE('',*,*,#15463,.T.);
#15463 = EDGE_CURVE('',#15383,#15298,#15464,.T.);
#15464 = LINE('',#15465,#15466);
#15465 = CARTESIAN_POINT('',(11.59,20.720458146425,51.000458146424));
#15466 = VECTOR('',#15467,1.);
#15467 = DIRECTION('',(7.114481453411E-17,1.,-2.22044604925E-16));
#15468 = ORIENTED_EDGE('',*,*,#15297,.F.);
#15469 = ORIENTED_EDGE('',*,*,#15463,.F.);
#15470 = CYLINDRICAL_SURFACE('',#15471,1.1);
#15471 = AXIS2_PLACEMENT_3D('',#15472,#15473,#15474);
#15472 = CARTESIAN_POINT('',(10.49,20.720458146425,51.000458146424));
#15473 = DIRECTION('',(-7.114481453411E-17,-1.,2.22044604925E-16));
#15474 = DIRECTION('',(1.,-7.114481453411E-17,7.114481453411E-17));
#15475 = MANIFOLD_SOLID_BREP('',#15476);
#15476 = CLOSED_SHELL('',(#15477,#15517,#15557,#15579,#15601,#15613));
#15477 = ADVANCED_FACE('',(#15478),#15512,.F.);
#15478 = FACE_BOUND('',#15479,.F.);
#15479 = EDGE_LOOP('',(#15480,#15490,#15498,#15506));
#15480 = ORIENTED_EDGE('',*,*,#15481,.F.);
#15481 = EDGE_CURVE('',#15482,#15484,#15486,.T.);
#15482 = VERTEX_POINT('',#15483);
#15483 = CARTESIAN_POINT('',(-4.25,22.720458146425,55.370458146424));
#15484 = VERTEX_POINT('',#15485);
#15485 = CARTESIAN_POINT('',(-4.25,26.220458146425,55.370458146424));
#15486 = LINE('',#15487,#15488);
#15487 = CARTESIAN_POINT('',(-4.25,22.720458146425,55.370458146424));
#15488 = VECTOR('',#15489,1.);
#15489 = DIRECTION('',(7.114481453411E-17,1.,-2.22044604925E-16));
#15490 = ORIENTED_EDGE('',*,*,#15491,.T.);
#15491 = EDGE_CURVE('',#15482,#15492,#15494,.T.);
#15492 = VERTEX_POINT('',#15493);
#15493 = CARTESIAN_POINT('',(-4.25,22.720458146425,46.870458146424));
#15494 = LINE('',#15495,#15496);
#15495 = CARTESIAN_POINT('',(-4.25,22.720458146425,55.370458146424));
#15496 = VECTOR('',#15497,1.);
#15497 = DIRECTION('',(7.114481453411E-17,-2.22044604925E-16,-1.));
#15498 = ORIENTED_EDGE('',*,*,#15499,.T.);
#15499 = EDGE_CURVE('',#15492,#15500,#15502,.T.);
#15500 = VERTEX_POINT('',#15501);
#15501 = CARTESIAN_POINT('',(-4.25,26.220458146425,46.870458146424));
#15502 = LINE('',#15503,#15504);
#15503 = CARTESIAN_POINT('',(-4.25,22.720458146425,46.870458146424));
#15504 = VECTOR('',#15505,1.);
#15505 = DIRECTION('',(7.114481453411E-17,1.,-2.22044604925E-16));
#15506 = ORIENTED_EDGE('',*,*,#15507,.F.);
#15507 = EDGE_CURVE('',#15484,#15500,#15508,.T.);
#15508 = LINE('',#15509,#15510);
#15509 = CARTESIAN_POINT('',(-4.25,26.220458146425,55.370458146424));
#15510 = VECTOR('',#15511,1.);
#15511 = DIRECTION('',(7.114481453411E-17,-2.22044604925E-16,-1.));
#15512 = PLANE('',#15513);
#15513 = AXIS2_PLACEMENT_3D('',#15514,#15515,#15516);
#15514 = CARTESIAN_POINT('',(-4.25,22.720458146425,55.370458146424));
#15515 = DIRECTION('',(1.,-7.114481453411E-17,7.114481453411E-17));
#15516 = DIRECTION('',(7.114481453411E-17,1.,-2.22044604925E-16));
#15517 = ADVANCED_FACE('',(#15518),#15552,.T.);
#15518 = FACE_BOUND('',#15519,.T.);
#15519 = EDGE_LOOP('',(#15520,#15530,#15538,#15546));
#15520 = ORIENTED_EDGE('',*,*,#15521,.F.);
#15521 = EDGE_CURVE('',#15522,#15524,#15526,.T.);
#15522 = VERTEX_POINT('',#15523);
#15523 = CARTESIAN_POINT('',(4.25,22.720458146425,55.370458146424));
#15524 = VERTEX_POINT('',#15525);
#15525 = CARTESIAN_POINT('',(4.25,26.220458146425,55.370458146424));
#15526 = LINE('',#15527,#15528);
#15527 = CARTESIAN_POINT('',(4.25,22.720458146425,55.370458146424));
#15528 = VECTOR('',#15529,1.);
#15529 = DIRECTION('',(7.114481453411E-17,1.,-2.22044604925E-16));
#15530 = ORIENTED_EDGE('',*,*,#15531,.T.);
#15531 = EDGE_CURVE('',#15522,#15532,#15534,.T.);
#15532 = VERTEX_POINT('',#15533);
#15533 = CARTESIAN_POINT('',(4.25,22.720458146425,46.870458146424));
#15534 = LINE('',#15535,#15536);
#15535 = CARTESIAN_POINT('',(4.25,22.720458146425,55.370458146424));
#15536 = VECTOR('',#15537,1.);
#15537 = DIRECTION('',(7.114481453411E-17,-2.22044604925E-16,-1.));
#15538 = ORIENTED_EDGE('',*,*,#15539,.T.);
#15539 = EDGE_CURVE('',#15532,#15540,#15542,.T.);
#15540 = VERTEX_POINT('',#15541);
#15541 = CARTESIAN_POINT('',(4.25,26.220458146425,46.870458146424));
#15542 = LINE('',#15543,#15544);
#15543 = CARTESIAN_POINT('',(4.25,22.720458146425,46.870458146424));
#15544 = VECTOR('',#15545,1.);
#15545 = DIRECTION('',(7.114481453411E-17,1.,-2.22044604925E-16));
#15546 = ORIENTED_EDGE('',*,*,#15547,.F.);
#15547 = EDGE_CURVE('',#15524,#15540,#15548,.T.);
#15548 = LINE('',#15549,#15550);
#15549 = CARTESIAN_POINT('',(4.25,26.220458146425,55.370458146424));
#15550 = VECTOR('',#15551,1.);
#15551 = DIRECTION('',(7.114481453411E-17,-2.22044604925E-16,-1.));
#15552 = PLANE('',#15553);
#15553 = AXIS2_PLACEMENT_3D('',#15554,#15555,#15556);
#15554 = CARTESIAN_POINT('',(4.25,22.720458146425,55.370458146424));
#15555 = DIRECTION('',(1.,-7.114481453411E-17,7.114481453411E-17));
#15556 = DIRECTION('',(7.114481453411E-17,1.,-2.22044604925E-16));
#15557 = ADVANCED_FACE('',(#15558),#15574,.F.);
#15558 = FACE_BOUND('',#15559,.F.);
#15559 = EDGE_LOOP('',(#15560,#15566,#15567,#15573));
#15560 = ORIENTED_EDGE('',*,*,#15561,.F.);
#15561 = EDGE_CURVE('',#15482,#15522,#15562,.T.);
#15562 = LINE('',#15563,#15564);
#15563 = CARTESIAN_POINT('',(-4.25,22.720458146425,55.370458146424));
#15564 = VECTOR('',#15565,1.);
#15565 = DIRECTION('',(1.,-7.114481453411E-17,7.114481453411E-17));
#15566 = ORIENTED_EDGE('',*,*,#15481,.T.);
#15567 = ORIENTED_EDGE('',*,*,#15568,.T.);
#15568 = EDGE_CURVE('',#15484,#15524,#15569,.T.);
#15569 = LINE('',#15570,#15571);
#15570 = CARTESIAN_POINT('',(-4.25,26.220458146425,55.370458146424));
#15571 = VECTOR('',#15572,1.);
#15572 = DIRECTION('',(1.,-7.114481453411E-17,7.114481453411E-17));
#15573 = ORIENTED_EDGE('',*,*,#15521,.F.);
#15574 = PLANE('',#15575);
#15575 = AXIS2_PLACEMENT_3D('',#15576,#15577,#15578);
#15576 = CARTESIAN_POINT('',(-4.25,22.720458146425,55.370458146424));
#15577 = DIRECTION('',(7.114481453411E-17,-2.22044604925E-16,-1.));
#15578 = DIRECTION('',(7.114481453411E-17,1.,-2.22044604925E-16));
#15579 = ADVANCED_FACE('',(#15580),#15596,.T.);
#15580 = FACE_BOUND('',#15581,.T.);
#15581 = EDGE_LOOP('',(#15582,#15588,#15589,#15595));
#15582 = ORIENTED_EDGE('',*,*,#15583,.F.);
#15583 = EDGE_CURVE('',#15492,#15532,#15584,.T.);
#15584 = LINE('',#15585,#15586);
#15585 = CARTESIAN_POINT('',(-4.25,22.720458146425,46.870458146424));
#15586 = VECTOR('',#15587,1.);
#15587 = DIRECTION('',(1.,-7.114481453411E-17,7.114481453411E-17));
#15588 = ORIENTED_EDGE('',*,*,#15499,.T.);
#15589 = ORIENTED_EDGE('',*,*,#15590,.T.);
#15590 = EDGE_CURVE('',#15500,#15540,#15591,.T.);
#15591 = LINE('',#15592,#15593);
#15592 = CARTESIAN_POINT('',(-4.25,26.220458146425,46.870458146424));
#15593 = VECTOR('',#15594,1.);
#15594 = DIRECTION('',(1.,-7.114481453411E-17,7.114481453411E-17));
#15595 = ORIENTED_EDGE('',*,*,#15539,.F.);
#15596 = PLANE('',#15597);
#15597 = AXIS2_PLACEMENT_3D('',#15598,#15599,#15600);
#15598 = CARTESIAN_POINT('',(-4.25,22.720458146425,46.870458146424));
#15599 = DIRECTION('',(7.114481453411E-17,-2.22044604925E-16,-1.));
#15600 = DIRECTION('',(7.114481453411E-17,1.,-2.22044604925E-16));
#15601 = ADVANCED_FACE('',(#15602),#15608,.F.);
#15602 = FACE_BOUND('',#15603,.F.);
#15603 = EDGE_LOOP('',(#15604,#15605,#15606,#15607));
#15604 = ORIENTED_EDGE('',*,*,#15491,.F.);
#15605 = ORIENTED_EDGE('',*,*,#15561,.T.);
#15606 = ORIENTED_EDGE('',*,*,#15531,.T.);
#15607 = ORIENTED_EDGE('',*,*,#15583,.F.);
#15608 = PLANE('',#15609);
#15609 = AXIS2_PLACEMENT_3D('',#15610,#15611,#15612);
#15610 = CARTESIAN_POINT('',(-4.25,22.720458146425,55.370458146424));
#15611 = DIRECTION('',(7.114481453411E-17,1.,-2.22044604925E-16));
#15612 = DIRECTION('',(1.,-7.114481453411E-17,7.114481453411E-17));
#15613 = ADVANCED_FACE('',(#15614),#15620,.T.);
#15614 = FACE_BOUND('',#15615,.T.);
#15615 = EDGE_LOOP('',(#15616,#15617,#15618,#15619));
#15616 = ORIENTED_EDGE('',*,*,#15507,.F.);
#15617 = ORIENTED_EDGE('',*,*,#15568,.T.);
#15618 = ORIENTED_EDGE('',*,*,#15547,.T.);
#15619 = ORIENTED_EDGE('',*,*,#15590,.F.);
#15620 = PLANE('',#15621);
#15621 = AXIS2_PLACEMENT_3D('',#15622,#15623,#15624);
#15622 = CARTESIAN_POINT('',(-4.25,26.220458146425,55.370458146424));
#15623 = DIRECTION('',(7.114481453411E-17,1.,-2.22044604925E-16));
#15624 = DIRECTION('',(1.,-7.114481453411E-17,7.114481453411E-17));
#15625 = MANIFOLD_SOLID_BREP('',#15626);
#15626 = CLOSED_SHELL('',(#15627,#15660,#15669));
#15627 = ADVANCED_FACE('',(#15628),#15655,.T.);
#15628 = FACE_BOUND('',#15629,.F.);
#15629 = EDGE_LOOP('',(#15630,#15640,#15647,#15648));
#15630 = ORIENTED_EDGE('',*,*,#15631,.T.);
#15631 = EDGE_CURVE('',#15632,#15634,#15636,.T.);
#15632 = VERTEX_POINT('',#15633);
#15633 = CARTESIAN_POINT('',(2.8,26.220458146425,51.120458146424));
#15634 = VERTEX_POINT('',#15635);
#15635 = CARTESIAN_POINT('',(2.8,27.420458146425,51.120458146424));
#15636 = LINE('',#15637,#15638);
#15637 = CARTESIAN_POINT('',(2.8,26.220458146425,51.120458146424));
#15638 = VECTOR('',#15639,1.);
#15639 = DIRECTION('',(7.114481453411E-17,1.,-2.22044604925E-16));
#15640 = ORIENTED_EDGE('',*,*,#15641,.T.);
#15641 = EDGE_CURVE('',#15634,#15634,#15642,.T.);
#15642 = CIRCLE('',#15643,2.8);
#15643 = AXIS2_PLACEMENT_3D('',#15644,#15645,#15646);
#15644 = CARTESIAN_POINT('',(3.070060701945E-15,27.420458146425,
    51.120458146424));
#15645 = DIRECTION('',(7.114481453411E-17,1.,-2.22044604925E-16));
#15646 = DIRECTION('',(1.,-7.114481453411E-17,7.114481453411E-17));
#15647 = ORIENTED_EDGE('',*,*,#15631,.F.);
#15648 = ORIENTED_EDGE('',*,*,#15649,.F.);
#15649 = EDGE_CURVE('',#15632,#15632,#15650,.T.);
#15650 = CIRCLE('',#15651,2.8);
#15651 = AXIS2_PLACEMENT_3D('',#15652,#15653,#15654);
#15652 = CARTESIAN_POINT('',(2.984686924504E-15,26.220458146425,
    51.120458146424));
#15653 = DIRECTION('',(7.114481453411E-17,1.,-2.22044604925E-16));
#15654 = DIRECTION('',(1.,-7.114481453411E-17,7.114481453411E-17));
#15655 = CYLINDRICAL_SURFACE('',#15656,2.8);
#15656 = AXIS2_PLACEMENT_3D('',#15657,#15658,#15659);
#15657 = CARTESIAN_POINT('',(2.984686924504E-15,26.220458146425,
    51.120458146424));
#15658 = DIRECTION('',(-7.114481453411E-17,-1.,2.22044604925E-16));
#15659 = DIRECTION('',(1.,-7.114481453411E-17,7.114481453411E-17));
#15660 = ADVANCED_FACE('',(#15661),#15664,.F.);
#15661 = FACE_BOUND('',#15662,.T.);
#15662 = EDGE_LOOP('',(#15663));
#15663 = ORIENTED_EDGE('',*,*,#15649,.F.);
#15664 = PLANE('',#15665);
#15665 = AXIS2_PLACEMENT_3D('',#15666,#15667,#15668);
#15666 = CARTESIAN_POINT('',(2.984686924504E-15,26.220458146425,
    51.120458146424));
#15667 = DIRECTION('',(7.114481453411E-17,1.,-2.22044604925E-16));
#15668 = DIRECTION('',(1.,-7.114481453411E-17,7.114481453411E-17));
#15669 = ADVANCED_FACE('',(#15670),#15673,.T.);
#15670 = FACE_BOUND('',#15671,.F.);
#15671 = EDGE_LOOP('',(#15672));
#15672 = ORIENTED_EDGE('',*,*,#15641,.F.);
#15673 = PLANE('',#15674);
#15674 = AXIS2_PLACEMENT_3D('',#15675,#15676,#15677);
#15675 = CARTESIAN_POINT('',(3.070060701945E-15,27.420458146425,
    51.120458146424));
#15676 = DIRECTION('',(7.114481453411E-17,1.,-2.22044604925E-16));
#15677 = DIRECTION('',(1.,-7.114481453411E-17,7.114481453411E-17));
#15678 = MANIFOLD_SOLID_BREP('',#15679);
#15679 = CLOSED_SHELL('',(#15680,#15720,#15760,#15782,#15804,#15816));
#15680 = ADVANCED_FACE('',(#15681),#15715,.F.);
#15681 = FACE_BOUND('',#15682,.F.);
#15682 = EDGE_LOOP('',(#15683,#15693,#15701,#15709));
#15683 = ORIENTED_EDGE('',*,*,#15684,.F.);
#15684 = EDGE_CURVE('',#15685,#15687,#15689,.T.);
#15685 = VERTEX_POINT('',#15686);
#15686 = CARTESIAN_POINT('',(-10.44,19.020458146425,47.190458146424));
#15687 = VERTEX_POINT('',#15688);
#15688 = CARTESIAN_POINT('',(-10.44,21.720458146425,47.190458146424));
#15689 = LINE('',#15690,#15691);
#15690 = CARTESIAN_POINT('',(-10.44,19.020458146425,47.190458146424));
#15691 = VECTOR('',#15692,1.);
#15692 = DIRECTION('',(7.114481453411E-17,1.,-2.22044604925E-16));
#15693 = ORIENTED_EDGE('',*,*,#15694,.T.);
#15694 = EDGE_CURVE('',#15685,#15695,#15697,.T.);
#15695 = VERTEX_POINT('',#15696);
#15696 = CARTESIAN_POINT('',(-10.44,19.020458146425,41.670458146424));
#15697 = LINE('',#15698,#15699);
#15698 = CARTESIAN_POINT('',(-10.44,19.020458146425,47.190458146424));
#15699 = VECTOR('',#15700,1.);
#15700 = DIRECTION('',(7.114481453411E-17,-2.22044604925E-16,-1.));
#15701 = ORIENTED_EDGE('',*,*,#15702,.T.);
#15702 = EDGE_CURVE('',#15695,#15703,#15705,.T.);
#15703 = VERTEX_POINT('',#15704);
#15704 = CARTESIAN_POINT('',(-10.44,21.720458146425,41.670458146424));
#15705 = LINE('',#15706,#15707);
#15706 = CARTESIAN_POINT('',(-10.44,19.020458146425,41.670458146424));
#15707 = VECTOR('',#15708,1.);
#15708 = DIRECTION('',(7.114481453411E-17,1.,-2.22044604925E-16));
#15709 = ORIENTED_EDGE('',*,*,#15710,.F.);
#15710 = EDGE_CURVE('',#15687,#15703,#15711,.T.);
#15711 = LINE('',#15712,#15713);
#15712 = CARTESIAN_POINT('',(-10.44,21.720458146425,47.190458146424));
#15713 = VECTOR('',#15714,1.);
#15714 = DIRECTION('',(7.114481453411E-17,-2.22044604925E-16,-1.));
#15715 = PLANE('',#15716);
#15716 = AXIS2_PLACEMENT_3D('',#15717,#15718,#15719);
#15717 = CARTESIAN_POINT('',(-10.44,19.020458146425,47.190458146424));
#15718 = DIRECTION('',(1.,-7.114481453411E-17,7.114481453411E-17));
#15719 = DIRECTION('',(7.114481453411E-17,1.,-2.22044604925E-16));
#15720 = ADVANCED_FACE('',(#15721),#15755,.T.);
#15721 = FACE_BOUND('',#15722,.T.);
#15722 = EDGE_LOOP('',(#15723,#15733,#15741,#15749));
#15723 = ORIENTED_EDGE('',*,*,#15724,.F.);
#15724 = EDGE_CURVE('',#15725,#15727,#15729,.T.);
#15725 = VERTEX_POINT('',#15726);
#15726 = CARTESIAN_POINT('',(10.44,19.020458146425,47.190458146424));
#15727 = VERTEX_POINT('',#15728);
#15728 = CARTESIAN_POINT('',(10.44,21.720458146425,47.190458146424));
#15729 = LINE('',#15730,#15731);
#15730 = CARTESIAN_POINT('',(10.44,19.020458146425,47.190458146424));
#15731 = VECTOR('',#15732,1.);
#15732 = DIRECTION('',(7.114481453411E-17,1.,-2.22044604925E-16));
#15733 = ORIENTED_EDGE('',*,*,#15734,.T.);
#15734 = EDGE_CURVE('',#15725,#15735,#15737,.T.);
#15735 = VERTEX_POINT('',#15736);
#15736 = CARTESIAN_POINT('',(10.44,19.020458146425,41.670458146424));
#15737 = LINE('',#15738,#15739);
#15738 = CARTESIAN_POINT('',(10.44,19.020458146425,47.190458146424));
#15739 = VECTOR('',#15740,1.);
#15740 = DIRECTION('',(7.114481453411E-17,-2.22044604925E-16,-1.));
#15741 = ORIENTED_EDGE('',*,*,#15742,.T.);
#15742 = EDGE_CURVE('',#15735,#15743,#15745,.T.);
#15743 = VERTEX_POINT('',#15744);
#15744 = CARTESIAN_POINT('',(10.44,21.720458146425,41.670458146424));
#15745 = LINE('',#15746,#15747);
#15746 = CARTESIAN_POINT('',(10.44,19.020458146425,41.670458146424));
#15747 = VECTOR('',#15748,1.);
#15748 = DIRECTION('',(7.114481453411E-17,1.,-2.22044604925E-16));
#15749 = ORIENTED_EDGE('',*,*,#15750,.F.);
#15750 = EDGE_CURVE('',#15727,#15743,#15751,.T.);
#15751 = LINE('',#15752,#15753);
#15752 = CARTESIAN_POINT('',(10.44,21.720458146425,47.190458146424));
#15753 = VECTOR('',#15754,1.);
#15754 = DIRECTION('',(7.114481453411E-17,-2.22044604925E-16,-1.));
#15755 = PLANE('',#15756);
#15756 = AXIS2_PLACEMENT_3D('',#15757,#15758,#15759);
#15757 = CARTESIAN_POINT('',(10.44,19.020458146425,47.190458146424));
#15758 = DIRECTION('',(1.,-7.114481453411E-17,7.114481453411E-17));
#15759 = DIRECTION('',(7.114481453411E-17,1.,-2.22044604925E-16));
#15760 = ADVANCED_FACE('',(#15761),#15777,.F.);
#15761 = FACE_BOUND('',#15762,.F.);
#15762 = EDGE_LOOP('',(#15763,#15769,#15770,#15776));
#15763 = ORIENTED_EDGE('',*,*,#15764,.F.);
#15764 = EDGE_CURVE('',#15685,#15725,#15765,.T.);
#15765 = LINE('',#15766,#15767);
#15766 = CARTESIAN_POINT('',(-10.44,19.020458146425,47.190458146424));
#15767 = VECTOR('',#15768,1.);
#15768 = DIRECTION('',(1.,-7.114481453411E-17,7.114481453411E-17));
#15769 = ORIENTED_EDGE('',*,*,#15684,.T.);
#15770 = ORIENTED_EDGE('',*,*,#15771,.T.);
#15771 = EDGE_CURVE('',#15687,#15727,#15772,.T.);
#15772 = LINE('',#15773,#15774);
#15773 = CARTESIAN_POINT('',(-10.44,21.720458146425,47.190458146424));
#15774 = VECTOR('',#15775,1.);
#15775 = DIRECTION('',(1.,-7.114481453411E-17,7.114481453411E-17));
#15776 = ORIENTED_EDGE('',*,*,#15724,.F.);
#15777 = PLANE('',#15778);
#15778 = AXIS2_PLACEMENT_3D('',#15779,#15780,#15781);
#15779 = CARTESIAN_POINT('',(-10.44,19.020458146425,47.190458146424));
#15780 = DIRECTION('',(7.114481453411E-17,-2.22044604925E-16,-1.));
#15781 = DIRECTION('',(7.114481453411E-17,1.,-2.22044604925E-16));
#15782 = ADVANCED_FACE('',(#15783),#15799,.T.);
#15783 = FACE_BOUND('',#15784,.T.);
#15784 = EDGE_LOOP('',(#15785,#15791,#15792,#15798));
#15785 = ORIENTED_EDGE('',*,*,#15786,.F.);
#15786 = EDGE_CURVE('',#15695,#15735,#15787,.T.);
#15787 = LINE('',#15788,#15789);
#15788 = CARTESIAN_POINT('',(-10.44,19.020458146425,41.670458146424));
#15789 = VECTOR('',#15790,1.);
#15790 = DIRECTION('',(1.,-7.114481453411E-17,7.114481453411E-17));
#15791 = ORIENTED_EDGE('',*,*,#15702,.T.);
#15792 = ORIENTED_EDGE('',*,*,#15793,.T.);
#15793 = EDGE_CURVE('',#15703,#15743,#15794,.T.);
#15794 = LINE('',#15795,#15796);
#15795 = CARTESIAN_POINT('',(-10.44,21.720458146425,41.670458146424));
#15796 = VECTOR('',#15797,1.);
#15797 = DIRECTION('',(1.,-7.114481453411E-17,7.114481453411E-17));
#15798 = ORIENTED_EDGE('',*,*,#15742,.F.);
#15799 = PLANE('',#15800);
#15800 = AXIS2_PLACEMENT_3D('',#15801,#15802,#15803);
#15801 = CARTESIAN_POINT('',(-10.44,19.020458146425,41.670458146424));
#15802 = DIRECTION('',(7.114481453411E-17,-2.22044604925E-16,-1.));
#15803 = DIRECTION('',(7.114481453411E-17,1.,-2.22044604925E-16));
#15804 = ADVANCED_FACE('',(#15805),#15811,.F.);
#15805 = FACE_BOUND('',#15806,.F.);
#15806 = EDGE_LOOP('',(#15807,#15808,#15809,#15810));
#15807 = ORIENTED_EDGE('',*,*,#15694,.F.);
#15808 = ORIENTED_EDGE('',*,*,#15764,.T.);
#15809 = ORIENTED_EDGE('',*,*,#15734,.T.);
#15810 = ORIENTED_EDGE('',*,*,#15786,.F.);
#15811 = PLANE('',#15812);
#15812 = AXIS2_PLACEMENT_3D('',#15813,#15814,#15815);
#15813 = CARTESIAN_POINT('',(-10.44,19.020458146425,47.190458146424));
#15814 = DIRECTION('',(7.114481453411E-17,1.,-2.22044604925E-16));
#15815 = DIRECTION('',(1.,-7.114481453411E-17,7.114481453411E-17));
#15816 = ADVANCED_FACE('',(#15817),#15823,.T.);
#15817 = FACE_BOUND('',#15818,.T.);
#15818 = EDGE_LOOP('',(#15819,#15820,#15821,#15822));
#15819 = ORIENTED_EDGE('',*,*,#15710,.F.);
#15820 = ORIENTED_EDGE('',*,*,#15771,.T.);
#15821 = ORIENTED_EDGE('',*,*,#15750,.T.);
#15822 = ORIENTED_EDGE('',*,*,#15793,.F.);
#15823 = PLANE('',#15824);
#15824 = AXIS2_PLACEMENT_3D('',#15825,#15826,#15827);
#15825 = CARTESIAN_POINT('',(-10.44,21.720458146425,47.190458146424));
#15826 = DIRECTION('',(7.114481453411E-17,1.,-2.22044604925E-16));
#15827 = DIRECTION('',(1.,-7.114481453411E-17,7.114481453411E-17));
#15828 = ( GEOMETRIC_REPRESENTATION_CONTEXT(3) 
GLOBAL_UNCERTAINTY_ASSIGNED_CONTEXT((#15832)) 
GLOBAL_UNIT_ASSIGNED_CONTEXT((#15829,#15830,#15831)) 
REPRESENTATION_CONTEXT('Context #1',
  '3D Context with UNIT and UNCERTAINTY') );
#15829 = ( LENGTH_UNIT() NAMED_UNIT(*) SI_UNIT(.MILLI.,.METRE.) );
#15830 = ( NAMED_UNIT(*) PLANE_ANGLE_UNIT() SI_UNIT($,.RADIAN.) );
#15831 = ( NAMED_UNIT(*) SI_UNIT($,.STERADIAN.) SOLID_ANGLE_UNIT() );
#15832 = UNCERTAINTY_MEASURE_WITH_UNIT(LENGTH_MEASURE(1.E-07),#15829,
  'distance_accuracy_value','confusion accuracy');
#15833 = CONTEXT_DEPENDENT_SHAPE_REPRESENTATION(#15834,#15836);
#15834 = ( REPRESENTATION_RELATIONSHIP('','',#15168,#10) 
REPRESENTATION_RELATIONSHIP_WITH_TRANSFORMATION(#15835) 
SHAPE_REPRESENTATION_RELATIONSHIP() );
#15835 = ITEM_DEFINED_TRANSFORMATION('','',#11,#107);
#15836 = PRODUCT_DEFINITION_SHAPE('Placement','Placement of an item',
  #15837);
#15837 = NEXT_ASSEMBLY_USAGE_OCCURRENCE('24',
  'Pose camera: Pi NoIR v2 (owned)','',#5,#15163,$);
#15838 = PRODUCT_RELATED_PRODUCT_CATEGORY('part',$,(#15165));
ENDSEC;
END-ISO-10303-21;
